uuid,build_number,state,created_on,completed_on,ref_name,commit_hash
{020e55fd-d55d-46e1-bda0-4b2df20d036a},1,COMPLETED,2020-01-08T20:32:18.116Z,2020-01-08T20:32:57.369Z,master,714c32d21fa5f34f3188c1b7d0e327b16326ee31
{1c76763a-bbe0-4431-9ac0-67c3c79e3b60},2,COMPLETED,2020-01-08T21:03:08.936Z,2020-01-08T21:07:21.67Z,master,c296518b9edbf34498a5fcf6e43cb0c186d97134
{a126e117-05ad-466b-82d7-5f6355bb1a46},3,COMPLETED,2020-01-10T12:39:52.499Z,2020-01-10T12:47:21.169Z,master,9f5ec36c32355238e6dcba73a87c07ecf7865130
{8d3a4854-6a7f-4a79-859e-f2e6ff7250aa},4,COMPLETED,2020-01-15T18:02:52.944Z,2020-01-15T18:11:07.677Z,master,a45acb4e77301b3a62c719789c5965b387e27491
{db45df4e-44b5-4d11-91b1-1fa6262719ee},5,COMPLETED,2020-01-15T18:18:17.14Z,2020-01-15T18:31:29.139Z,master,dcc0deb1227174b0dd989570339f289d525dfe41
{9e136e55-85f3-42f9-8fc5-2cdfb7313007},6,COMPLETED,2020-01-15T18:52:27.911Z,2020-01-15T18:52:56.531Z,staging,dcc0deb1227174b0dd989570339f289d525dfe41
{fdde5373-7e57-45d0-9700-b39a1ab2e508},7,COMPLETED,2020-01-15T20:55:36.309Z,2020-01-15T20:59:34.209Z,master,1fb5fb08111b51856c46cf7baf0b56dd57788b4b
{259599da-9445-4fae-aae7-1331fef2967f},8,COMPLETED,2020-01-15T21:01:29.33Z,2020-01-15T21:06:19.803Z,staging,1fb5fb08111b51856c46cf7baf0b56dd57788b4b
{de110a51-c667-4749-b2c2-c65296a7e6a3},9,COMPLETED,2020-01-16T13:13:48.505Z,2020-01-16T13:28:13.14Z,production,1fb5fb08111b51856c46cf7baf0b56dd57788b4b
{09d5cfe2-427b-404f-a993-a357f2efd73f},10,COMPLETED,2020-01-16T13:39:21.695Z,2020-01-16T13:43:57.808Z,master,64d55df6e76d420d95adf833f93ec44a3d56da26
{476014b6-23cc-4a0f-a9e3-e2d9f25232f1},11,COMPLETED,2020-01-20T13:52:02.546Z,2020-01-20T13:56:46.369Z,master,c43c341f048b3ab61c05a8a7fd5582cf2d6ca51e
{022d4481-9084-44ba-b997-574299ec1d8f},12,COMPLETED,2020-01-22T15:29:23.934Z,2020-01-22T15:35:32.529Z,master,391f14ad5c051b37ae86b0263f05c2d76ce141b9
{8f687566-9cd8-4a2d-8ea4-816d33dd7e2e},13,COMPLETED,2020-01-22T17:37:08.022Z,2020-01-22T17:43:02.175Z,staging,391f14ad5c051b37ae86b0263f05c2d76ce141b9
{9b57b966-2e7b-4045-b6c4-0447b0a7c56c},14,COMPLETED,2020-01-22T18:39:00.784Z,2020-01-22T18:43:54.005Z,master,791aac59d1abb7ea9a55da424dd16d6f2b501181
{dea9c7bc-17a3-44a9-be5c-6049d1583851},15,COMPLETED,2020-01-22T19:53:00.717Z,2020-01-22T19:57:13.267Z,staging,791aac59d1abb7ea9a55da424dd16d6f2b501181
{3a309642-271a-400f-bae5-bb99b34bea7e},16,COMPLETED,2020-01-23T13:20:02.424Z,2020-01-23T13:24:50.088Z,staging,398b6849634536888559a06b7dc39b99f50bbdf8
{86eca3d9-e2ce-447a-81d0-395360cc206a},17,COMPLETED,2020-01-23T15:07:35.943Z,2020-01-23T15:13:31.333Z,staging,093a6fa71a3ef63f08c18a276142e52719a2fff8
{60d70163-3ac4-43fa-8620-e5f85607a113},18,COMPLETED,2020-01-27T17:31:25.87Z,2020-01-27T17:36:57.965Z,staging,f3299149dc724831b3958530ff949d445f89b801
{9bf5bce0-ddcd-47f6-9299-3eed50cdeaf0},19,COMPLETED,2020-01-27T21:21:33.396Z,2020-01-27T21:21:33.381Z,production,f3299149dc724831b3958530ff949d445f89b801
{81793590-181f-4ec3-ab6f-675f526545f1},20,COMPLETED,2020-01-27T21:26:32.792Z,2020-01-27T21:37:47.208Z,production,0706463d2d234875a9db4f866dca57d8bba276d7
{eb5c002e-5154-4f5f-ba5b-86431015e492},21,COMPLETED,2020-01-28T13:04:02.466Z,2020-01-28T13:08:30.85Z,staging,ec30e9f21622404588468bc56794a433d1f9f496
{9010c897-2288-4340-b070-b6216358048f},22,COMPLETED,2020-01-28T14:51:28.396Z,2020-01-28T14:57:06.451Z,staging,8196041fc706a0917df41b13352c428c1390e4b6
{1f533470-600b-4067-ac31-cb4ec328a858},23,COMPLETED,2020-01-28T17:40:03.519Z,2020-01-28T17:50:06.527Z,production,8196041fc706a0917df41b13352c428c1390e4b6
{a91ce698-e811-4a28-a635-77f63385c9f6},24,COMPLETED,2020-01-30T13:06:08.992Z,2020-01-30T13:11:25.178Z,master,9cfc520c86b90edc9b3de129e59c23f455897648
{bd9c474b-3d0f-458b-aa8e-80ef83d3210d},25,COMPLETED,2020-01-30T14:52:43.785Z,2020-01-30T14:57:34.179Z,master,5d9bae3ed096dd0f306e9506ac15981386e07cb1
{821223b9-aa5e-4d83-93e0-509bf927b4c1},26,COMPLETED,2020-01-30T17:41:42.116Z,2020-01-30T17:47:32.204Z,staging,5d9bae3ed096dd0f306e9506ac15981386e07cb1
{a7c2aa26-956a-4357-ba73-0d89a3fda421},27,COMPLETED,2020-01-30T20:45:17.418Z,2020-01-30T20:51:22.324Z,staging,26b3dbd1f70ff59e60a1cca743fa2c9c2c34fdf9
{c8f96168-3df2-4fe7-99a1-3e93d44a9a52},28,COMPLETED,2020-01-31T17:18:06.49Z,2020-01-31T17:23:17.936Z,staging,dd7a2589370c837b4fedcb849b01a35fb6e3b13d
{6a2e42aa-2674-40fc-ad67-42cba9d9a03e},29,COMPLETED,2020-01-31T19:58:58.435Z,2020-01-31T20:07:35.945Z,production,dd7a2589370c837b4fedcb849b01a35fb6e3b13d
{6d1f142d-a36d-4b7f-b582-7ac6b80a77f5},30,COMPLETED,2020-02-05T19:37:54.315Z,2020-02-05T19:43:05.936Z,staging,5bc2757c199293dcefc4538d7783696d7fe2cc0d
{c6fab106-1d90-470b-a1cb-fea72fb05ff2},31,COMPLETED,2020-02-05T23:26:01.312Z,2020-02-05T23:34:40.946Z,production,5bc2757c199293dcefc4538d7783696d7fe2cc0d
{0859f3a6-06c0-4014-93fa-0a25f813b1b7},32,COMPLETED,2020-02-07T13:35:07.836Z,2020-02-07T13:45:30.667Z,rails-update,2aee03242858b22bc9cf6e01f9a2fb154da01416
{67637192-09e8-42d5-a083-47d86c90c8d9},33,COMPLETED,2020-02-07T15:01:50.759Z,2020-02-07T15:07:29.153Z,rails-update,3a905666e5b32bcd36d4e0bad8c8af1accdd3360
{8bf589b2-371d-487c-a88e-0a7ff93b228c},34,COMPLETED,2020-02-10T14:34:24.297Z,2020-02-10T14:40:07.05Z,staging,0cca5cec7c0c4496c541d8dccb6200f59e74133c
{13ca2255-9df8-4732-9716-2bfec151c906},35,COMPLETED,2020-02-11T18:46:00.043Z,2020-02-11T18:50:54.53Z,staging,81dc4d282578f706cfc1e67f8abc14bb72668b34
{e59cca46-527c-4738-aed3-1fcb28c37f80},36,COMPLETED,2020-02-11T19:02:39.336Z,2020-02-11T19:13:55.283Z,staging,c562c1bce285b9be2f9bf12b2de5fff552895aeb
{094b6edc-d47c-4afd-9e38-93dd5d4afa01},37,COMPLETED,2020-02-11T20:08:15.006Z,2020-02-11T20:12:38.875Z,staging,85dcde2e2a27cf1cd407422724ffb10eca5ec403
{6ec6bc59-6efe-436c-a4f6-7090ae440f99},38,COMPLETED,2020-02-11T21:00:06.255Z,2020-02-11T21:00:51.407Z,staging,85dcde2e2a27cf1cd407422724ffb10eca5ec403
{65a52528-314c-4b37-8f66-718c64d6ab0c},39,COMPLETED,2020-02-11T21:15:51.769Z,2020-02-11T21:21:12.95Z,staging,f405a615bace44a27ed38d826f5c19ad21a4f005
{5e371602-4dbb-4b49-b14a-d8f0bc7ae886},40,COMPLETED,2020-02-11T21:21:29.152Z,2020-02-11T21:26:18.552Z,staging,ceddb0b82041234015e3b2be42d81c5d7a3cd0fe
{bbd44426-9247-4e96-8de0-01d9b7c7169c},41,COMPLETED,2020-02-12T13:42:53.117Z,2020-02-12T13:49:05.915Z,staging,498b1ec01f94d6ab4a73d28a9a0d5270192d2384
{022740fa-7253-48e3-8969-3215df08066f},42,COMPLETED,2020-02-12T15:00:58.845Z,2020-02-12T15:06:11.965Z,staging,2b8b82091bc188fd96d8e8dd2cb16b6428a6bab9
{9ef0f91b-febb-435e-aa3e-ef961e3858a1},43,COMPLETED,2020-02-12T18:42:04.878Z,2020-02-12T18:48:18.187Z,rails-update,8ce838802d5aec37defc4540bcaed5fed24b668d
{311caa39-e62d-4436-89f4-ed1bc875039b},44,COMPLETED,2020-02-12T18:47:20.613Z,2020-02-12T18:51:41.382Z,staging,7bf4a602e53cae00dd496820ea0efb7eee829c44
{8ddb708d-bab9-4a80-a18e-3670b321e2c3},45,COMPLETED,2020-02-14T14:14:50.327Z,2020-02-14T14:24:55.226Z,production,ef3c3fa80214611cf8ae1dd5b9ebe54bd936a358
{cb232a59-91a1-45e4-958b-baf82d7e63e9},46,COMPLETED,2020-02-14T15:37:23.637Z,2020-02-14T15:46:44.442Z,production,f6d776a31c53043d0654a37bbdd7d413fb147f69
{c68f654c-965e-470c-af54-b39ce5f14f26},47,COMPLETED,2020-02-14T15:38:58.314Z,2020-02-14T15:44:13.338Z,staging,f6d776a31c53043d0654a37bbdd7d413fb147f69
{96d425cd-8493-4403-a63c-72119772ca3c},48,COMPLETED,2020-02-14T15:47:55.73Z,2020-02-14T15:48:37.266Z,master,8ef38efd94bb2b306a68bf202fa1b2d823d25fc0
{e9834e59-dc41-49e2-91cd-96f5d7a349b5},49,COMPLETED,2020-02-14T16:52:19.304Z,2020-02-14T17:02:26.028Z,master,9664931b0cb95e8f9c99a5d67bab5d5bcf6acb34
{eab37883-b9ed-4d7d-90df-86841454fa15},50,COMPLETED,2020-02-14T20:16:36.168Z,2020-02-14T20:21:42.224Z,master,af4c8772175cc05c64d64214f1a8e74bd7325038
{e27e1ae1-ab9b-46c5-af10-66c8e7cb3ea2},51,COMPLETED,2020-02-17T16:13:24.928Z,2020-02-17T16:18:40.473Z,staging,8ca7ff343e110bab3e7e94f356349d921959ac62
{3f7837c5-7fed-4b3e-92fd-ae65b39f5b05},52,COMPLETED,2020-02-17T16:51:45.248Z,2020-02-17T16:57:40.145Z,master,fe225c8257cb3b90a6183c457fb49913f7123966
{f9e3ec23-90fb-420b-ae22-888cffc851e0},53,COMPLETED,2020-02-17T18:19:36.435Z,2020-02-17T18:24:25.737Z,staging,e0428e534e21bb1115da3de3a315cde9b742818e
{df6f71b3-d413-48cf-9b1c-7715425deb38},54,COMPLETED,2020-02-17T20:17:21.195Z,2020-02-17T20:22:36.029Z,master,f5ef511951e16b4c44f3d1a482e07680a2b7f538
{902f6cc6-4107-4f26-9464-ce019f2f77a9},55,COMPLETED,2020-02-17T20:49:00.7Z,2020-02-17T20:54:04.222Z,master,298d99e49486e4f6220dc02938b2193d43e34923
{daac45c0-3b21-425b-93de-e5ee043d5db6},56,COMPLETED,2020-02-18T16:34:30.002Z,2020-02-18T16:36:33.748Z,master,9649132567d867d6148114aa43334adc230b0fc1
{f4130666-2cc3-4d6a-a180-07833c690355},57,COMPLETED,2020-02-18T16:40:36.681Z,2020-02-18T16:46:07.571Z,master,f64e694efeb829bd86756a337711b70a67e2dfd5
{b3594342-be7f-4d96-b16e-35f94df9d971},58,COMPLETED,2020-02-18T17:03:34.534Z,2020-02-18T17:09:26.98Z,master,d3f4112dda2e024ccca5cde5eb3fe376493e72bf
{77c55db8-acfa-49e1-9326-ef2458cc3953},59,COMPLETED,2020-02-18T17:31:33.326Z,2020-02-18T17:37:51.025Z,master,692e4d26610af1342400c4604d2a9919d02330e1
{871f164c-e55b-4e3a-828d-67821a1f37a9},60,COMPLETED,2020-02-18T18:48:19.183Z,2020-02-18T18:54:05.338Z,master,0bf768171f33ec74b065a0a1a420c3a1af5d7bf2
{1f44cedd-8e76-4602-a33a-8875fcd833ca},61,COMPLETED,2020-02-18T19:10:00.332Z,2020-02-18T19:15:43.267Z,master,0c75f6cca36d33cd0e4dc617618e50a9a28a5cf9
{b72f985c-65be-4963-97eb-7ac188ac86ab},62,COMPLETED,2020-02-18T19:22:18.873Z,2020-02-18T19:27:12.453Z,master,68a49fc7ece7728990cfdcba792eed0ef0c22fb2
{8c9ecfbf-e95b-4b3e-a531-a8c2a186b853},63,COMPLETED,2020-02-19T00:34:34.184Z,2020-02-19T00:40:29.821Z,master,6bfb983bf964300d64dc7ce04ae335d2334f2d82
{6bcb9bcd-d0ab-4c2e-ab80-edea33f64600},64,COMPLETED,2020-02-19T00:47:07.122Z,2020-02-19T00:51:39.372Z,staging,6bfb983bf964300d64dc7ce04ae335d2334f2d82
{9801fa99-ba29-4ac8-ab5c-c2774b7fe084},65,COMPLETED,2020-02-19T17:16:38.185Z,2020-02-19T17:25:31.182Z,production,6bfb983bf964300d64dc7ce04ae335d2334f2d82
{38971666-86d3-4703-8f8d-62e416652917},66,COMPLETED,2020-02-19T18:31:48.932Z,2020-02-19T18:39:33.163Z,production,c331d52b40ab471f53e3d321f37ffbadad64dc11
{a24b77ff-9a28-4498-9270-065e19c78cdc},67,COMPLETED,2020-02-19T19:33:58.923Z,2020-02-19T19:41:57.695Z,production,95fc27f0d732877b9b274af29b54594f10947aeb
{dd889e7c-1149-45ab-9377-e3283975176c},68,COMPLETED,2020-02-19T19:34:28.369Z,2020-02-19T19:40:33.215Z,staging,95fc27f0d732877b9b274af29b54594f10947aeb
{440e2481-6b59-45b9-8efc-89ea13ef6c8f},69,COMPLETED,2020-02-20T11:34:52.798Z,2020-02-20T11:39:39.197Z,staging,3716057fc43045670fe1df8aa2a87408e4bfbd48
{4dc64335-4bae-4d3e-ad6e-9efec0a7b22e},70,COMPLETED,2020-02-20T13:37:55.204Z,2020-02-20T13:42:09.947Z,staging,4bab51094d0aa6df09fef439e9ed1dde1b774674
{3535f547-113c-43ee-b618-6cd9a6ddf6d4},71,COMPLETED,2020-02-20T13:46:47.328Z,2020-02-20T13:56:51.857Z,production,4bab51094d0aa6df09fef439e9ed1dde1b774674
{50286596-0589-4116-a1a4-27d89da321c3},72,COMPLETED,2020-02-20T17:18:27.308Z,2020-02-20T17:23:46.23Z,staging,ee3cb0e58ae94ec9e2b120c35f81853bdc9bf588
{acb9cb76-5843-4144-aa0b-b8ea9f231868},73,COMPLETED,2020-02-20T17:40:41.485Z,2020-02-20T17:53:52.278Z,production,ee3cb0e58ae94ec9e2b120c35f81853bdc9bf588
{229e67a0-fc48-4f81-a8ea-a0081de82722},74,COMPLETED,2020-02-20T18:44:18.858Z,2020-02-20T18:51:05.025Z,staging,29834c84882dea880030fdcb56a6057447d386f8
{ba3e138e-91de-4cc4-95f3-b0e23b0ff7fa},75,COMPLETED,2020-02-20T19:37:09.334Z,2020-02-20T19:49:42.241Z,production,29834c84882dea880030fdcb56a6057447d386f8
{de67485a-91e6-48b4-aaf4-4e6f8b48d64c},76,COMPLETED,2020-02-21T12:00:18.715Z,2020-02-21T12:05:29.659Z,staging,c9a76332d72c902020f16db37c4c1d6253266804
{846254a3-e1df-4ae3-a5d6-8798ce14c444},77,COMPLETED,2020-02-21T12:53:41.883Z,2020-02-21T12:57:51.488Z,staging,a0c9201a536616a6b6163ae3361a5b9d7a5601e1
{b1057261-0305-4184-a5f4-e06240a8b956},78,COMPLETED,2020-02-21T13:59:52.289Z,2020-02-21T14:18:18.271Z,production,a0c9201a536616a6b6163ae3361a5b9d7a5601e1
{d4f74cad-f72a-406f-86e2-7d46edacc1de},79,COMPLETED,2020-02-21T18:36:01.628Z,2020-02-21T18:41:50.426Z,staging,10ffca4df63fddc3f60886566a1cbe8d8178d549
{1f8dfa0b-b1fb-4d82-ae02-c0cf9f473917},80,COMPLETED,2020-02-26T20:23:29.228Z,2020-02-26T20:25:00.729Z,staging,a20696574639cf12e31d2eb6d335154378f5512d
{160fd053-ee04-4aec-877f-8a3ee3e41c58},81,COMPLETED,2020-02-26T20:39:35.308Z,2020-02-26T20:45:43.511Z,staging,8fd6a5933c366d2f31d3205ce80e902e6c1933a3
{86464fae-2639-4b34-a568-60f1df8eee91},82,COMPLETED,2020-02-27T18:32:52.568Z,2020-02-27T18:38:04.517Z,staging,07dfb555a76efefa43f313399817db67cebaf7b9
{58985c78-2b4e-405c-a9d3-a260bec734cb},83,COMPLETED,2020-02-27T20:42:00.674Z,2020-02-27T20:50:27.784Z,production,07dfb555a76efefa43f313399817db67cebaf7b9
{f91c3c79-d72f-488c-b85c-99f9d0f42ffc},84,COMPLETED,2020-02-27T21:28:50.885Z,2020-02-27T21:33:25.597Z,staging,28ebc65ecf5b13b0c0ecb94cdaf355fcb5773182
{6b4e2248-6ae1-4d81-970c-5f879b07bcb5},85,COMPLETED,2020-02-28T13:43:55.306Z,2020-02-28T13:48:16.932Z,staging,f06631b168529527c7a7f96652fd03ff3bf1040c
{8dead179-ae26-4df1-92d1-c8f097953a20},86,COMPLETED,2020-02-28T14:37:51.987Z,2020-02-28T14:46:32.396Z,production,f06631b168529527c7a7f96652fd03ff3bf1040c
{92e7ddbc-7fde-4a52-99b3-831eadbd0ede},87,COMPLETED,2020-03-02T12:59:51.472Z,2020-03-02T13:01:00.331Z,rails-update,c39aed3d382b96bb477d940e24c77d701d2fda07
{e675bf2b-6389-4b46-81d2-71819fff318c},88,COMPLETED,2020-03-02T14:28:22.526Z,2020-03-02T14:39:09.459Z,rails-update,802dc6f4d04798a563b3a3f22224e1e92382bcbd
{9c5e6ebc-791e-41c1-97e5-d51f7d34ab20},89,COMPLETED,2020-03-02T15:00:22.893Z,2020-03-02T15:06:22.355Z,staging,6c0de6add09cf86ef7a06f6b7e18881231caeeea
{6f18ec05-dc42-41a3-afa0-f01539fbd890},90,COMPLETED,2020-03-02T15:15:59.298Z,2020-03-02T15:21:26.553Z,staging,da92911df4cbb388e67f1f733dc8b33694058da4
{bd1351b9-c753-4633-9a23-f78e540c8f2f},91,COMPLETED,2020-03-02T15:23:50.665Z,2020-03-02T15:28:47.104Z,staging,54cf7b4260e84d625befbafdd3ec956c0f95c6e9
{69ebdac5-7c6f-425d-aabd-573f86f5d826},92,COMPLETED,2020-03-03T14:45:13.238Z,2020-03-03T14:54:46.265Z,production,54cf7b4260e84d625befbafdd3ec956c0f95c6e9
{c0b201d4-f6ab-4882-b4cf-086bb8a6acea},93,COMPLETED,2020-03-03T16:25:51.528Z,2020-03-03T16:30:52.385Z,staging,1ade0e8b5d784644da8c7047fa007fb986216f1b
{57014855-854d-40c3-a975-9f7cae86ab90},94,COMPLETED,2020-03-03T17:22:59.068Z,2020-03-03T17:31:12.24Z,production,1ade0e8b5d784644da8c7047fa007fb986216f1b
{b693c43d-5bcf-4a18-9cf3-5aa4031f16c9},95,COMPLETED,2020-03-03T19:02:04.532Z,2020-03-03T19:06:54.46Z,rails-update,67514da043b3839702a622e561a2ae86afbb1641
{a8450a95-2d71-438b-89d0-7382d5d19090},96,COMPLETED,2020-03-09T13:07:50.426Z,2020-03-09T13:13:49.998Z,staging,5c73c350736e09e975fe16acd7b539026309920e
{683d0f8b-d49c-4d6c-8bd0-e863bb4f241f},97,COMPLETED,2020-03-09T14:33:59.066Z,2020-03-09T14:41:41.111Z,staging,68cead1734a790be4f4b8af500e797efa2aab9ff
{8a9cf9e4-f5bd-495a-9d6b-962f0adf8820},98,COMPLETED,2020-03-12T15:25:49.829Z,2020-03-12T15:31:41.031Z,staging,611faa796f745c1518d09532befff61b313dbc90
{6d9da6a8-9f72-40ab-b0d0-c10c8634649c},99,COMPLETED,2020-03-12T19:26:00.71Z,2020-03-12T19:32:55.8Z,staging,e4503b04976012d84bc27b31b3dab3557961f484
{2ec0c361-8267-478e-b193-e6df971ba469},100,COMPLETED,2020-03-13T17:17:44.059Z,2020-03-13T17:28:21.825Z,production,e4503b04976012d84bc27b31b3dab3557961f484
{a64e3484-41aa-4ee6-b771-cef77a64dc1e},101,COMPLETED,2020-03-13T18:57:57.618Z,2020-03-13T19:03:17.358Z,staging,bd321c6709df6ddeba26d1a952efeffc25265825
{a43eaaae-4791-46e1-9e84-01afa9bba440},102,COMPLETED,2020-03-13T19:05:36.985Z,2020-03-13T19:15:56.252Z,production,bd321c6709df6ddeba26d1a952efeffc25265825
{36c5964d-197f-4038-9c48-ba3fa42bf928},103,COMPLETED,2020-03-13T23:54:09.862Z,2020-03-13T23:59:55.682Z,staging,11a49da419a0044fe5d6c64ac67b76cf43e9866a
{4315c7fc-dec2-45c8-a515-a7441741e484},104,COMPLETED,2020-03-14T00:02:39.308Z,2020-03-14T00:11:12.062Z,production,11a49da419a0044fe5d6c64ac67b76cf43e9866a
{33679133-8c38-42a6-9009-3f2097f067ef},105,COMPLETED,2020-03-16T20:11:21.384Z,2020-03-16T20:22:11.363Z,production,f75908482d96b27f37604c98b408c86f90073881
{1f13d42d-215a-4985-8c5f-7547c5056d58},106,COMPLETED,2020-03-17T16:08:39.202Z,2020-03-17T16:15:34.189Z,staging,c40d31253199e22b4fd868cbb604c523e5e3f50d
{209f5df6-89f2-4379-897d-62c5dea43f13},107,COMPLETED,2020-03-18T14:05:42.863Z,2020-03-18T14:12:49.769Z,staging,58229addcbe2b089510dc4d2892bcfac7abc6c8b
{860c9f74-3e4a-49ea-b660-c175c7fd8a02},108,COMPLETED,2020-03-18T16:00:14.943Z,2020-03-18T16:13:18.62Z,production,58229addcbe2b089510dc4d2892bcfac7abc6c8b
{992ecb9f-c877-4524-83a1-1a1902c2ae97},109,COMPLETED,2020-03-18T19:06:52.461Z,2020-03-18T19:18:05.645Z,production,17da3f11915479fe0875c3fadc5aeda3ff2e78a0
{f38f2e40-e84a-4d96-b119-bca4bd49efee},110,COMPLETED,2020-03-18T21:21:46.553Z,2020-03-18T21:26:14.91Z,staging,279df4945bb8cbde56791d5d4657ab5cb4042bdc
{8305f60b-c0f1-4ac5-bfdd-e197a1de5d54},111,COMPLETED,2020-03-19T13:33:22.725Z,2020-03-19T13:44:54.841Z,production,279df4945bb8cbde56791d5d4657ab5cb4042bdc
{5fb09ad2-07b3-4a94-af05-e87370a1b6a7},112,COMPLETED,2020-03-19T17:19:52.684Z,2020-03-19T17:24:32.927Z,staging,386a3050e5e494c9809363432b8b9b3f58470063
{29b4bddc-05db-47c4-bfad-d864680d2423},113,COMPLETED,2020-03-23T19:32:40.951Z,2020-03-23T19:37:39.319Z,staging,21109cef7660081d138eba9beb3482b0d8ea0e2b
{76e3b6fe-2df8-4469-a5a4-303165d27acf},114,COMPLETED,2020-03-24T17:23:38.828Z,2020-03-24T17:36:24.764Z,production,21109cef7660081d138eba9beb3482b0d8ea0e2b
{946645b5-ee0d-43ca-907f-3b20e3888518},115,COMPLETED,2020-03-30T15:13:54.919Z,2020-03-30T15:20:10.297Z,staging,687e4488504966ab3f31384d87b3c99b4f18b5e3
{196c6173-ac06-4595-809e-059c4245732e},116,COMPLETED,2020-03-30T18:43:52.262Z,2020-03-30T18:51:59.963Z,production,687e4488504966ab3f31384d87b3c99b4f18b5e3
{c0081a87-5782-40d5-ba19-da77fa5826c8},117,COMPLETED,2020-04-03T20:25:53.166Z,2020-04-03T20:31:51.656Z,staging,5d94b001b51584e2cfe23e158907435442063fd7
{d38c5654-7a14-40f7-b1c7-a164275e9d43},118,COMPLETED,2020-04-03T21:32:20.909Z,2020-04-03T21:37:26.093Z,staging,49aedde70fcc00115334ea01190e1f99c87c71f4
{bbdcf42e-7ad0-41e5-8e85-4ba26146141a},119,COMPLETED,2020-04-06T15:43:12.458Z,2020-04-06T15:56:07.931Z,production,49aedde70fcc00115334ea01190e1f99c87c71f4
{8409cb2c-0f3f-4595-bc5b-33444b6eb2c9},120,COMPLETED,2020-04-14T12:58:01.05Z,2020-04-14T13:05:11.933Z,staging,74b13f67fa2d22fea34b42127552f1af79ed9118
{79f9b1a2-9734-4dc0-9912-20a24fbaabf6},121,COMPLETED,2020-04-15T13:45:02.732Z,2020-04-15T13:51:36.278Z,staging,097720354dce31cd1b11963fb9236a03dd0f50f4
{06d411d2-678b-4a40-b392-71ac01b94227},122,COMPLETED,2020-04-15T19:49:59.08Z,2020-04-15T19:55:24.156Z,staging,6c884e185717edf39df06a265ab0addd547ce80d
{9f4189ac-8886-4b4a-ac89-cf5d129895e5},123,COMPLETED,2020-04-16T18:07:49.707Z,2020-04-16T18:13:59.005Z,staging,41c1c408856588408cdd26f751a4a607a106d864
{3a6f649b-5f26-4af8-a859-14f0105f7eb9},124,COMPLETED,2020-04-16T18:40:27.046Z,2020-04-16T18:53:05.514Z,production,41c1c408856588408cdd26f751a4a607a106d864
{bf03051b-56c5-4a67-9be1-5a18f6822102},125,COMPLETED,2020-04-16T19:38:34.88Z,2020-04-16T19:43:04.161Z,staging,76747eb1fe2f2c84d211ad40ae691bfb874179b7
{600cd486-237c-410e-92a6-6b011c3bbc3c},126,COMPLETED,2020-04-16T19:44:57.03Z,2020-04-16T19:52:40.265Z,production,76747eb1fe2f2c84d211ad40ae691bfb874179b7
{641f68e3-0364-4fb6-8c63-caebbd1961d4},127,COMPLETED,2020-04-17T01:03:47.395Z,2020-04-17T01:08:53.323Z,staging,2f5a8e7b0fc7f150cf10c30463d48c366082005e
{cebbad75-3cad-4b08-88bd-d857eaba3cd8},128,COMPLETED,2020-04-17T17:14:19.071Z,2020-04-17T17:20:26.435Z,staging,baaa37717404eb5cc86c9ce5511cf54dc689d644
{0325f401-07b9-4346-930d-121ddc947c18},129,COMPLETED,2020-04-17T17:29:39.728Z,2020-04-17T17:38:18.452Z,production,baaa37717404eb5cc86c9ce5511cf54dc689d644
{bfaa7ee5-12ea-4700-96f1-fe56c51141d5},130,COMPLETED,2020-04-20T17:56:36.549Z,2020-04-20T18:07:30.877Z,staging,51880e6bb1943c71e54ca86cad4a5c7bf632cc22
{28d350cd-05c2-44f2-bec3-18b33b483a6e},131,COMPLETED,2020-04-22T13:40:38.715Z,2020-04-22T13:46:28.682Z,rails-update,5c1fc66bcfe8233ab91999eac32620d8d6f954cd
{f984b01e-e043-425e-8d68-122037138999},132,COMPLETED,2020-04-22T13:41:05.532Z,2020-04-22T13:41:43.557Z,staging,cb9aa4854da4def6768c5714d0b09f1bd2faddca
{65d3717f-6c34-4d66-82bd-0bfc9a4ed771},133,COMPLETED,2020-04-22T13:47:18.398Z,2020-04-22T13:58:42.792Z,staging,3f5699d352f8b990dd2d2d0cb83084ff092bd259
{2ff59e99-327c-494c-9297-04dff273d1ff},134,COMPLETED,2020-04-22T20:31:41.876Z,2020-04-22T20:36:38.074Z,staging,dbd8513ae28feece1679527e4ec15cc167e85f97
{68a7bcdc-c6f2-4dba-b29e-3c85aff54d76},135,COMPLETED,2020-04-22T20:56:33.726Z,2020-04-22T21:06:29.428Z,production,dbd8513ae28feece1679527e4ec15cc167e85f97
{40be5270-9f86-4cc9-8aad-c4a64107e4c4},136,COMPLETED,2020-04-24T18:21:13.045Z,2020-04-24T18:26:46.9Z,staging,664143b4430d71bd1aaab83b74ee8b319cee7158
{acfec05a-5f9e-43a1-a2ef-d2353b0baead},137,COMPLETED,2020-04-24T22:50:43.407Z,2020-04-24T22:57:13.793Z,staging,a691c0f0dda5de0e8686036d9c87da1688d17c63
{977f7b57-0afd-4846-af02-92e206821bff},138,COMPLETED,2020-04-28T13:30:28.193Z,2020-04-28T13:36:25.25Z,staging,6ae26a830652ec2f9d212fa6a592a52c5ae30299
{98e6423b-b1c0-484d-8691-cfd16f37ea7b},139,COMPLETED,2020-04-29T15:13:07.276Z,2020-04-29T15:19:38.613Z,staging,e6e5705389a98d8675afc443cbb88a57881e0f92
{d3ee4d0b-9763-4ab7-ac9e-7ccdde1649ca},140,COMPLETED,2020-05-04T13:30:08.123Z,2020-05-04T13:35:30.972Z,staging,dceb244308f53deb1272c31fe5bb4191998cad36
{9485db66-7bc6-46eb-97f7-f064b9c9b995},141,COMPLETED,2020-05-04T13:55:46.026Z,2020-05-04T14:03:05.358Z,staging,feba3d1c7e67624d185a0b7bb6a95396bdec5a4d
{9d17102c-30f0-4ead-875b-c1a37971a2e2},142,COMPLETED,2020-05-04T19:51:15.299Z,2020-05-04T19:56:03.695Z,staging,e32cfc6472e5b8fa0082c79694bbacf0ade4b3e7
{70e752d6-37f4-43be-9a8e-696db579b575},143,COMPLETED,2020-05-04T22:41:20.719Z,2020-05-04T22:46:12.86Z,staging,2eb36e639298ede2069819997f9d19962959260a
{87bd7a7d-f0cd-4696-8083-88d7332c32dd},144,COMPLETED,2020-05-07T15:22:44.017Z,2020-05-07T15:31:31.288Z,staging,759775c872da4f7e2d580eb501343c3319465da1
{3ff1acf1-1494-46b6-a219-c7a9628860cd},145,COMPLETED,2020-05-08T19:51:05.642Z,2020-05-08T19:58:11.783Z,staging,29ddb76975dac09c8fe4e9cadb68c46caf9cd756
{6c80b05a-08d6-467f-b282-55ef9dca7a7c},146,COMPLETED,2020-05-08T20:28:06.679Z,2020-05-08T20:35:41.31Z,production,29ddb76975dac09c8fe4e9cadb68c46caf9cd756
{7999626e-a34d-4468-8549-617ef05162b2},147,COMPLETED,2020-05-12T14:34:38.98Z,2020-05-12T14:42:39.311Z,staging,9a04b0f090ee94902a4d4d6c8b7851ba53870703
{8060f8e7-3400-4123-98c4-a1a4eb4e25a5},148,COMPLETED,2020-05-12T19:12:16.939Z,2020-05-12T19:17:31.438Z,staging,cf01766a1cfa020a0e3712a4ad35ee33486cd05f
{4cf08761-a6ae-47ba-94bf-a49b38eb8670},149,COMPLETED,2020-05-12T19:25:46.644Z,2020-05-12T19:33:33.582Z,staging,fe70962f5928b0c071f7d07b0934c99fe0007761
{92800344-d4ae-4c90-865f-9965c463cfa9},150,COMPLETED,2020-05-14T13:55:04.748Z,2020-05-14T14:00:32.119Z,staging,b1d567d6ebba9f8743917c325933246b91edd720
{85d254c7-429c-401f-ad69-a62b53863da7},151,COMPLETED,2020-05-14T16:28:36.014Z,2020-05-14T16:42:27.872Z,production,b1d567d6ebba9f8743917c325933246b91edd720
{681a50c6-5f7e-4a3c-b135-a18caadc9ae3},152,COMPLETED,2020-05-18T21:12:47.703Z,2020-05-18T21:17:54.065Z,staging,b713e2940590b61e3f55285422e8c3bcfad86e84
{5280ef2b-f329-4cd0-b490-4f7dee79f1e3},153,COMPLETED,2020-05-18T21:29:55.957Z,2020-05-18T21:41:03.764Z,production,b713e2940590b61e3f55285422e8c3bcfad86e84
{37b2a694-d933-4942-a97a-72538a8c3008},154,COMPLETED,2020-05-19T13:42:43.758Z,2020-05-19T13:49:42.094Z,staging,eae33046a487cf6fc3b15600b76ac986e39078b1
{fadd7a95-da26-4d55-ae2f-de94c224284d},155,COMPLETED,2020-05-19T15:09:41.791Z,2020-05-19T15:16:08.553Z,staging,dff3a7f1937d0bad2c3f15b4e2d0f7708454fea6
{1e2dff7f-7286-4586-93ce-7df83db60ec4},156,COMPLETED,2020-05-19T20:01:32.004Z,2020-05-19T20:08:41.98Z,staging,39f356e8e0014f34dbc88e478aef08a9235bbd49
{7f616757-fe25-408a-b20a-47a0b6e487e0},157,COMPLETED,2020-05-19T23:46:40.089Z,2020-05-19T23:54:03.875Z,staging,3d3ea8a9237642617ec2fb1d31b8347e872a34da
{7fa1cdaf-925a-408b-b475-09e244aaae9d},158,COMPLETED,2020-05-20T13:51:09.971Z,2020-05-20T13:57:24.64Z,staging,c8ab179eddcc6ab271aaad8894f300fe435d7de4
{6315af3f-2631-4d9a-aa51-9a8f0ed68d6d},159,COMPLETED,2020-05-20T14:50:04.104Z,2020-05-20T14:55:40.533Z,staging,dfaac3cfb09b0d912d82e382fab3ef1049355c45
{abf8362a-41e6-4c21-bc4c-66f21c07a931},160,COMPLETED,2020-05-20T18:19:07.193Z,2020-05-20T18:23:43.566Z,staging,ed6f19e86b6d7f527e420b1c0ae1e1e327cf28d7
{a3cec07a-2392-461f-8ad0-aa08c6ac0fee},161,COMPLETED,2020-05-21T02:22:18.699Z,2020-05-21T03:23:15.4Z,production,ed6f19e86b6d7f527e420b1c0ae1e1e327cf28d7
{aa274a90-1832-469b-acd3-d51930537aba},162,COMPLETED,2020-05-21T13:21:13.225Z,2020-05-21T13:22:34.417Z,production,ed6f19e86b6d7f527e420b1c0ae1e1e327cf28d7
{097e4646-a202-4bd1-850e-7c2bd65545a4},163,COMPLETED,2020-05-21T13:30:52.604Z,2020-05-21T13:31:29.145Z,production,ed6f19e86b6d7f527e420b1c0ae1e1e327cf28d7
{79011d42-249a-4c41-82b5-5d83aa647974},164,COMPLETED,2020-05-21T13:32:04.891Z,2020-05-21T13:32:41.45Z,production,ed6f19e86b6d7f527e420b1c0ae1e1e327cf28d7
{a044fe58-8dfd-4de7-90c2-b71314a3007d},165,COMPLETED,2020-05-21T13:50:26.762Z,2020-05-21T13:59:00.154Z,production,ed6f19e86b6d7f527e420b1c0ae1e1e327cf28d7
{2cf58a10-d58b-4f1f-a75b-b0cd92b35a30},166,COMPLETED,2020-05-21T14:53:23.705Z,2020-05-21T15:02:40.331Z,production,7f00a1acead0078ae4420368e15e34f1f539cc01
{550c4236-4644-4efc-82dd-02cdc708241f},167,COMPLETED,2020-05-21T21:12:10.685Z,2020-05-21T21:17:56.985Z,staging,2cf9c83271370c637aae294253384a441a856d94
{afb40bfd-3528-4a01-a926-eabc8de0ef87},168,COMPLETED,2020-05-21T21:27:10.758Z,2020-05-21T21:36:56.896Z,production,2cf9c83271370c637aae294253384a441a856d94
{714c62b1-d37f-47cc-bcd5-3e788ef8f7ea},169,COMPLETED,2020-05-22T12:40:08.694Z,2020-05-22T12:45:44.451Z,staging,5c071e7f9c16a180893841fd1f38800c6c0ae86b
{51778a60-3ff1-40e3-817c-875b986518cd},170,COMPLETED,2020-05-23T01:32:43.949Z,2020-05-23T01:38:34.71Z,staging,3d5ba60e8ac740f95b7cc3ec77b88b07e137d273
{506b3de0-18c7-4782-bf3d-4fbb9bc9aae6},171,COMPLETED,2020-05-23T01:45:45.767Z,2020-05-23T01:56:33.47Z,production,3d5ba60e8ac740f95b7cc3ec77b88b07e137d273
{2041e7d8-13cc-4f66-bd1f-934a9cf3e598},172,COMPLETED,2020-05-26T14:53:46.082Z,2020-05-26T14:59:33.381Z,staging,9520aba71e89b96151cb9eff78b7c7e484e3ecaa
{d3e3de39-f6e6-4662-a88d-6a4e07abd89c},173,COMPLETED,2020-05-26T19:10:56.219Z,2020-05-26T19:15:39.508Z,staging,8255a17d1d80c05448240cf11a06d9e590aca0c9
{9603c0c5-84fd-429a-bed7-270944806eb0},174,COMPLETED,2020-05-26T19:11:27.373Z,2020-05-26T19:20:39.271Z,production,9520aba71e89b96151cb9eff78b7c7e484e3ecaa
{b191bb0f-867d-4deb-ac0b-57f9013edbbd},175,COMPLETED,2020-05-29T14:43:18.162Z,2020-05-29T14:49:33.893Z,staging,c10fe2863c96a842755b8196c3f2bfeb8d7dc1df
{84b683a8-a038-444c-a98c-1ee0f434a2b5},176,COMPLETED,2020-06-01T18:26:00.343Z,2020-06-01T18:31:08.289Z,staging,151dbe14ed7461911e9901f4ca5a29681574f1ca
{370b430a-88cb-427c-9d89-781661f5a66f},177,COMPLETED,2020-06-01T18:35:07.152Z,2020-06-01T18:40:11.773Z,staging,d839971c1a5fe4acf9f7809e344707c3e6c9909b
{7f182330-2a5b-47ef-a995-d9bdfbaaccf5},178,COMPLETED,2020-06-01T18:57:27.624Z,2020-06-01T19:05:40.208Z,production,d839971c1a5fe4acf9f7809e344707c3e6c9909b
{e09bf1e0-23b3-410d-be58-ddbb6e1ff959},179,COMPLETED,2020-06-10T19:57:09.174Z,2020-06-10T20:03:13.239Z,staging,45518d5fa9da376a8efd346c31ff8f1c6ed987fb
{54970cb4-7c86-4fa8-b44a-80dc7aa2b79f},180,COMPLETED,2020-06-12T18:04:09.477Z,2020-06-12T18:09:21.753Z,staging,db0ceae97a85d73050c9bab959d691f3a6242975
{98557ffa-35d8-425b-8e13-c2d57e4fd4fa},181,COMPLETED,2020-06-13T02:32:18.299Z,2020-06-13T02:38:28.049Z,staging,d90c555fe5227c428caf9a776422d2c3b5d35492
{518deda3-1877-4fb3-9fc0-9dbe9b746a5a},182,COMPLETED,2020-06-15T15:39:56.886Z,2020-06-15T15:46:44.656Z,staging,b860f6cb9ea48f02a32d435a4d3bce53f3ae64dd
{cab0e8f9-f42d-481d-b522-fd0fc3742e01},183,COMPLETED,2020-06-15T17:48:28.61Z,2020-06-15T17:53:20.978Z,staging,5190ba9e148071868f9ad84c0f2d68110824265e
{d0ab92ab-bc19-4db2-8e54-36e50776916c},184,COMPLETED,2020-06-16T14:15:58.648Z,2020-06-16T14:21:06.435Z,staging,f8bb4134f0bf1a614d8614ee2369f058f0c705ef
{365299d8-4b3e-4fff-abc8-78d773086a83},185,COMPLETED,2020-06-16T17:01:19.957Z,2020-06-16T17:06:20.66Z,staging,c3e58aaee49bd0250ff2379332f0699b40124264
{f454ac4d-28d2-434b-b353-2675c7da8773},186,COMPLETED,2020-06-17T19:28:13.347Z,2020-06-17T19:33:44.839Z,staging,c8f6132a282f0d95577ea961df1778df752ad6a5
{ec5ac4b0-449a-4867-9827-9fd58949b46a},187,COMPLETED,2020-06-18T21:21:18.511Z,2020-06-18T21:28:59.683Z,staging,76e113e14de0562357eaf339f0fcfb8ec84c1691
{a62e91a6-8c6f-47b0-b1e0-b4a21f43694e},188,COMPLETED,2020-06-19T02:05:54.68Z,2020-06-19T02:11:10.514Z,staging,4fc940e3b76344f7e42a5533017ef58eee067d55
{9a0ac910-6031-42b9-b935-ceefb5902ea8},189,COMPLETED,2020-06-19T03:15:21.586Z,2020-06-19T03:25:30.634Z,production,4fc940e3b76344f7e42a5533017ef58eee067d55
{88843405-b5b7-4862-ad90-d984f3add51a},190,COMPLETED,2020-06-19T13:04:35.128Z,2020-06-19T13:13:24.671Z,production,51ac74550461132f17c306e074c158c8aef6f0ee
{e561b07d-964c-49ba-baec-c4153f1e0625},191,COMPLETED,2020-06-19T14:50:16.247Z,2020-06-19T15:02:01.18Z,production,6defa42fe38f67cd22473674f43270bd277f51ed
{ab3195f8-0eab-4178-b76d-1f540b8f3e1f},192,COMPLETED,2020-06-23T00:23:33.08Z,2020-06-23T00:31:52.768Z,production,3e33facd0ef2a8f262e3e9b93e1aac5af7c7f956
{97087e17-4aa8-45a1-95cb-b830af5ffb05},193,COMPLETED,2020-06-23T18:57:58.315Z,2020-06-23T19:03:04.24Z,staging,5b6df34f0a312fbdd1ac1d44eb4e61f532e3d5d5
{14baaec6-9810-4036-9998-2f733013d83a},194,COMPLETED,2020-06-23T19:05:05.512Z,2020-06-23T19:12:44.984Z,production,5b6df34f0a312fbdd1ac1d44eb4e61f532e3d5d5
{ea3eccdc-84ec-4d68-bb44-534c0fc3d833},195,COMPLETED,2020-06-24T16:07:09.252Z,2020-06-24T16:12:43.991Z,staging,00fd371269aba2d5698d9d9c398d03f40e3267a3
{c9c1f829-9124-47bf-afaf-812879c63acd},196,COMPLETED,2020-06-24T16:07:28.793Z,2020-06-24T16:16:36.708Z,production,00fd371269aba2d5698d9d9c398d03f40e3267a3
{e185c68b-364f-4270-95df-e98f812ee000},197,COMPLETED,2020-07-06T16:27:51.109Z,2020-07-06T16:38:45.072Z,staging,ee2d71943cf65d4ed2a132ee47576f0de725ecf0
{63d4c065-00b7-42cf-8d4c-e30ef6fae080},198,COMPLETED,2020-07-06T16:50:24.321Z,2020-07-06T17:05:05.883Z,production,ee2d71943cf65d4ed2a132ee47576f0de725ecf0
{48ef4ff4-7b4a-4bcb-b574-49afd666a55d},199,COMPLETED,2020-07-06T20:09:08.364Z,2020-07-06T20:16:12.802Z,staging,85aaab930d1478a48ad84463e2888217522a315a
{f648855d-4923-4edc-947a-90adbe97c5c6},200,COMPLETED,2020-07-06T20:55:21.265Z,2020-07-06T21:01:55.064Z,staging,495a15a97975552ae5f11c52dd70644a55f6f5dc
{289105dc-1a84-41d5-9a9b-547e83b11bd9},201,COMPLETED,2020-07-08T01:42:55.635Z,2020-07-08T01:49:34.513Z,staging,cbe5a163cce16aea9cebb2decd01483b9202b794
{c6f2f9bb-8214-455c-b2ed-7338b4332ee0},202,COMPLETED,2020-07-08T02:04:01.547Z,2020-07-08T02:13:13.696Z,production,cbe5a163cce16aea9cebb2decd01483b9202b794
{1667ed92-db2b-41a3-b915-602798aed75c},203,COMPLETED,2020-07-08T13:43:59.152Z,2020-07-08T13:51:08.3Z,staging,adfdf759254c062601d3090817e44dd430fd688e
{dbcbc17f-ad71-4822-a4cb-d4a2a90461be},204,COMPLETED,2020-07-08T13:44:14.424Z,2020-07-08T13:53:22.234Z,production,adfdf759254c062601d3090817e44dd430fd688e
{35be9bdf-bae9-4f83-ade2-a618ecc05641},205,COMPLETED,2020-07-08T19:52:42.758Z,2020-07-08T20:01:31.295Z,production,7efd888fb747b5501c0503bd5d4e513f1d6b4ca3
{7c55cb65-84a5-4db4-89b4-7d7eb4009a5d},206,COMPLETED,2020-07-09T13:13:41.82Z,2020-07-09T13:24:56.414Z,production,01f750c76e9dc25602fa90ee8e4403fb2e0b14c0
{0da82af5-eaf0-41ab-8f7c-b6480be58f3d},207,COMPLETED,2020-07-09T14:47:42.409Z,2020-07-09T14:55:45.376Z,staging,01f750c76e9dc25602fa90ee8e4403fb2e0b14c0
{a957bfc0-74d1-41e4-9c14-425ac1679c19},208,COMPLETED,2020-07-10T22:28:11.962Z,2020-07-10T22:36:34.023Z,staging,671f46c7d748efbda668da835ea456b431dc91e9
{1ca9ea3b-3853-471f-9ac8-d756e66d7760},209,COMPLETED,2020-07-13T14:17:45.535Z,2020-07-13T14:20:51.157Z,staging,378e4ab51d7f623b417289543af4f491f35f5f61
{144653b9-a1a9-41c1-b87b-75be776644a0},210,COMPLETED,2020-07-13T14:55:24.8Z,2020-07-13T15:03:14.787Z,staging,e3688afd68fb513af7fd5f80b19128624a96571e
{bf48e53f-6620-4739-8e07-76f7eebe1c39},211,COMPLETED,2020-07-13T19:39:15.637Z,2020-07-13T19:50:25.203Z,production,e3688afd68fb513af7fd5f80b19128624a96571e
{651e29b7-2884-4ea8-88bf-c73c50506788},212,COMPLETED,2020-07-14T17:10:18.994Z,2020-07-14T17:16:31.752Z,staging,924a21510cb730a7f983e56c97c76c16f725a5db
{b77bb317-0bfc-40bf-a4d4-b6fd3d5b9160},213,COMPLETED,2020-07-14T17:15:35.564Z,2020-07-14T17:25:40.704Z,production,924a21510cb730a7f983e56c97c76c16f725a5db
{8fe1d7b3-2a20-4eb6-ba19-cd38e214d37e},214,COMPLETED,2020-07-14T17:45:58.514Z,2020-07-14T17:52:49.458Z,staging,f19a8bb82aada6ba3b7bc68f3a022f3fb550fd8d
{91979aea-eb06-4cc6-a173-2ffb7b931b89},215,COMPLETED,2020-07-14T17:46:11.962Z,2020-07-14T17:58:09.861Z,production,f19a8bb82aada6ba3b7bc68f3a022f3fb550fd8d
{d621e83d-1b93-437d-a496-83ead98bf018},216,COMPLETED,2020-07-16T22:53:46.367Z,2020-07-16T23:01:22.934Z,staging,c3fbab0531c3a2361c8322a1223fe8b331152efb
{0e737574-e788-4c2c-bb11-7a70fc0999e5},217,COMPLETED,2020-07-16T23:08:43.195Z,2020-07-16T23:19:09.436Z,production,eaa042b4f986c3477111ba41914029fc3640f940
{39c5cca5-1b09-4e90-b6af-a5b8f88ed608},218,COMPLETED,2020-07-22T19:41:45.734Z,2020-07-22T19:46:54.136Z,staging,5b80a243612743ff9a7b619c2130a79ff729b775
{d55e97be-ea1b-4ebd-856d-fec0c8b789af},219,COMPLETED,2020-07-22T21:13:17.787Z,2020-07-22T21:24:07.803Z,production,5b80a243612743ff9a7b619c2130a79ff729b775
{1a92549f-5040-4f72-8777-bccbbb673f98},220,COMPLETED,2020-07-23T14:20:18.303Z,2020-07-23T14:30:53.626Z,staging,9dfb0d23dee40675457b9b849d1b663f96104e56
{377f6895-4aec-4000-9078-581551edda89},221,COMPLETED,2020-07-23T14:52:49.081Z,2020-07-23T15:00:34.098Z,staging,65c12b5dbfa826ea2e70e95bcc9e97523d9f15a7
{5c3b9514-0625-4c61-804f-fa8d67a74987},222,COMPLETED,2020-07-23T15:17:29.372Z,2020-07-23T15:17:38.465Z,staging,65c12b5dbfa826ea2e70e95bcc9e97523d9f15a7
{cd29511a-97da-4533-920b-e4632bd94dbf},223,COMPLETED,2020-07-23T15:18:13.982Z,2020-07-23T15:18:55.545Z,staging,65c12b5dbfa826ea2e70e95bcc9e97523d9f15a7
{788d69b0-5340-4064-81d6-adabe92f3bf8},224,COMPLETED,2020-07-23T15:29:53.789Z,2020-07-23T15:37:15.443Z,staging,ff36fe63798ca791e345bf3bb50701c4938f7337
{ebee789b-4c54-4f11-a704-8ef22d79eaba},225,COMPLETED,2020-07-23T15:49:21.643Z,2020-07-23T15:56:09.008Z,staging,396980a2bd0328ea8b02dd89ab4a9ff0ace86653
{140c3004-260a-4553-a41b-4a2405c66684},226,COMPLETED,2020-07-23T16:44:53.187Z,2020-07-23T16:51:57.276Z,staging,54bb01c192d389116ef46531be9d925cac36ccea
{58e5650e-c723-474d-a898-f6f265bc9f88},227,COMPLETED,2020-07-23T18:00:09.131Z,2020-07-23T18:07:08.152Z,staging,6e1e2131f336c360b191fd90d9c94f0561f3e4ee
{57ca7317-ece1-4448-b775-bd6d67ab59cc},228,COMPLETED,2020-07-23T19:46:54.067Z,2020-07-23T19:50:53.723Z,staging,f3e2b81f34d0c4e6093a4bf8b965b3ebd4ed0c6f
{011a2dd9-bc2e-4bf2-bc09-091075a20220},229,COMPLETED,2020-07-23T19:54:47.484Z,2020-07-23T19:58:13.45Z,staging,f3e2b81f34d0c4e6093a4bf8b965b3ebd4ed0c6f
{e110327a-4c9f-4908-aa32-15043250f5b7},230,COMPLETED,2020-07-23T20:25:15.79Z,2020-07-23T20:29:02.952Z,staging,9eba3049e2eb3e7177a0597087745780710e6412
{6701b3d9-4680-456e-8595-9124926a4577},231,COMPLETED,2020-07-23T20:49:15.702Z,2020-07-23T20:56:41.761Z,staging,7932ad6abf4c80e7a1cf40fac02aed4933ec8344
{79f73d7b-4c49-4ae6-a8cb-c6e9ba78d258},232,COMPLETED,2020-07-23T21:07:00.77Z,2020-07-23T21:13:33.381Z,staging,64db971f2e72865db800598a72ec22058d3c1e70
{4440889b-30a5-46d3-845f-b5c44c032cc5},233,COMPLETED,2020-07-23T21:46:23.647Z,2020-07-23T21:53:01.712Z,staging,9c8ddf237b87b383da6daf0b66f7eed5a93a5743
{5c9da666-ab89-4c24-94b3-eee2e97d2751},234,COMPLETED,2020-07-23T21:58:11.068Z,2020-07-23T22:05:50.275Z,staging,05e9ec9e77c9f624989d0c0c15a501b7d6f1acb0
{c651ae3d-3e5b-4ace-9503-703baa8dd435},235,COMPLETED,2020-07-24T02:34:06.435Z,2020-07-24T02:41:20.549Z,staging,8f9f4d9687c3c6538665b7e50478dad80011f8ee
{b44e05aa-cde9-4076-8418-214e27e039da},236,COMPLETED,2020-07-25T15:48:38.142Z,2020-07-25T16:01:00.625Z,master,2d73f50f13ddb7a4e70d79b4ee5b9c2ec0ef983c
{b716353a-4a41-43c2-b85a-003ad17c5bc7},237,COMPLETED,2020-07-25T18:15:15.667Z,2020-07-25T18:23:07.201Z,master,3181680b45a24419fbdf1cf8637a049ce7ed629e
{30f97b04-3190-4da5-891c-8506be8ed814},238,COMPLETED,2020-07-26T01:53:14.833Z,2020-07-26T01:59:42.913Z,master,c093a8c329123a0a0413202651200abf4b49393a
{34ccec5a-a624-4f5a-92fe-33aba4b8c09e},239,COMPLETED,2020-07-26T02:11:11.065Z,2020-07-26T02:16:39.83Z,master,033a39a42c7b9a72745bb149e1744245b265244b
{77e9d3e8-27d6-41db-9051-a9c21a833766},240,COMPLETED,2020-07-26T04:01:33.554Z,2020-07-26T04:08:54.933Z,master,5acc4ae9f29342ed4c9ff5cee341f1db2741ae28
{198ee631-c17b-4eaf-a696-b2a9687a936f},241,COMPLETED,2020-07-27T14:30:27.064Z,2020-07-27T14:37:05.414Z,master,65dcc5c152fccf0803c46ef9781c4cc18d264e3c
{ae0d60ad-02a2-4643-a2b1-a41244ab445b},242,COMPLETED,2020-07-29T20:11:29.485Z,2020-07-29T20:18:07.874Z,master,e3bd05c0fc60b193af31c84ddbbbbaa17f64b166
{24f54997-06f9-43b5-8bde-c09ff8c3ed07},243,COMPLETED,2020-07-29T20:56:33.561Z,2020-07-29T21:03:17.777Z,master,67708e67aeac0f0c1d8d78c3bf1e1d04bf9127fb
{f98eaa67-d3d1-41ba-b9a1-60979c180dc2},244,COMPLETED,2020-07-29T21:06:15.414Z,2020-07-29T21:10:18.1Z,staging,67708e67aeac0f0c1d8d78c3bf1e1d04bf9127fb
{c35974ab-330c-4072-a072-2b190d8f8722},245,COMPLETED,2020-07-30T13:39:46.74Z,2020-07-30T13:44:38.652Z,staging,67708e67aeac0f0c1d8d78c3bf1e1d04bf9127fb
{19e287fa-0064-4ccb-8b04-ceb4fb7fd474},246,COMPLETED,2020-07-30T14:03:27.069Z,2020-07-30T14:11:11.893Z,master,d5f824238d599a7659de4eb56fe86d0b56518edd
{f1061acf-59c3-419b-8d91-dd23b7daffba},247,COMPLETED,2020-07-30T14:04:48.006Z,2020-07-30T14:12:19.755Z,staging,d5f824238d599a7659de4eb56fe86d0b56518edd
{67b1bb27-7e5d-4792-979b-39f4c9ad8b2d},248,COMPLETED,2020-07-30T15:25:41.882Z,2020-07-30T15:32:30.595Z,master,00c4304df6923a0f724fc035e3e348d7e30a58e0
{92224abb-0dac-4d85-91f4-a48d53ac310b},249,COMPLETED,2020-07-30T15:26:44.709Z,2020-07-30T15:33:50.379Z,staging,00c4304df6923a0f724fc035e3e348d7e30a58e0
{a29535f5-b9ce-4a80-90ef-14d433ac6cb4},250,COMPLETED,2020-07-30T15:46:49.808Z,2020-07-30T15:52:51.139Z,master,acb7f6a6a64d9275a549605dc1b5529e442b5f1f
{10698e24-486a-4ab7-8887-3005311d6a0a},251,COMPLETED,2020-07-30T17:40:41.764Z,2020-07-30T17:48:40.72Z,master,833451c6683ca77ce6ce665ee73d40fc5f32449c
{123ed6d9-d556-4684-b94c-715720bf4e4f},252,COMPLETED,2020-07-30T20:00:48.777Z,2020-07-30T20:06:46.025Z,master,12f4b3fabea2b0b786bc095966d090ed764bbdaf
{b55d8459-c82c-40ce-a45c-7924264c7f19},253,COMPLETED,2020-07-31T03:36:06.112Z,2020-07-31T03:41:55.756Z,master,d8d79601a7c5c07fdc017cf78a8c2a443076e265
{4c31643c-e102-4dd9-9d22-77650b9bdc7b},254,COMPLETED,2020-07-31T16:22:51.956Z,2020-07-31T16:29:01.206Z,master,1d11f388053b75cb3f47e33de72b7a3b2b56fdbb
{bd9633ba-8213-4ff5-a132-298eb04f10c8},255,COMPLETED,2020-07-31T17:35:38.123Z,2020-07-31T17:41:17.738Z,master,45b64a12683d60b43ad093dcfebacf204a3775e0
{3d5a36f9-9080-4049-8daa-7e0afe6acb36},256,COMPLETED,2020-07-31T18:35:17.022Z,2020-07-31T18:41:56.376Z,master,00307fa86d9f7fa8d3d3f55170926cbfae26fd45
{c9f0cf26-4cf8-4ecd-8bdf-20c2952bdbd7},257,COMPLETED,2020-07-31T18:38:19.585Z,2020-07-31T19:12:15.603Z,master,43a6e2cfb14647c360d3c23763c8a8610f449825
{77445dd8-8a71-4a1a-a2bb-f2cca0e924c9},258,COMPLETED,2020-08-03T13:46:00.066Z,2020-08-03T13:54:30.412Z,staging,43a6e2cfb14647c360d3c23763c8a8610f449825
{3bd0a56a-7b1a-4a3f-8eb5-c19f5ce28044},259,COMPLETED,2020-08-03T15:35:35.965Z,2020-08-03T15:46:45.39Z,master,22944643267ec9f68d6df9324f3a323f53d3b14d
{118cfc18-c8b5-484b-af76-695e04787a40},260,COMPLETED,2020-08-03T17:49:10.351Z,2020-08-03T17:55:51.606Z,master,d3b2ff95b079b64d08913b64eba338375e438679
{e5f8d6ae-0c2c-4fd2-89c1-b56907663d7f},261,COMPLETED,2020-08-03T17:52:45.644Z,2020-08-03T18:00:57.223Z,staging,d3b2ff95b079b64d08913b64eba338375e438679
{8804c99d-34d5-4207-8d75-b4ae3b72e34d},262,COMPLETED,2020-08-04T14:29:38.956Z,2020-08-04T14:37:39.249Z,master,705aae7b1addc7ae4b674a3123cb3902c1a32b1e
{67e4fd7d-8eea-4c34-99f6-f822ccac5d3e},263,COMPLETED,2020-08-04T15:09:41.762Z,2020-08-04T15:16:55.356Z,master,a2994f1ca8264346a7a107631d6f1c7fb3a94315
{6c20546e-c338-4ca6-be12-825eb51598b4},264,COMPLETED,2020-08-04T18:34:32.628Z,2020-08-04T18:41:11.477Z,master,a28164be97bd6ca68d4c201463e38d676121191c
{d98008e9-81b0-4005-b68d-56f95b02d7f4},265,COMPLETED,2020-08-04T18:35:49.798Z,2020-08-04T18:44:00.598Z,master,6435ad30bd7ecab7c96b606dd76e1c5ec9fca557
{0fa021f6-d97c-40fa-957b-254c3c462271},266,COMPLETED,2020-08-04T19:33:56.059Z,2020-08-04T19:40:12.933Z,master,22e1ffe8372c1bcf144d7c3457fc76476fa9f44f
{016c258d-06f9-42b2-8f56-e4c58f41de76},267,COMPLETED,2020-08-04T19:34:38.278Z,2020-08-04T19:42:30.401Z,staging,22e1ffe8372c1bcf144d7c3457fc76476fa9f44f
{a63586ab-74ae-4882-bc1c-7db12dd24535},268,COMPLETED,2020-08-05T15:19:06.366Z,2020-08-05T15:25:49.434Z,master,6c42263063027f907f4911705079865bde6bb7ee
{b7e1b006-43b2-4dda-ac8e-e8eea2ccf32e},269,COMPLETED,2020-08-05T15:22:43.282Z,2020-08-05T15:29:48.94Z,master,b7c76c1a79bdc284adb5d834a3676eb99829e094
{42268d2f-55e7-48ee-86f4-01007c8394cf},270,COMPLETED,2020-08-05T15:25:42.295Z,2020-08-05T15:32:43.645Z,staging,b7c76c1a79bdc284adb5d834a3676eb99829e094
{72628025-2de5-4086-a0dd-968b4e4970fe},271,COMPLETED,2020-08-05T15:51:48.82Z,2020-08-05T15:59:01.59Z,master,06f23feac9131636fb44ec865d637d146ab85ed0
{7c91aee4-982b-4a0f-979a-48f8c9a4d8e2},272,COMPLETED,2020-08-05T17:44:48.531Z,2020-08-05T17:51:54.933Z,master,5d2deb3a0dfae81c03e00467f2a64f14a2b5d0c4
{955bfaa6-01fc-4ff9-968e-7b870edb0a65},273,COMPLETED,2020-08-05T18:05:43.868Z,2020-08-05T18:17:07.862Z,production,b7c76c1a79bdc284adb5d834a3676eb99829e094
{0e130ce8-0c41-42a6-a792-161de2e8736c},274,COMPLETED,2020-08-06T17:20:57.287Z,2020-08-06T17:28:40.826Z,master,e8c88de23e029899a685a0583110ae57dfec6ab0
{7ea5d1d7-2e38-48c7-ab88-b985dffde4f7},275,COMPLETED,2020-08-06T18:30:29.689Z,2020-08-06T18:38:57.284Z,master,eff0bc792fa1a5f9ffff947c3dc1a94199806c53
{f63cdbf2-b956-49d9-9fb5-1ac3a0bc7892},276,COMPLETED,2020-08-06T18:43:22.687Z,2020-08-06T18:51:19.271Z,master,2d7b43622180498faa38d9e15b0a1552818871d0
{fce02940-6c7d-4c88-b056-82349c5d457f},277,COMPLETED,2020-08-06T19:03:50.147Z,2020-08-06T19:11:05.836Z,master,a8d2c13f92e49d74c1f58f1ba8e0708ef2d3e9de
{cafbca06-c248-412e-9c34-30ac102cee08},278,COMPLETED,2020-08-06T19:21:30.561Z,2020-08-06T19:29:11.079Z,master,81e114fa4e0ecd943b754fc1f5d71be7b6c8195e
{ec9234d0-4bda-47cb-aa57-c3a4887f0093},279,COMPLETED,2020-08-10T14:50:26.053Z,2020-08-10T14:57:17.558Z,master,7267c6a72d81bd18afb9b4bb4a694edb3262415e
{b1e25f82-1bec-43d0-a941-4be0d523fa03},280,COMPLETED,2020-08-10T18:29:39.61Z,2020-08-10T18:40:46.429Z,master,2d0d7775780ca73b28780e24265fbaa5be43f854
{bee0f38f-13fa-4ebb-9991-4b65623c4231},281,COMPLETED,2020-08-11T13:07:00.866Z,2020-08-11T13:20:16.106Z,master,a2824508620676d5e4ca4bc9d6bec2b618dc1f7c
{fcde3f13-1cfc-42e6-adaf-ba5a3f8884a8},282,COMPLETED,2020-08-11T13:20:30.735Z,2020-08-11T13:27:20.229Z,master,cfad017bf0fcdf001ebd76482e0c095d2b02b25c
{1ff8831f-25f0-4174-801c-f798a5fa20f4},283,COMPLETED,2020-08-11T13:48:41.755Z,2020-08-11T13:55:25.576Z,master,e53b37fe0bcb43fbe5f208b6fc73173eef415ebb
{f422056f-f08e-49d9-8ecc-c4139ed6c0cb},284,COMPLETED,2020-08-11T17:36:14.797Z,2020-08-11T17:44:31.121Z,master,6df0a639321272d9259e521da5e23596419ebd0d
{269658e1-3fbc-418f-9679-ca24af2cd6ba},285,COMPLETED,2020-08-12T13:53:28.254Z,2020-08-12T14:02:05.891Z,master,4613c4e580853931e9eeac825b1873c32b5ec350
{28f821de-0e42-4def-bdfe-72b7e95e0e28},286,COMPLETED,2020-08-12T15:15:59.167Z,2020-08-12T15:24:21.09Z,master,2e666ec542e57197a438b0e1bce6f6f0f4c10fe2
{c6751c53-8aca-4e4e-8786-5be88c2ab99e},287,COMPLETED,2020-08-12T16:31:02.252Z,2020-08-12T16:37:44.85Z,master,ecafab54b9d73bb948381f72fefb008ed14c0453
{305d9cd8-6ebb-467e-bcc1-abbd9f6bf413},288,COMPLETED,2020-08-12T17:22:35.728Z,2020-08-12T17:28:54.865Z,master,c39a830ddc3bbd882414b95ee4970183c1e2106b
{cbf5d2e8-7e12-437f-a9cc-672d0f01684e},289,COMPLETED,2020-08-12T17:34:59.194Z,2020-08-12T17:41:40.581Z,master,6a10cab9aeced33e8bc2d311c04df664260bd870
{d4151db8-324b-4607-bec3-79b3a7516d14},290,COMPLETED,2020-08-12T17:37:33.663Z,2020-08-12T17:44:07.409Z,master,84fa94519ee2ef8d9b4e5484400fc4a811c82bbb
{4f44d75f-3358-40f3-acec-42dba9131261},291,COMPLETED,2020-08-12T17:45:11.979Z,2020-08-12T17:52:34.84Z,master,c8406cb7ffd590b245d80b7d8572579f94a2a33f
{3561d873-0af6-4266-a775-538c302dcb5f},292,COMPLETED,2020-08-12T18:31:18.376Z,2020-08-12T18:40:25.329Z,master,cfed16f18c3cbdbf0612e12facb1a5ad55623d05
{5e064178-1c2f-49b6-85fd-b7e82ddd75ec},293,COMPLETED,2020-08-12T19:49:09.03Z,2020-08-12T19:57:59.145Z,master,e101f9ce7d599ab7eea5996afa59dc0c6f0b2288
{da146ee8-3bc5-4fc7-bf52-d30b3f2319f0},294,COMPLETED,2020-08-12T20:52:28.569Z,2020-08-12T21:02:03.307Z,master,201a33a324d2a1a2b53483ed93c36af7141467e4
{11539117-1012-4f4f-94db-a3ff19661759},295,COMPLETED,2020-08-13T13:53:38.906Z,2020-08-13T14:04:57.892Z,master,53f5a51b0a0100f1c496980a6475d2cdb39ff504
{6e4c6814-ce53-4167-b4e8-5cc19c432fe0},296,COMPLETED,2020-08-13T14:17:18.952Z,2020-08-13T14:27:45.016Z,master,05806b721306dc47b47d9d2b29cacff63aa508c9
{4edce390-6698-49aa-afbf-a84b72d7e7cc},297,COMPLETED,2020-08-13T14:40:41.117Z,2020-08-13T14:49:38.455Z,master,2e5681137d70e09cdf7c3827ce792e9cf798f03d
{6b82e4f1-417d-4935-a464-a286a7d0d4c0},298,COMPLETED,2020-08-13T15:20:35.391Z,2020-08-13T15:31:23.762Z,master,9fef1a86208af4a360a21e3ef6f3f3cb2e1eb3e8
{3029ede2-3469-4692-9ffc-71bde9d91548},299,COMPLETED,2020-08-13T17:35:52.73Z,2020-08-13T17:44:38.812Z,master,3d5306e01f8a7b3bfb03c4fe924dae3f77dde394
{4ad11eee-edaf-459c-b143-4d2d4fc24d85},300,COMPLETED,2020-08-13T17:57:35.483Z,2020-08-13T18:05:33.231Z,staging,3d5306e01f8a7b3bfb03c4fe924dae3f77dde394
{02a313ad-6e8c-44cd-94ac-888a09f7b55f},301,COMPLETED,2020-08-13T19:40:27.197Z,2020-08-13T19:48:52.268Z,master,c40052514a212e71e30bb8f94a3bfad3607ca482
{96092fa0-b4be-478d-b83b-f6d3172b5d26},302,COMPLETED,2020-08-14T13:31:54.818Z,2020-08-14T13:41:28.819Z,master,457689b06fec7d200a5f4e392e6b80a62e14f466
{63c9ca2c-bb57-47fe-869d-764ed19a0874},303,COMPLETED,2020-08-14T13:35:12.864Z,2020-08-14T13:44:29.433Z,master,296958af4796f3bf8afb382f9c33165ee443d522
{7323dbd5-130a-4a08-b05f-0cdc3b1f17f5},304,COMPLETED,2020-08-14T13:59:16.738Z,2020-08-14T14:09:32.647Z,master,dcbbd3b470d5109410f972d3e8e49f4969b63d67
{7d19dfc3-02c0-4c83-bd72-27a3afc6275a},305,COMPLETED,2020-08-14T19:26:14.682Z,2020-08-14T19:35:27.153Z,master,c7e8d5cc51350edd8460e67a08f5c696268c98f9
{70513c4d-014e-4ff1-bd88-7118615931d2},306,COMPLETED,2020-08-14T19:27:36.34Z,2020-08-14T19:34:18.126Z,staging,c7e8d5cc51350edd8460e67a08f5c696268c98f9
{c3b5f9c8-378b-405a-8ffa-3c054c608260},307,COMPLETED,2020-08-14T19:41:30.538Z,2020-08-14T19:50:03.399Z,master,18adfc63854a36c08d582f8c112eead8a3d082e5
{ff293ddb-45fb-4e26-93c6-a2340e4177c7},308,COMPLETED,2020-08-14T19:42:11.158Z,2020-08-14T19:50:10.389Z,staging,18adfc63854a36c08d582f8c112eead8a3d082e5
{4f169e1b-55c1-4ccf-b19a-b1949a395bae},309,COMPLETED,2020-08-14T19:59:21.778Z,2020-08-14T20:08:09.991Z,master,9c82e0b413ce41feb38c65f5ef142e6f7b7f05fe
{3d7d1ae4-f54c-430b-afb2-cbd100470e0d},310,COMPLETED,2020-08-14T20:00:00.496Z,2020-08-14T20:06:41.685Z,staging,9c82e0b413ce41feb38c65f5ef142e6f7b7f05fe
{a3f0022c-e567-47d5-8ebb-703e61469bd4},311,COMPLETED,2020-08-14T20:09:36.992Z,2020-08-14T20:19:30.911Z,master,2b62103f71c297c547c6e2c789ca6836d7df9cbe
{218e3c01-f49c-497e-ae1f-045c93a998db},312,COMPLETED,2020-08-14T20:10:31.501Z,2020-08-14T20:18:22.576Z,staging,2b62103f71c297c547c6e2c789ca6836d7df9cbe
{6a9a25fc-5230-4ae0-888e-529cc7e03362},313,COMPLETED,2020-08-14T20:50:31.293Z,2020-08-14T20:59:12.106Z,master,05ebfca6a22b895d41a2ce3697294a90785a2b81
{967bfc76-fa4d-490c-98e0-7f4275a30c1c},314,COMPLETED,2020-08-17T14:33:51.05Z,2020-08-17T14:42:36.805Z,master,e11b1abb544a3aa412175d598481c6168cc942ec
{d1949afb-9d45-4621-b74b-7b9045bf4886},315,COMPLETED,2020-08-17T17:17:15.466Z,2020-08-17T17:27:01.775Z,master,2ffdf84d5529ae38d75b945d76eb2e94dde4b5c9
{6d4d53c9-76a4-4ea3-8e18-66136e2824e9},316,COMPLETED,2020-08-17T18:09:31.515Z,2020-08-17T18:16:18.843Z,staging,fb44d1ad420ce24f2a0c1236657f837494d5e346
{0720e0b6-60d0-4797-8146-ee8b6b89213b},317,COMPLETED,2020-08-17T18:10:49.767Z,2020-08-17T18:19:06.268Z,master,fb44d1ad420ce24f2a0c1236657f837494d5e346
{6123b9cf-1b1f-4c27-8603-7671513d1f2a},318,COMPLETED,2020-08-17T18:57:29.846Z,2020-08-17T19:05:42.648Z,master,aa7827147516496268e4969db7dd5dc7e0b5b189
{5b3d2699-09d2-49f8-80a3-13965fd0153e},319,COMPLETED,2020-08-17T18:58:13.999Z,2020-08-17T19:04:42.129Z,staging,aa7827147516496268e4969db7dd5dc7e0b5b189
{9ccc592c-d33c-4df9-bbb1-5e08d56dedfe},320,COMPLETED,2020-08-17T20:17:56.049Z,2020-08-17T20:26:44.097Z,master,0e2c0a843addc99a27b0553490b782d0166e6542
{dbfb8b55-7e12-4cdc-9900-665f7b52c918},321,COMPLETED,2020-08-17T20:18:58.356Z,2020-08-17T20:27:28.019Z,staging,0e2c0a843addc99a27b0553490b782d0166e6542
{d9b2b8cb-d834-4ab6-af8c-9f3405884921},322,COMPLETED,2020-08-18T04:11:01.674Z,2020-08-18T04:20:07.152Z,master,92522dad576cc5af5bc74321cae9519a5c5e1045
{c4c63773-48e5-4df9-96db-4c613903c68b},323,COMPLETED,2020-08-18T04:13:59.197Z,2020-08-18T04:15:04.257Z,staging,0e2c0a843addc99a27b0553490b782d0166e6542
{a080e648-4d1e-42d5-8151-9102bbb571d9},324,COMPLETED,2020-08-18T04:17:10.294Z,2020-08-18T04:25:44.544Z,staging,92522dad576cc5af5bc74321cae9519a5c5e1045
{219b86be-440b-477c-b5e4-0ef8a98384df},325,COMPLETED,2020-08-18T13:48:17.41Z,2020-08-18T13:57:53.857Z,master,19027c2ed31edbc6c06ed0a31103372530fa09b4
{8864db4d-acb9-40e5-89b5-96d28e3853f0},326,COMPLETED,2020-08-18T13:55:05.836Z,2020-08-18T14:03:43.665Z,staging,19027c2ed31edbc6c06ed0a31103372530fa09b4
{13b62cb9-5235-45bb-ab03-eecd4f58462e},327,COMPLETED,2020-08-18T16:25:24.23Z,2020-08-18T16:38:44.039Z,master,6b408b3c969edd7f6dbabc91c96875cb6d4b5aa8
{1f5280d3-edc5-4f2a-8f06-a952319a00c2},328,COMPLETED,2020-08-18T17:48:33.835Z,2020-08-18T17:55:27.498Z,staging,6b408b3c969edd7f6dbabc91c96875cb6d4b5aa8
{d934c346-02f6-44f0-a295-6b618ec7f2ce},329,COMPLETED,2020-08-19T13:13:47.913Z,2020-08-19T13:22:05.984Z,staging,0df6508665117582d16ff6d3d65ae1308ca6a4bd
{3fd93d74-6ea7-401d-9da1-de3eddf59d70},330,COMPLETED,2020-08-19T14:01:11.927Z,2020-08-19T14:09:59.609Z,master,9189394dbc7ca256b43f7b9efd2b6fb5cccaf2f2
{180e5ab7-cf9b-46a3-9221-5e2875a690d8},331,COMPLETED,2020-08-19T14:02:01.862Z,2020-08-19T14:09:13.775Z,staging,9189394dbc7ca256b43f7b9efd2b6fb5cccaf2f2
{7d327d17-036d-4f17-91e6-c77fb9e2eb0a},332,COMPLETED,2020-08-19T14:29:25.388Z,2020-08-19T14:39:02.812Z,master,714b23e61af83a02265e6d5fe00fc23e04ef1540
{b6d751b7-1c06-4949-a17c-fdb388ee0406},333,COMPLETED,2020-08-19T14:30:07.739Z,2020-08-19T14:38:41.934Z,staging,714b23e61af83a02265e6d5fe00fc23e04ef1540
{05703abc-6ed1-469f-a1f2-69e3d0714b51},334,COMPLETED,2020-08-19T15:00:25.309Z,2020-08-19T15:08:56.032Z,master,adbef02117acffe69f9b79328759ac2acf9f19a3
{50a3cdd3-1cc0-42f3-9f41-32b85c5436d1},335,COMPLETED,2020-08-19T15:02:58.43Z,2020-08-19T15:09:42.756Z,staging,adbef02117acffe69f9b79328759ac2acf9f19a3
{3d4c38d1-28cc-4053-b316-fe96d68af263},336,COMPLETED,2020-08-19T15:13:31.556Z,2020-08-19T15:14:28.057Z,master,a34b187c4ea27eb34fef660404d8a10ecdff03e9
{cede0f91-5b04-46b8-8d56-e2eb9d4a7ba3},337,COMPLETED,2020-08-19T15:14:39.856Z,2020-08-19T15:23:05.397Z,staging,a34b187c4ea27eb34fef660404d8a10ecdff03e9
{a8eeb8d9-1316-4a2c-a9d8-37d4b604ec06},338,COMPLETED,2020-08-19T15:34:21.673Z,2020-08-19T15:34:44.728Z,master,37643de0b228b127c75830aa59d4333cf31596b9
{5e66fece-3935-4f85-851b-21f29ce935fa},339,COMPLETED,2020-08-19T15:34:53.88Z,2020-08-19T15:42:15.112Z,staging,37643de0b228b127c75830aa59d4333cf31596b9
{0d8468a0-2373-46c3-8f62-e78480e928ce},340,COMPLETED,2020-08-19T16:06:23.957Z,2020-08-19T16:07:30.677Z,master,7b94690d125bd310a06167cbb34784371bcefac0
{7b912b3d-088f-48f8-9dae-49a360457b1a},341,COMPLETED,2020-08-19T16:07:46.294Z,2020-08-19T16:16:15.038Z,staging,7b94690d125bd310a06167cbb34784371bcefac0
{7035f424-6176-4a44-acaa-2849a156e82f},342,COMPLETED,2020-08-20T18:43:09.182Z,2020-08-20T18:52:03.193Z,production,7b94690d125bd310a06167cbb34784371bcefac0
{ae92d7c6-fa32-4608-a51b-a6787bc0fb4f},343,COMPLETED,2020-08-27T01:25:00.853Z,2020-08-27T01:25:31.567Z,master,1727afacc137ac8c7d70adabee4945a887e7f561
{57196b21-859b-4527-9993-7a587daa4ef3},344,COMPLETED,2020-08-27T01:25:53.144Z,2020-08-27T01:33:47.094Z,staging,1727afacc137ac8c7d70adabee4945a887e7f561
{5998ba17-a6cc-42b8-88f6-a343a61248d7},345,COMPLETED,2020-08-27T01:41:56.171Z,2020-08-27T01:50:03.081Z,production,1727afacc137ac8c7d70adabee4945a887e7f561
{918eb8d7-7abf-4c15-8045-4ae29b1a8907},346,COMPLETED,2020-08-27T14:58:22.847Z,2020-08-27T15:13:44.1Z,master,5f1a3738327ce70e0eb6634cab1dfaccf2109400
{827e7643-2272-4ad1-a4ea-4914aabb92f1},347,COMPLETED,2020-08-27T17:21:02.153Z,2020-08-27T17:27:23.183Z,staging,5f1a3738327ce70e0eb6634cab1dfaccf2109400
{fd339fc3-767a-4f36-b7a9-60907c1774b4},348,COMPLETED,2020-08-27T18:07:54.23Z,2020-08-27T18:17:19.803Z,master,5c9896e30d81460054fdfc024fb4d9b25908af18
{f2b1e653-aa55-46e4-b3aa-909dcd1ea450},349,COMPLETED,2020-08-31T14:54:16.614Z,2020-08-31T15:04:32.347Z,master,b7673be662e882bd5b27cc05f73fdea1252510cc
{c5a1963f-f713-435f-a01a-e4bb22c7f25f},350,COMPLETED,2020-09-03T12:47:36.123Z,2020-09-03T12:54:10.487Z,staging,b7673be662e882bd5b27cc05f73fdea1252510cc
{dcf0dd5f-1c9e-4102-994a-338c4297ec0a},351,COMPLETED,2020-09-03T13:58:44.216Z,2020-09-03T14:07:13.169Z,master,fa7cef6f4ea64a54e249e2a140606a6a38de029a
{fca33bb6-49cd-46d4-b85b-e0fa394919b7},352,COMPLETED,2020-09-03T14:18:13.282Z,2020-09-03T14:24:57.459Z,staging,fa7cef6f4ea64a54e249e2a140606a6a38de029a
{453aef78-b0ae-4cea-a45f-eb6cd2c03bfe},353,COMPLETED,2020-09-03T19:43:38.81Z,2020-09-03T20:05:50.173Z,master,10f4b6d77f9ac7d0d5f3bacb0b920178df579273
{a4773594-5279-4ba1-a845-c408fa716d47},354,COMPLETED,2020-09-03T19:44:56.759Z,2020-09-03T19:52:18.509Z,staging,10f4b6d77f9ac7d0d5f3bacb0b920178df579273
{b2d9b0b8-aca9-4df7-8d7c-73f8da56e71e},355,COMPLETED,2020-09-04T19:02:47.761Z,2020-09-04T19:09:38.28Z,production,10f4b6d77f9ac7d0d5f3bacb0b920178df579273
{5ac75021-768a-4004-bea3-bc07a27b15c4},356,COMPLETED,2020-09-08T15:12:47.131Z,2020-09-08T15:22:17.325Z,master,b3885395e6268f97934e49a81ea73bc0453f6119
{fcd2c0cb-e0bf-4d5d-abbe-7f5fef3f0400},357,COMPLETED,2020-09-08T19:26:44.384Z,2020-09-08T19:34:35.595Z,master,34d25f75bb17c5798769080263307fdf7e218dba
{dbe773bc-8682-4e0c-87a4-3d8c50556183},358,COMPLETED,2020-09-08T21:00:26.318Z,2020-09-08T21:11:06.941Z,master,0438c205772d05308da3d5202d7922eae5dfa3c4
{bfe22305-fc12-44d7-a098-d2388cc8d36f},359,COMPLETED,2020-09-08T21:15:42.535Z,2020-09-08T21:25:37.903Z,master,5fc234287ae1824b88ea0a0c40bafccc63276a90
{ab85d295-f83c-4c64-a01f-2394270d580e},360,COMPLETED,2020-09-08T21:26:38.365Z,2020-09-08T21:34:17.756Z,staging,5fc234287ae1824b88ea0a0c40bafccc63276a90
{850d4e51-d1e9-4624-9efc-0657a3b87911},361,COMPLETED,2020-09-09T14:56:00.565Z,2020-09-09T15:07:15.532Z,master,2dd83df98fee7dc868ea594cf6e246bfc107f812
{954fa92a-8556-4d85-92c1-c7baead6aeda},362,COMPLETED,2020-09-09T17:17:26.041Z,2020-09-09T17:26:03.281Z,master,8ee39793ae806d2ad2758c511110fd31f27365d8
{db958d61-7f18-4a21-a724-ffc121981427},363,COMPLETED,2020-09-09T17:18:00.214Z,2020-09-09T17:18:30.108Z,staging,5fc234287ae1824b88ea0a0c40bafccc63276a90
{f1d5e7f1-b806-49e5-9594-890317f47fd6},364,COMPLETED,2020-09-09T17:19:14.372Z,2020-09-09T17:27:03.173Z,staging,8ee39793ae806d2ad2758c511110fd31f27365d8
{81de61c9-d6b8-4cf5-84ce-6d040f908689},365,COMPLETED,2020-09-09T21:02:42.49Z,2020-09-09T21:10:51.018Z,master,5afe6a9476ff92ec803f62fe1bba00402d479983
{d59767fa-6a8e-47ad-8c77-eaf2f854b4ef},366,COMPLETED,2020-09-09T21:03:46.484Z,2020-09-09T21:04:25.03Z,staging,8ee39793ae806d2ad2758c511110fd31f27365d8
{7b2016cf-bdb2-4e9b-ac89-99b602f05ec5},367,COMPLETED,2020-09-09T21:05:03.642Z,2020-09-09T21:12:07.028Z,staging,5afe6a9476ff92ec803f62fe1bba00402d479983
{1d45e836-614d-4d20-a419-6099ea027e8d},368,COMPLETED,2020-09-10T19:04:52.574Z,2020-09-10T19:14:01.394Z,master,cbd5a7679bf2249bc08a38e93069d32fc99f0da3
{2c7dc24f-f7ef-4f54-ab59-474c48667d7d},369,COMPLETED,2020-09-10T19:52:06.83Z,2020-09-10T19:58:44.978Z,staging,cbd5a7679bf2249bc08a38e93069d32fc99f0da3
{a15426a4-92b0-47de-90b9-23b8ae65654e},370,COMPLETED,2020-09-14T14:56:08.523Z,2020-09-14T15:04:39.26Z,production,cbd5a7679bf2249bc08a38e93069d32fc99f0da3
{3370d376-7e28-480f-8f5a-2830fa4168aa},371,COMPLETED,2020-09-14T20:31:35.364Z,2020-09-14T20:46:16.087Z,master,526cb3481c553b33b05dcb4bd83f0c9ed2fbcda5
{7515503d-1dd0-42ab-b025-0bf5950247f8},372,COMPLETED,2020-09-14T20:50:49.086Z,2020-09-14T20:59:28.915Z,master,23ae5e6aa327817c7e4393fcb6367196555f76ff
{746aaaf3-6e56-43b4-b515-b9bdc1c36d91},373,COMPLETED,2020-09-14T21:31:59.211Z,2020-09-14T21:40:45.541Z,master,e5468bdbd11918303e4a67a661017bbec1da059c
{41965845-ff07-4cb9-bca3-b8c0e36bd6e7},374,COMPLETED,2020-09-15T13:19:17.896Z,2020-09-15T13:25:39.517Z,staging,e5468bdbd11918303e4a67a661017bbec1da059c
{5078696b-5d8f-4036-8bbf-429bd7bad2f8},375,COMPLETED,2020-09-15T14:07:55.488Z,2020-09-15T14:15:53.032Z,production,e5468bdbd11918303e4a67a661017bbec1da059c
{a8f0ec18-f88e-4f5e-9f7b-2c4b106940f0},376,COMPLETED,2020-09-15T14:23:17.369Z,2020-09-15T14:32:54.377Z,master,1a38ae56bd300f7d187c2b478dc9fe797388e827
{4d5d0de3-6ec4-453e-9bd4-c7dc8876fd1d},377,COMPLETED,2020-09-15T14:36:54.616Z,2020-09-15T14:46:19.472Z,master,64be817da6d8a5b7561ed01a92d7a3c85b17d00f
{0888e848-bc42-4e44-9c35-a424bc1be5b7},378,COMPLETED,2020-09-15T14:47:51.738Z,2020-09-15T14:56:11.824Z,staging,64be817da6d8a5b7561ed01a92d7a3c85b17d00f
{7c57635b-a9ae-497b-a928-e9fccd1d2ab4},379,COMPLETED,2020-09-15T20:52:21.387Z,2020-09-15T20:59:28.756Z,master,9e609435c2139989c474e38ea5829f9de10b58b8
{aee97173-aaed-4931-815f-c0b03d41aabe},380,COMPLETED,2020-09-16T14:49:28.039Z,2020-09-16T14:58:46.591Z,master,223d73ceff28016209a3b8646788a52f8f929ab4
{d217fcc4-da57-4683-bb42-54803db8bb06},381,COMPLETED,2020-09-16T20:14:31.521Z,2020-09-16T20:23:46.967Z,master,2e9fff18a01cd999f93d85e76c72b479d7b5022f
{3d959f8f-2d94-4580-a62a-e9ac25c8c26d},382,COMPLETED,2020-09-16T20:25:41.501Z,2020-09-16T20:34:06.623Z,master,e36f8ac99fa9b8b47b9b4109ce78d2bd0475303e
{6a0c5582-c976-4547-8ccf-9940b61994a3},383,COMPLETED,2020-09-17T13:58:00.116Z,2020-09-17T14:07:02.622Z,master,e28695396c132d881183b7c8a33a640106047952
{c5c99abc-90e4-4a95-9880-cc42d9b854ac},384,COMPLETED,2020-09-17T14:19:15.575Z,2020-09-17T14:30:46.452Z,master,64988f3633d7d4533d398678dbe710a0c60436de
{9e6176e2-1851-4e44-aa2c-27ece839003b},385,COMPLETED,2020-09-17T14:20:51.105Z,2020-09-17T14:30:14.635Z,master,2233bdb4b2fdd4a84be1e456cbeb22142af43857
{4233062d-e573-4e91-ad93-d044ac687a28},386,COMPLETED,2020-09-18T17:25:09.783Z,2020-09-18T17:34:25.346Z,master,10e0756630d93b627e557d4dade267fb36e59e9c
{84c81aa1-baad-4092-bdb5-92643b98c4c3},387,COMPLETED,2020-09-18T18:46:45.572Z,2020-09-18T18:56:17.186Z,master,c1e3d7838ff3270b8a5d3b3ca9ad7dd2916d8bd8
{32f96a76-bf6b-4b9a-93c5-d787a8dffdfd},388,COMPLETED,2020-09-18T19:59:39.974Z,2020-09-18T20:09:41.701Z,master,df3dc53b86b799e4b821bc56e8a54e40152aacd6
{c20d1878-66fb-4a25-867f-f158f560a1d2},389,COMPLETED,2020-09-18T21:22:41.91Z,2020-09-18T21:32:40.046Z,master,01544b7d1af2994bd8f30f2284d13dad7e4ff573
{deb897d4-fcb6-4d10-9342-e219c9f8861d},390,COMPLETED,2020-09-21T13:46:58.612Z,2020-09-21T13:56:47.271Z,master,078e860eff44882eaa43346156b0a93ae787b049
{25f1e0fc-54b2-48e0-b40d-d801e559ec9a},391,COMPLETED,2020-09-21T14:38:10.057Z,2020-09-21T14:48:18.824Z,master,2adbe4d2499c9b5060294c1a77b3b644d758438d
{80469801-755d-4f44-98aa-61e1137d9dcd},392,COMPLETED,2020-09-21T15:07:08.704Z,2020-09-21T15:17:23.389Z,master,b91063b420a70c641ac287484774430d808f3f50
{0c82bee7-7e32-4c43-acec-decfebd28c63},393,COMPLETED,2020-09-21T15:43:03.168Z,2020-09-21T15:51:11.198Z,master,316572def03d3bee7a8559ce9ede6b85c079ad58
{18ccdb44-fc50-4518-98d1-0fa45a82c916},394,COMPLETED,2020-09-21T17:16:51.101Z,2020-09-21T17:26:07.781Z,master,0a835a61926f1bc2aaa124ddb72737d08459e862
{2fa0a66a-99dd-411c-bee7-b0d684e63670},395,COMPLETED,2020-09-21T17:18:50.511Z,2020-09-21T17:27:43.613Z,master,75dec1905cbefd80d8c18acc4d372afdf8b4c81c
{6a1cb305-3954-48f2-b654-7794736ec267},396,COMPLETED,2020-09-21T18:16:20.935Z,2020-09-21T18:25:19.067Z,master,bcdf210bad0ae3846855042d0c51aee8da8a2f27
{0c3af1af-ee49-4dc5-b0cf-42270867c6b6},397,COMPLETED,2020-09-21T18:17:16.722Z,2020-09-21T18:25:16.016Z,staging,75dec1905cbefd80d8c18acc4d372afdf8b4c81c
{56fccc37-18ff-4952-a169-a196eb29d1e3},398,COMPLETED,2020-09-21T18:22:30.3Z,2020-09-21T18:32:03.082Z,master,630504dc787a486987bc2db9442752460cec121e
{4d7675b2-dae0-45cc-83a0-a11894e93977},399,COMPLETED,2020-09-21T18:54:25.469Z,2020-09-21T18:55:41.609Z,staging,75dec1905cbefd80d8c18acc4d372afdf8b4c81c
{14ea355c-80e7-42a4-983b-383b345b8358},400,COMPLETED,2020-09-21T19:01:47.062Z,2020-09-21T19:10:12.215Z,staging,630504dc787a486987bc2db9442752460cec121e
{c3acfdbc-5206-41a5-a3cc-e74e42422323},401,COMPLETED,2020-09-21T20:47:23.527Z,2020-09-21T20:57:38.118Z,master,55064f863871cc1400854c831bea334f034c6453
{a9281136-9157-48f8-a98f-29f7012a13c3},402,COMPLETED,2020-09-22T13:55:00.154Z,2020-09-22T14:04:08.618Z,master,6147376c56db819bb619ade20a0e0af8ac9c6f4c
{de396779-694e-4caa-a49d-2e71e2029dd1},403,COMPLETED,2020-09-22T15:48:22.23Z,2020-09-22T15:51:34.674Z,master,6147376c56db819bb619ade20a0e0af8ac9c6f4c
{da1f93b9-1632-476b-8405-2d134c3d4029},404,COMPLETED,2020-09-22T16:12:15.54Z,2020-09-22T16:20:51.875Z,master,55064f863871cc1400854c831bea334f034c6453
{64620065-f75b-4340-95d9-756c4d493df2},405,COMPLETED,2020-09-22T16:38:49.81Z,2020-09-22T16:48:02.148Z,master,d5d09cb501ed30f224280ad17e6651bb168ba005
{69570f6d-c979-45ad-a95e-e1e826722f7d},406,COMPLETED,2020-09-22T19:24:35.411Z,2020-09-22T19:32:23.085Z,master,b19832c3cae071a959fffc9c3c93f23b959c91ef
{15d47e54-f015-4113-afe0-7d7fd8055b1e},407,COMPLETED,2020-09-22T20:57:00.046Z,2020-09-22T21:04:38.545Z,master,a8db5d5712f794ee3b7fb749ed54f41e77150da5
{a26606c3-0835-4abf-85bf-40208cfcb172},408,COMPLETED,2020-09-23T17:28:27.229Z,2020-09-23T17:38:34.527Z,master,0125a5c366fa6c5d3286557462b13afde2124aca
{974ec1b5-d85f-4f2e-bdca-6e45469a02f6},409,COMPLETED,2020-09-23T18:11:31.761Z,2020-09-23T18:21:30.131Z,master,c4a12bac6ce80dc059c79345b8e2106eec698c0d
{5564f512-27ef-4581-a26b-ea4b613e7a2c},410,COMPLETED,2020-09-23T18:13:21.337Z,2020-09-23T18:23:07.817Z,master,8c5bbf0df97931c36fa87750f0abc223b5736adf
{cba792d3-9d12-4477-aded-f5d75de891ba},411,COMPLETED,2020-09-23T20:13:27.381Z,2020-09-23T20:24:24.499Z,master,4d9a70fbc20df05cef182cc2239d4d7dba683e74
{28012d44-234d-4119-9315-fbc8d4a9bfab},412,COMPLETED,2020-09-24T18:55:39.325Z,2020-09-24T19:05:20.89Z,master,4a2d23ec9bb1f575751994cea9a86170de8a10be
{5b4260e4-3469-4da7-8b98-5dea5e83f3a2},413,COMPLETED,2020-09-24T19:09:31.491Z,2020-09-24T19:12:35.998Z,master,53d12aa31a50f6cbb00ca745480ad063ec102644
{2ab4e6ae-0643-4fe9-b648-3bde62b40b75},414,COMPLETED,2020-09-24T20:07:03.389Z,2020-09-24T20:10:19.857Z,master,4bfdc539e3d64445d2036b017ceaa3bdb77eec12
{1ba13dca-caaa-4c4b-b668-52b47a015c7e},415,COMPLETED,2020-09-24T20:27:11.829Z,2020-09-24T20:30:14.444Z,master,eb6e4a60b5c0ed94276774ccdbc6e86ef6ceae34
{09d64b54-570d-41e2-9781-a0b4207f3d8a},416,COMPLETED,2020-09-24T20:34:13.666Z,2020-09-24T20:37:42.685Z,master,6b7750dfc3e8c0f0a61da5f5204487fbed0dad0e
{6a333986-0fd8-44af-adb3-f22ddc5ff50c},417,COMPLETED,2020-09-24T20:35:48.952Z,2020-09-24T20:38:42.485Z,master,0b93a02ed3d76b7ad146fcfb0f85993c76227125
{11f56d26-04c8-4453-b8ea-a05dbd51d9ae},418,COMPLETED,2020-09-24T20:36:07.685Z,2020-09-24T20:44:35.122Z,staging,0b93a02ed3d76b7ad146fcfb0f85993c76227125
{fbcc87c6-bfbf-42d1-aae2-42b4c815f88b},419,COMPLETED,2020-09-25T12:43:35.007Z,2020-09-25T12:47:09.279Z,master,23e87259bf2e56d12e13ab161b7d5eedc742ba1a
{32dbf6b0-7bed-4e02-bbad-43ba5db524f1},420,COMPLETED,2020-09-25T13:25:19.929Z,2020-09-25T13:36:39.582Z,master,53b12ef7a0329cac62f1e6ed9464df35ef643a22
{109c2b51-0b6c-4c2e-a6f0-1487def24da4},421,COMPLETED,2020-09-25T16:48:29.407Z,2020-09-25T16:58:29.73Z,master,887dfb03a784012da81c695b83bd0f672c7ca11c
{b2767f09-e607-45f8-aefd-fe604b31bb98},422,COMPLETED,2020-09-25T16:57:43.416Z,2020-09-25T17:06:45.696Z,master,7c866849d93560b47e105afdb150645ebb8afe3a
{f8c06599-cca6-48e6-81f4-2b888a4423e4},423,COMPLETED,2020-09-25T20:16:16.408Z,2020-09-25T20:24:53.918Z,master,180787d549cc884051f4bd152010dad4d5f641f9
{bef1f895-2d2f-41c3-96c8-1cfcf0651bd6},424,COMPLETED,2020-09-25T21:22:52.614Z,2020-09-25T21:31:24.136Z,master,75e6277422871bbea64f0dd42f9e4c8b8832b3b3
{b713b463-7075-4f0c-865c-688f49c00fdd},425,COMPLETED,2020-09-26T12:57:50.322Z,2020-09-26T13:07:21.952Z,master,f886667db5cce179fd1916ae77ec898d84469113
{e3fff842-b578-4a39-90b4-f541e876562d},426,COMPLETED,2020-09-26T13:05:15.721Z,2020-09-26T13:13:31.711Z,master,409fb0feaddb06ba81a4608543c882c8f8e30ca6
{7c1bf039-1bcd-4515-83ce-f9a149534c57},427,COMPLETED,2020-09-26T14:28:21.306Z,2020-09-26T14:37:08.654Z,master,242210df0305ae10c70d8c7059e8bd1db1c42c37
{8ea4fe0e-c393-4cb5-981b-8e58ca47e8e7},428,COMPLETED,2020-09-26T15:54:44.891Z,2020-09-26T16:02:57.071Z,master,408bd1c38aa0b9ffde4a831b9c263cdc3d2a0a6a
{6ff76cde-dcc6-4c7a-ba41-8b9c0fd8e10e},429,COMPLETED,2020-09-26T16:00:08.994Z,2020-09-26T16:09:02.024Z,master,7f3c1f748e8bb17c7b09a25d6436209bdd11f910
{f9f32d1b-a7a0-422f-9889-2376e8b68007},430,COMPLETED,2020-09-26T17:38:00.344Z,2020-09-26T17:46:37.675Z,master,a311993e5318d6b3cf4e93cb51e694d4b6ac858b
{9ce5c216-8e78-42aa-b8ec-f1a36f9eff06},431,COMPLETED,2020-09-26T21:24:26.178Z,2020-09-26T21:33:53.347Z,master,910fec679bd1f6cfae16707ac7b3c27bfee811ee
{8d0b6cbd-055f-4071-9810-a13d36172360},432,COMPLETED,2020-09-28T13:29:54.251Z,2020-09-28T13:40:00.422Z,master,f60358aea9563f392b75ec3b043e591432077f1a
{d38fda10-6315-4e36-b820-8bb6fa66dbaf},433,COMPLETED,2020-09-28T13:30:36.95Z,2020-09-28T13:43:09.726Z,master,3417b2ceaa5bb1cba3f904be44d2929e44c6f62d
{5e09011b-104d-44f5-8a01-60c50389c072},434,COMPLETED,2020-09-28T14:34:39.783Z,2020-09-28T14:43:55.846Z,master,4c20b063840f3c34267cb6dce05ee6ecd3bd2f55
{55aaec42-a1d1-415e-aa07-9f3b0bf0f780},435,COMPLETED,2020-09-28T15:11:36.693Z,2020-09-28T15:22:03.026Z,master,086d4b87aeef7badc3d7b9ecd32ac61a018e90db
{c5264010-a974-4a50-b5ec-8d9ec1a03ff9},436,COMPLETED,2020-09-28T20:03:30.852Z,2020-09-28T20:11:59.523Z,master,bc0d1e767b26073ccddb8f8dcba1502252d08cf5
{5a7ca1c4-bb98-4165-892e-342bbaf5f3a6},437,COMPLETED,2020-09-28T21:11:15.566Z,2020-09-28T21:20:08.439Z,master,de1836544afead5d2a2e70c5509532098249cb73
{cc670c2b-43fb-4fc1-a185-bccb0d691314},438,COMPLETED,2020-09-28T21:45:32.448Z,2020-09-28T21:55:29.966Z,master,931539828fe429e0f24df40086423d306a013900
{b11be543-3cac-4ce5-b312-4be61c34ed8f},439,COMPLETED,2020-09-28T22:56:34.796Z,2020-09-28T23:06:05.578Z,master,0733d7154f8f3318bd4e3c5d35116bd76bc6de43
{857a17b5-a1fc-4e44-bf7e-7e72e660929c},440,COMPLETED,2020-09-29T01:04:25.469Z,2020-09-29T01:14:11.584Z,master,2babc34e2be5c77259ee0ace830cba805e1450c9
{7f2aba8d-9abf-4dc8-bc33-2acec1006971},441,COMPLETED,2020-09-29T12:24:09.112Z,2020-09-29T12:37:31.562Z,master,3e0a6993769b42d61af77cc2bd91c598056041d0
{51182e76-c70f-42aa-a06e-ea93e888b94b},442,COMPLETED,2020-09-29T13:01:32.687Z,2020-09-29T13:11:44.544Z,master,792248249fa97bc6c7a3eedb0fb8551c934064a9
{a7993930-c604-4a57-9252-aa090c882a2f},443,COMPLETED,2020-09-29T13:23:38.488Z,2020-09-29T13:33:45.358Z,master,f02773a6ea311da248f8259d4d534a55171a2af0
{9730b079-8fc3-4639-8817-0ddbb1d87ed2},444,COMPLETED,2020-09-29T14:08:01.592Z,2020-09-29T14:18:03.497Z,master,30d625a5d89b2643b6b4d1f1fd435d168efa77e1
{9bff549d-f9a9-4404-849c-97c7e3673063},445,COMPLETED,2020-09-29T14:48:22.699Z,2020-09-29T15:00:10.872Z,master,68896e5ba33ae8984eda7f3fe5d0c6e41af33cf6
{ec133374-1d0d-4d2f-95d9-b43f8d11265e},446,COMPLETED,2020-09-29T15:02:40.397Z,2020-09-29T15:10:34.278Z,staging,68896e5ba33ae8984eda7f3fe5d0c6e41af33cf6
{84dea667-59a3-4929-8d1e-ae7b8db06453},447,COMPLETED,2020-09-29T19:28:23.961Z,2020-09-29T19:43:15.97Z,master,e664a4e5e5e48ad67be179a369e4faab0845caed
{57ddebed-39f3-4ee6-a80c-3a86c32de6a4},448,COMPLETED,2020-09-29T19:50:19.478Z,2020-09-29T19:59:45.901Z,master,abbd8aa4f36245c1881e0db8553698bc68519ea1
{da504264-999a-47ee-9997-570a7ba0a9bc},449,COMPLETED,2020-09-29T19:51:27.954Z,2020-09-29T19:58:17.589Z,staging,abbd8aa4f36245c1881e0db8553698bc68519ea1
{e4fa4655-b413-490b-97f8-375444508a75},450,COMPLETED,2020-09-29T20:04:09.275Z,2020-09-29T20:13:28.25Z,master,ca5ea4f443fb1a2a8177f6b7dae3e9b122c7a0f2
{6b66e6f9-6292-4d8d-91e1-a8e97d41b339},451,COMPLETED,2020-09-29T20:27:29.681Z,2020-09-29T20:37:50.374Z,production,ca5ea4f443fb1a2a8177f6b7dae3e9b122c7a0f2
{64ad53f0-5604-4a88-a2bb-86e1e42677a7},452,COMPLETED,2020-09-29T20:31:21.155Z,2020-09-29T20:38:34.471Z,staging,ca5ea4f443fb1a2a8177f6b7dae3e9b122c7a0f2
{7122587d-7b23-4534-9f23-17af4820071f},453,COMPLETED,2020-09-29T20:38:14.741Z,2020-09-29T20:49:02.831Z,master,eb617927190fdea97f350c1047f8de346e9c4bec
{4c48ea01-7708-42c6-a7f9-c07af04812ce},454,COMPLETED,2020-09-30T13:49:42.049Z,2020-09-30T13:50:36.856Z,master,987509125bec5c2948f45be245871eb8744ec54a
{0469669b-50c1-4c57-9687-ee199e5977ef},455,COMPLETED,2020-09-30T20:34:11.518Z,2020-09-30T20:45:47.463Z,master,e99132de4d12d88950ef5450b954b482ad22dd25
{e94e3525-b805-4311-a2dd-b0a29f1179e2},456,COMPLETED,2020-10-01T17:13:26.79Z,2020-10-01T17:16:16.18Z,master,34fc05a0fe2564bd80079b55e39d909f8eb0fa5c
{953ed12b-dfbe-47d7-abf4-950e603e1ebf},457,COMPLETED,2020-10-01T18:24:11.014Z,2020-10-01T18:32:00.371Z,staging,34fc05a0fe2564bd80079b55e39d909f8eb0fa5c
{3f77d498-72d5-4013-9dfc-e680f68373fd},458,COMPLETED,2020-10-01T20:35:55.129Z,2020-10-01T20:51:20.335Z,master,17127c7a9e378bc5e49988cd913221d54b03dcc4
{3736e763-5748-42d3-9d67-863ef1b69bb6},459,COMPLETED,2020-10-01T20:42:36.499Z,2020-10-01T20:50:42.846Z,production,34fc05a0fe2564bd80079b55e39d909f8eb0fa5c
{1f159750-ae50-4e78-8635-d9adc4f3f2eb},460,COMPLETED,2020-10-01T20:58:21.144Z,2020-10-01T21:07:48.073Z,master,6413f1e311ae44be5e2fb1a6c8d849e8ac811916
{84504cfa-87dd-4102-88f8-982b68894246},461,COMPLETED,2020-10-01T21:01:50.278Z,2020-10-01T21:09:25.296Z,staging,6413f1e311ae44be5e2fb1a6c8d849e8ac811916
{b18a7551-5943-46a5-b495-0322ab0285fa},462,COMPLETED,2020-10-02T14:01:56.194Z,2020-10-02T14:03:48.79Z,master,956184f5cb00512cf334ae1b5d2e6b6e850276e2
{bba2a848-778e-4981-a291-eb366fa67c74},463,COMPLETED,2020-10-02T14:08:48.975Z,2020-10-02T14:16:54.886Z,staging,956184f5cb00512cf334ae1b5d2e6b6e850276e2
{fb4842a8-e8a1-43e4-a044-6b5b5ca37d6d},464,COMPLETED,2020-10-02T17:19:47.207Z,2020-10-02T17:19:53.511Z,master,84366f8fb6f233ec3f59fa9262c4024f12b7b1da
{9519f0f5-91de-4187-9106-16c3c64f203d},465,COMPLETED,2020-10-02T17:29:28.476Z,2020-10-02T17:36:40.945Z,production,84366f8fb6f233ec3f59fa9262c4024f12b7b1da
{7b82dc7f-4bb1-4da4-9acc-ceaf00989778},466,COMPLETED,2020-10-02T18:00:36.861Z,2020-10-02T18:09:07.53Z,master,32e1866875862980689438ccd3445e603d1c13f3
{5a0d5e63-e56f-4ffc-a1b4-746cbe05dd07},467,COMPLETED,2020-10-02T18:19:15.544Z,2020-10-02T18:26:24.065Z,staging,32e1866875862980689438ccd3445e603d1c13f3
{326338b8-7047-46ea-a52a-df6928ef928d},468,COMPLETED,2020-10-02T18:38:43.037Z,2020-10-02T18:40:43.06Z,master,9854664ad7c11ab003b6ad95a33ba553085b8fee
{c2a262f3-997a-468c-a485-c53139486738},469,COMPLETED,2020-10-02T18:43:24.743Z,2020-10-02T18:49:36.662Z,staging,9854664ad7c11ab003b6ad95a33ba553085b8fee
{729e5ab5-e913-49db-9f33-ec4dfd6c1fc3},470,COMPLETED,2020-10-02T20:29:46.43Z,2020-10-02T20:41:20.172Z,master,2adf449b290dc223b8f70b0c56f87439b1999e2b
{f7a8141a-7c4e-411c-b438-fe94dae738e9},471,COMPLETED,2020-10-02T20:30:33.892Z,2020-10-02T20:37:17.774Z,staging,2adf449b290dc223b8f70b0c56f87439b1999e2b
{2e8ce897-8f1f-4ab8-8b51-9f1b65e35292},472,COMPLETED,2020-10-05T15:07:12.384Z,2020-10-05T15:07:31.5Z,master,68af2e5359a3574e7b11ff1d7bf9113bc8116a0e
{67bcd89d-10ff-40e9-a3bc-5b647310e4b3},473,COMPLETED,2020-10-05T18:34:01.822Z,2020-10-05T18:41:31.962Z,master,468dd92872e7e759abc7f323b24184e3664edbde
{d884ac4d-948f-4570-abba-0f144b7a4d86},474,COMPLETED,2020-10-05T18:55:23.965Z,2020-10-05T18:59:57.094Z,master,50dec40a15299a8e4a0f690757a7d4937074629e
{41259e79-cc25-4778-ad69-5b1a7e992b79},475,COMPLETED,2020-10-05T19:36:49.151Z,2020-10-05T19:47:32.108Z,master,e88db335cfed346da00eb9ec1ad2c5f83c57f272
{11035ee5-5dd9-454c-8db6-3af0cb9944eb},476,COMPLETED,2020-10-05T20:05:31.818Z,2020-10-05T20:15:39.415Z,master,a550a6b0348e34d5d1c0507f24914ba81e7259cd
{f7f218bf-34f0-45e3-b886-47ab86d8f6f5},477,COMPLETED,2020-10-06T12:08:31.352Z,2020-10-06T12:16:42.813Z,staging,3e62a71411063866e264416b6fa11d619c0cd8fb
{d18e0f34-86f5-4b25-ad79-6278ac43b921},478,COMPLETED,2020-10-06T14:02:43.206Z,2020-10-06T14:11:58.551Z,master,30fab5fbadb55e4ca62c7a46578cb7eab643f7af
{8cf2367f-6055-407b-9c7b-2a5647b3c0a3},479,COMPLETED,2020-10-06T14:25:52.804Z,2020-10-06T14:33:42.796Z,master,3e62a71411063866e264416b6fa11d619c0cd8fb
{0cbd903d-98d9-43cf-9810-7702362658ed},480,COMPLETED,2020-10-06T14:57:35.217Z,2020-10-06T15:04:53.745Z,staging,4eea1ce29c548c8b7b1f6d94104fc58846deec1e
{51f49001-8bcd-46c3-8865-8e4df05cc1a0},481,COMPLETED,2020-10-06T16:19:46.533Z,2020-10-06T16:27:37.262Z,master,30fab5fbadb55e4ca62c7a46578cb7eab643f7af
{46a45afb-9890-4b14-9205-4cb52706f5f9},482,COMPLETED,2020-10-06T17:23:25.971Z,2020-10-06T17:30:54.998Z,master,30fab5fbadb55e4ca62c7a46578cb7eab643f7af
{0c6bb40a-d4ef-4181-979b-13e99eabe403},483,COMPLETED,2020-10-06T17:39:22.38Z,2020-10-06T17:47:34.046Z,master,3e62a71411063866e264416b6fa11d619c0cd8fb
{3b47eb45-958a-4b6b-a9be-5a41ac243eee},484,COMPLETED,2020-10-07T12:39:55.868Z,2020-10-07T12:40:12.497Z,master,ad768f3371012965421fb82a51964fb2db83f038
{d6f1dfd1-1bfd-4fe7-a1b0-3f857b941eb2},485,COMPLETED,2020-10-07T12:59:58.096Z,2020-10-07T13:07:17.666Z,staging,ad768f3371012965421fb82a51964fb2db83f038
{b490012a-a637-4835-8da9-a5ea026bf26b},486,COMPLETED,2020-10-07T13:07:41.654Z,2020-10-07T13:16:23.097Z,production,ad768f3371012965421fb82a51964fb2db83f038
{410db687-3cc8-41e9-8c87-8d2ccdb74935},487,COMPLETED,2020-10-07T14:58:55.304Z,2020-10-07T15:01:16.613Z,master,234ebfed35fd6b91f9c7b277bf8f83ad6ad45fef
{8f83e7e1-d6f9-4dbe-9a08-5e78c2c9cf61},488,COMPLETED,2020-10-07T15:03:56.4Z,2020-10-07T15:13:46.326Z,production,234ebfed35fd6b91f9c7b277bf8f83ad6ad45fef
{df943dbe-77b0-41a2-a964-f53d145eea47},489,COMPLETED,2020-10-07T17:26:19.231Z,2020-10-07T17:28:58.336Z,master,20762729a280cabf2fa6906637ad3089dd45dd2a
{cea35aa3-ca39-409f-8aea-4c5da7710b91},490,COMPLETED,2020-10-07T20:37:24.089Z,2020-10-07T20:50:31.06Z,master,62908e1e80d0c2d091123396fb3717ecbd8084d4
{3a1fafbb-d7e6-4c75-86e4-2bd8ca75955a},491,COMPLETED,2020-10-08T13:49:24.466Z,2020-10-08T13:54:28.504Z,master,e1f0fc5187ad4bea9fb3faf3f5352bfbdff30dc5
{3f5a7f11-8c7a-467e-8a86-f730f43dd543},492,COMPLETED,2020-10-08T13:55:51.724Z,2020-10-08T14:11:40.067Z,master,8f444c2c0870eaefee11e32671248a85fe1f46f5
{be7a18a5-d52e-402b-846f-b28b38bdb4c9},493,COMPLETED,2020-10-08T18:00:36.66Z,2020-10-08T18:09:37.593Z,master,c418d88d23b86c5500d6ecb45e8aa1f49e8c1827
{5dc97e30-cae3-4f92-bbc5-b94d7c5cbe3a},494,COMPLETED,2020-10-08T20:00:06.04Z,2020-10-08T20:12:35.355Z,staging,c418d88d23b86c5500d6ecb45e8aa1f49e8c1827
{912e3119-bae3-4684-84fb-6a0978734754},495,COMPLETED,2020-10-08T20:43:24.075Z,2020-10-08T20:53:16.593Z,master,db284008a7e16902f553277167fa4ae05365a7a9
{c674d4b0-6aae-46f9-b03f-7d5eda2e9b6c},496,COMPLETED,2020-10-09T13:23:17.448Z,2020-10-09T13:23:28.864Z,master,a3f5e3ac117d174a8b87c3163ddbfe08e47908fb
{e98ddb0e-77b9-4c01-b046-6dc886bb16cc},497,COMPLETED,2020-10-09T20:36:13.609Z,2020-10-09T20:46:13.096Z,master,8d6abcd750cf20454bd907e978bcd78a7032fe51
{2518f830-c954-4152-8408-3fc317c0ed9c},498,COMPLETED,2020-10-09T20:47:21.1Z,2020-10-09T20:56:46.481Z,master,8765a00b1b06ef1d99200ac63ff3a86954637af4
{3146885f-cc98-400c-87ce-f61d226748fb},499,COMPLETED,2020-10-09T21:00:14.405Z,2020-10-09T21:07:28.012Z,staging,8765a00b1b06ef1d99200ac63ff3a86954637af4
{fdb3993c-633c-41ce-b2f8-e7f037a0a072},500,COMPLETED,2020-10-13T13:34:47.094Z,2020-10-13T13:36:24.426Z,master,2fa9771ee7efb31672b14bb528b62c256d8fdeba
{c905fd8c-c8de-47a3-ba31-5e08d3546689},501,COMPLETED,2020-10-13T13:34:58.912Z,2020-10-13T13:48:05.195Z,master,cca62b9a3037b252f13714200e894a566e818fb2
{2625e8b0-2f99-4d62-ac57-b61522465fad},502,COMPLETED,2020-10-13T13:36:44.31Z,2020-10-13T13:44:06.672Z,staging,cca62b9a3037b252f13714200e894a566e818fb2
{b7ee09a2-4051-4f94-8034-ac3766854f1a},503,COMPLETED,2020-10-13T19:38:12.985Z,2020-10-13T19:50:06.84Z,master,a43c0aee8e7c08742859cb8115d9cfddb4b2b626
{f8c5bf03-de21-4fae-b335-f978c23d3660},504,COMPLETED,2020-10-13T19:53:10.374Z,2020-10-13T20:02:45.62Z,master,2bb18075f5b1645515a1327c026b0a1ef38a2b76
{d958c41d-c452-40b0-b1c5-5b0361f8fc80},505,COMPLETED,2020-10-13T20:08:20.515Z,2020-10-13T20:15:38.494Z,staging,2bb18075f5b1645515a1327c026b0a1ef38a2b76
{3827b4ed-fad6-4632-a5f4-2bac5fa308d2},506,COMPLETED,2020-10-13T21:05:51.491Z,2020-10-13T21:16:07.629Z,master,4b7c932f7a8f3b0c5b61ea16c92772db2d901ff3
{7598f4e9-b003-4e16-98fe-a176275c4be3},507,COMPLETED,2020-10-14T13:56:10.903Z,2020-10-14T14:07:39.076Z,master,65c76976e323c9f04891c1d4c15b18cff6883fce
{3fb08dd5-0a71-48c1-92ce-138161b45643},508,COMPLETED,2020-10-14T13:59:24.046Z,2020-10-14T14:11:01.441Z,master,4a26ca1a5ee882d09abf2d53f31073ff479373cc
{07beb3e0-c76c-4ab3-bdc5-9ac24d5b1029},509,COMPLETED,2020-10-14T14:24:16.389Z,2020-10-14T14:27:53.433Z,master,8ae288df8924d1a3041121663f147deb0fd0e785
{3cb6b5af-191c-47af-b4a3-a66daac2c8f1},510,COMPLETED,2020-10-14T14:29:44.403Z,2020-10-14T14:30:13.681Z,master,cc082e5b1ba5a83ff3e394636a22c867fa459060
{0321d695-8d7b-4c39-9d0b-c8c9a57b1b5d},511,COMPLETED,2020-10-14T14:59:53.593Z,2020-10-14T15:00:04.641Z,master,a92558b473a0b0e3647c9af37a0affecaadd8b97
{1f379b17-5dab-4213-a7bb-0c556da9035b},512,COMPLETED,2020-10-14T15:07:12.319Z,2020-10-14T15:07:35.543Z,master,8774cf41d3d75fa594609c39bf2f4d2b373b059f
{bb059ed4-1d37-4a96-8739-9b3bb4e566e5},513,COMPLETED,2020-10-14T19:05:54.707Z,2020-10-14T19:15:28.065Z,master,239366ba45d8265fba8e5797397f89fe1fd55c9f
{45427599-01fe-4fa6-8139-22516409ba84},514,COMPLETED,2020-10-14T19:24:47.279Z,2020-10-14T19:34:08.134Z,master,f1de8acfcdadd0f56c53a0acb82bb0374c11d42b
{74d09962-529b-4366-8915-c2ba7e08c8fc},515,COMPLETED,2020-10-14T19:36:43.159Z,2020-10-14T19:37:42.039Z,staging,2bb18075f5b1645515a1327c026b0a1ef38a2b76
{bdd5e1d5-372c-4d84-bc91-fc0e002efd22},516,COMPLETED,2020-10-14T19:42:43.773Z,2020-10-14T19:50:38.255Z,staging,f1de8acfcdadd0f56c53a0acb82bb0374c11d42b
{bbda49eb-5b14-498e-8151-df77f892a3bd},517,COMPLETED,2020-10-15T18:50:01.594Z,2020-10-15T18:57:39.554Z,staging,69c227f5c52d9b8366f20faf2e38bd38b994848e
{ab1a39e9-c3ab-4d69-b763-7cae6caf04ae},518,COMPLETED,2020-10-15T20:18:53.992Z,2020-10-15T20:32:36.091Z,production,69c227f5c52d9b8366f20faf2e38bd38b994848e
{44df328a-2978-463c-8adb-3f0debc27981},519,COMPLETED,2020-10-15T20:50:31.643Z,2020-10-15T20:59:13.474Z,staging,a8f2c689c02bb775e6fb9911d07f0f0b3a3c51da
{86f5cfc2-2781-4387-8ec3-99ff22805f20},520,COMPLETED,2020-10-15T22:39:48.595Z,2020-10-15T22:47:26.794Z,production,7defb2a5b5ed3da51fb705ee40906254529ae34b
{f8970b98-4fb0-4a19-b587-caef9c537830},521,COMPLETED,2020-10-16T18:30:40.276Z,2020-10-16T18:37:14.447Z,staging,3a543da068c947b16b103e7cfea2530c948957d9
{d187de9a-cd1a-49a8-893c-231c2be0f3b1},522,COMPLETED,2020-10-16T18:40:11.11Z,2020-10-16T18:48:11.136Z,production,3a543da068c947b16b103e7cfea2530c948957d9
{c1e2fc06-1c08-4007-8c95-c41f9093986c},523,COMPLETED,2020-10-19T14:58:31.401Z,2020-10-19T14:59:45.211Z,staging,3a543da068c947b16b103e7cfea2530c948957d9
{0ea84004-89b6-453f-879f-6ebb602597c7},524,COMPLETED,2020-10-20T19:25:56.706Z,2020-10-20T19:33:58.012Z,production,5e8d8242634bb8afab59f52ac9fcb1b38c9660f7
{dbe0e2e6-118b-4c25-901a-9ad5d5dc8c40},525,COMPLETED,2020-10-21T14:10:07.328Z,2020-10-21T14:17:43.507Z,staging,53969d46d316907fce6942d8a6b083ba295fd092
{2b4f9af5-c554-4358-a9da-c87c2045626b},526,COMPLETED,2020-10-21T14:18:20.834Z,2020-10-21T14:25:30.94Z,staging,84454a95299a4e3493faad9d4cedc64f70a832ce
{b44b7d14-4a1e-4f93-9c53-25128477a9c0},527,COMPLETED,2020-10-21T14:19:10.285Z,2020-10-21T14:37:24.271Z,master,84454a95299a4e3493faad9d4cedc64f70a832ce
{4db6c52a-d19f-4e85-8198-e279a8c8ce9c},528,COMPLETED,2020-10-21T18:59:38.461Z,2020-10-21T19:06:48.963Z,staging,22ba08eacfc84ef088dfe5ee94ac581bc509004a
{b477a73d-be6e-4ad4-a5eb-21da4e409a77},529,COMPLETED,2020-10-22T18:42:58.089Z,2020-10-22T18:43:07.291Z,staging,22ba08eacfc84ef088dfe5ee94ac581bc509004a
{fa3744c6-f6ca-4b77-9e7e-ba9bf04385ae},530,COMPLETED,2020-10-22T18:43:44.001Z,2020-10-22T18:50:49.949Z,staging,6e4c907ca3dcd4e520d406133732dc7fe3b7f30a
{a3c81c88-7411-4009-a187-4bedfe4a0c85},531,COMPLETED,2020-10-26T15:25:09.645Z,2020-10-26T15:33:32.223Z,production,6e4c907ca3dcd4e520d406133732dc7fe3b7f30a
{6d4be1bb-0669-4f97-9d91-eb292668cdfc},532,COMPLETED,2020-10-27T15:08:59.569Z,2020-10-27T15:17:59.488Z,staging,7b1bde821bcd311a4fb54546ec8536c2ed596cdf
{3d41603c-6192-437a-b4ff-70df383f7b9a},533,COMPLETED,2020-10-27T17:04:09.935Z,2020-10-27T17:13:50.988Z,production,7b1bde821bcd311a4fb54546ec8536c2ed596cdf
{8a356c8c-5313-4d1d-8877-c2d1ff1fdb7f},534,COMPLETED,2020-10-29T12:36:50.986Z,2020-10-29T12:45:09.547Z,staging,0ba672ff008994c96de3ab086054d264cfbc58a3
{d6e5cce4-98f4-404c-9d68-84d10f180771},535,COMPLETED,2020-10-29T18:29:13.324Z,2020-10-29T18:36:51.087Z,production,0ba672ff008994c96de3ab086054d264cfbc58a3
{0105a0e1-2ada-419f-96cd-a7e23acacc1d},536,COMPLETED,2020-11-04T14:53:46.8Z,2020-11-04T14:55:27.171Z,staging,0ba672ff008994c96de3ab086054d264cfbc58a3
{6136e491-5233-4749-a5b0-4a8d84f4cffe},537,COMPLETED,2020-11-04T14:58:02.456Z,2020-11-04T15:04:23.655Z,staging,7a30e4a51759aba9189bb5d83a00bbed897642f3
{c4ee8071-5f76-4282-ae74-837044de63cb},538,COMPLETED,2020-11-05T13:26:31.22Z,2020-11-05T13:44:15.259Z,master,61c209a02e94efdbb9b6bafefc72e5285c101ca8
{bdb67970-64a0-4e16-ae97-9a6bb1a0a661},539,COMPLETED,2020-11-06T01:09:00.078Z,2020-11-06T01:17:38.017Z,master,b027b33c8016460b71ba8cfb6a27f58ebae5d44c
{f79a3726-8957-42c3-97fc-840370a3976c},540,COMPLETED,2020-11-09T12:34:55.597Z,2020-11-09T12:45:11.239Z,master,9099e8f10f0d38c925cd7a4a0c631fe41a6ed706
{c6adef65-a8ac-4ccc-816c-51e01094cb41},541,COMPLETED,2020-11-09T13:59:28.915Z,2020-11-09T14:12:55.992Z,master,54391cc2de5a5a032e996416e5f75ef721dd7cb9
{a4a676df-44e6-4690-9ba0-b36a1f96e042},542,COMPLETED,2020-11-09T17:56:28.945Z,2020-11-09T18:07:17.847Z,master,29cb01341073bb6f2f8653351fc3e07140e851b9
{b65fb465-fd6d-4fac-8863-92abac9b7c39},543,COMPLETED,2020-11-09T18:10:18.65Z,2020-11-09T18:23:50.712Z,master,29cb01341073bb6f2f8653351fc3e07140e851b9
{aeab2887-9ae8-427e-99a3-c4ff5ef673af},544,COMPLETED,2020-11-09T19:26:47.649Z,2020-11-09T19:37:58.954Z,master,8f3416bff8e3a4d9875de00c0b08f984ffe709fd
{9fbbca22-8382-4458-a6b5-b7f76a8901bb},545,COMPLETED,2020-11-11T21:34:31.66Z,2020-11-11T21:45:16.29Z,master,762875f3ef4f48400e71ec8f2f3ccffc13f3f035
{4c9bac48-5454-455a-855d-b21f28fbbbaf},546,COMPLETED,2020-11-12T14:46:59.41Z,2020-11-12T14:56:38.138Z,master,6f8b26b785831a77e11cb11520d01313b3aeb49b
{82b3d053-c812-4ecb-be63-edd3db029b8b},547,COMPLETED,2020-11-12T16:50:58.566Z,2020-11-12T17:01:50.716Z,master,3a4fa21b08998d43d82e98aefcbcf3156303359b
{fa4ff26d-41a9-4518-aafc-23c12a4250b5},548,COMPLETED,2020-11-12T18:06:01.214Z,2020-11-12T18:17:20.995Z,master,769f584f46bce3d1261b836561e8da1e6ff12e4d
{4afdd1c6-f553-4ae8-915d-5c90a34dcbe6},549,COMPLETED,2020-11-12T18:58:49.134Z,2020-11-12T19:10:40.377Z,master,a23bd6762fe0a209c183f63519aeb797e2ef805e
{6eedf226-c874-4444-905b-8452ee75407a},550,COMPLETED,2020-11-12T20:55:08.825Z,2020-11-12T21:04:47.855Z,master,53dacdc7c45a28a6be7430758a39bea415fe6ffc
{b5133977-d8b8-4147-a6e9-fe9399daa180},551,COMPLETED,2020-11-13T13:57:40.227Z,2020-11-13T14:08:23.651Z,master,ec68b2b689090efbca1f7757c4fd252e91aed7d3
{c4aabd58-c4ef-41f5-b9be-501a728a6e65},552,COMPLETED,2020-11-13T17:12:48.285Z,2020-11-13T17:23:43.451Z,master,0f3efd441a854ea84c127a515ac46d9eeb0f094e
{f227b7ab-8f4f-44ea-b991-29da94d148c1},553,COMPLETED,2020-11-13T17:26:33.775Z,2020-11-13T17:37:15.38Z,master,fd821e70a97764dae0ea0ccf37c53a127e720dfa
{98913079-274c-463d-986c-d1275d8d0dbd},554,COMPLETED,2020-11-13T17:32:24.487Z,2020-11-13T17:39:10.487Z,staging,fd821e70a97764dae0ea0ccf37c53a127e720dfa
{3b232ee1-8557-40a7-a8bf-d2b825920396},555,COMPLETED,2020-11-13T17:46:31.91Z,2020-11-13T17:56:54.349Z,master,06c7c830bae0f004544e83217038c5d155372d4b
{f5733648-fdb3-4324-aa90-82c04a4e4dc0},556,COMPLETED,2020-11-17T14:46:49.253Z,2020-11-17T15:07:23.805Z,master,f4bdb060eeebfe136744474d982790117b48b091
{f3f9b9e7-a47f-432f-a0d1-0fcfe62f3e7b},557,COMPLETED,2020-11-17T18:24:52.159Z,2020-11-17T18:34:09.682Z,production,fd821e70a97764dae0ea0ccf37c53a127e720dfa
{819ef02a-d270-473b-b6ec-bada03b75d7d},558,COMPLETED,2020-11-17T18:50:59.797Z,2020-11-17T18:58:09.449Z,staging,f4bdb060eeebfe136744474d982790117b48b091
{f59c3a55-b9c8-46cc-8751-f1f761a1d85b},559,COMPLETED,2020-11-18T04:40:15.733754Z,2020-11-18T04:56:48.860057Z,master,22651ff936a0b3af558e46c8bc355c086af45a86
{3f9437ad-b5b2-46ac-bc01-677f0f6ea7d4},560,COMPLETED,2020-11-18T05:25:40.495365Z,2020-11-18T05:35:37.40242Z,master,afc970acd996ad5c786d0b7c0012658bf4a84880
{0112b7f2-8d38-4c6d-aff0-2cc527b67aeb},561,COMPLETED,2020-11-18T05:40:38.487157Z,2020-11-18T05:53:17.519691Z,master,5d8ac763302cad19b4a344bd77c1b12accc731d0
{b405a611-ad1f-448c-927c-49fad1c46124},562,COMPLETED,2020-11-19T15:30:31.272208Z,2020-11-19T15:42:30.60556Z,master,829bde07d8584412588d0f0f0791b546dff76e79
{3f415379-55b3-4d29-98df-8378131ac79b},563,COMPLETED,2020-11-19T17:45:25.037197Z,2020-11-19T17:55:58.751218Z,master,890c731cd7218cf1c2437e38900d5c76a13da9e5
{a434172f-c686-4065-bc53-86e49bd75069},564,COMPLETED,2020-11-19T18:58:52.687282Z,2020-11-19T19:08:39.792446Z,master,b77e2280a79c36c226524d14c6982044055ce6a0
{ddd3ab3a-e23d-4d51-a7cc-20f474ba6cef},565,COMPLETED,2020-11-19T19:03:41.495216Z,2020-11-19T19:15:17.42524Z,staging,b77e2280a79c36c226524d14c6982044055ce6a0
{4fed9006-ff93-49b8-91a2-91db4bec1461},566,COMPLETED,2020-11-19T19:55:21.388077Z,2020-11-19T20:05:51.838188Z,master,952e8fe6a07a7edb2fdbb394b6616006ce09441e
{c28bd050-35ef-4026-803a-9e4f5f468b17},567,COMPLETED,2020-11-19T19:56:25.209192Z,2020-11-19T20:02:44.201934Z,staging,952e8fe6a07a7edb2fdbb394b6616006ce09441e
{5299f900-7a2a-47cb-a8d0-5f9ad3b56f33},568,COMPLETED,2020-11-20T14:02:14.102064Z,2020-11-20T14:12:59.061821Z,master,00de2edee85793314de192021cf565927a82aa8f
{f2ff8e52-6115-4318-918f-0011fc55a4e3},569,COMPLETED,2020-11-20T17:25:23.096925Z,2020-11-20T17:36:43.07212Z,master,6fa5672ff7629c3442f8b2b5a87f80399209b877
{23fcb1b5-0ae3-4d8f-9a53-1d1094ab7704},570,COMPLETED,2020-11-20T17:50:40.428302Z,2020-11-20T18:00:11.463617Z,master,92e176bb59a2699dd20a6a10ee6e9f52b09c4963
{4ec13d08-6b46-433a-96fe-7db9ecd00a7b},571,COMPLETED,2020-11-21T13:28:39.158869Z,2020-11-21T13:29:05.203994Z,master,923414f6746df421896be271498649796ca9633b
{b3d8c016-e1df-4703-bc7d-67412ce0f621},572,COMPLETED,2020-11-21T13:29:16.722037Z,2020-11-21T13:36:53.807372Z,staging,923414f6746df421896be271498649796ca9633b
{e9ff0661-4b5c-4e70-93bc-f45c3b95f0b2},573,COMPLETED,2020-11-21T17:44:21.507741Z,2020-11-21T17:55:17.984217Z,master,105aa0762fe30a9e3dce03e8b6c9bb8c7ed278a6
{c046c0ac-aded-4170-b284-b77422b9ed82},574,COMPLETED,2020-11-21T18:43:38.727951Z,2020-11-21T18:56:37.171802Z,master,a81c8371a936184b2d1a057cd00d50f06fdb1d33
{b5c98be4-cda0-4b42-b942-ef0b23b2652d},575,COMPLETED,2020-11-21T18:51:14.954879Z,2020-11-21T19:00:50.33276Z,master,c6557eef41d830244ddc90bcd4bf6a9795b715a0
{548b6db3-f9c5-404f-8205-e1a550360d4b},576,COMPLETED,2020-11-24T19:01:55.505659Z,2020-11-24T19:03:42.414545Z,master,fd7f705a1e00130b4cdb031f49c612edecb58c7c
{3eb4cba8-4d0b-4abf-ae9e-b9315761f75d},577,COMPLETED,2020-11-24T19:04:03.680989Z,2020-11-24T19:10:12.123774Z,staging,fd7f705a1e00130b4cdb031f49c612edecb58c7c
{acff1573-d57c-42c1-b6b8-3e53cae06ca4},578,COMPLETED,2020-11-25T19:57:24.527464Z,2020-11-25T20:14:50.142458Z,master,eb6452de1f76de1e02013479a426d35993f2b856
{cdd57299-056d-4af0-91b0-c81a95dfc0a5},579,COMPLETED,2020-11-26T19:53:00.267691Z,2020-11-26T19:54:06.749348Z,master,06e54d07cb2d2decdf69415c01c69f45a257a45b
{9d149beb-b4b4-495f-80eb-794d89afbdd3},580,COMPLETED,2020-11-26T19:57:13.952573Z,2020-11-26T20:03:18.997619Z,staging,06e54d07cb2d2decdf69415c01c69f45a257a45b
{5a5107b0-378f-487b-a4ad-a401d1a08f85},581,COMPLETED,2020-11-26T20:43:45.164537Z,2020-11-26T20:55:20.882959Z,master,a2ef93a5c20e87dc1ace323127f929820b029e5a
{aae757d0-e3d0-4526-8f40-a53ed0e52f49},582,COMPLETED,2020-11-27T14:54:35.604764Z,2020-11-27T15:04:51.009557Z,master,594618461f2880eb3f73ab0f4bb27eb41fd2ee2e
{662e453a-9faf-4229-a9eb-1c4a86432700},583,COMPLETED,2020-11-27T18:59:40.365093Z,2020-11-27T19:06:17.096046Z,staging,594618461f2880eb3f73ab0f4bb27eb41fd2ee2e
{019f5f2e-a873-4041-a50a-95e08a233fc4},584,COMPLETED,2020-12-01T14:46:38.606502Z,2020-12-01T14:59:25.534515Z,master,c485ef6a8eafe5fbb0a9ef33de7aaeedb95be707
{952a7a95-9a48-49a0-943d-221ca9e79aa2},585,COMPLETED,2020-12-01T14:47:30.122997Z,2020-12-01T14:53:33.009185Z,staging,c485ef6a8eafe5fbb0a9ef33de7aaeedb95be707
{1cdcb596-3bf3-4bd1-acef-8ef4867d9b92},586,COMPLETED,2020-12-01T18:36:21.19274Z,2020-12-01T18:49:12.863968Z,master,6a41e9bb38ac01701b6767c11e75985f34384076
{0b14e15e-de13-4457-bdd0-3560c0cf0be5},587,COMPLETED,2020-12-01T18:36:51.743926Z,2020-12-01T18:45:32.957503Z,staging,6a41e9bb38ac01701b6767c11e75985f34384076
{a5a39187-7601-4a9e-862a-a9821be559d1},588,COMPLETED,2020-12-01T18:51:40.779419Z,2020-12-01T18:52:05.280528Z,master,7f75db7ef3a7857ecee3023ff74780121c468ee2
{9350bf21-12bd-426d-a2e3-f113745ce34f},589,COMPLETED,2020-12-01T19:00:17.93557Z,2020-12-01T19:09:38.316148Z,master,feca5110c9bf4faf447bb6e18cef0b57fa15edad
{fadfb475-c0a5-408b-82d4-9cc045a64f50},590,COMPLETED,2020-12-03T14:01:25.148647Z,2020-12-03T14:18:40.657201Z,master,ec0d6235ee3224eabaac007caa10d8585d5844c5
{49b9d18c-0145-49e4-99d2-3f97665b11c1},591,COMPLETED,2020-12-03T17:39:29.03526Z,2020-12-03T17:48:45.202442Z,master,77eac73ed0895e256f933d78f97b418a966d3e52
{697735fe-6204-4746-b65e-4a575dd9e425},592,COMPLETED,2020-12-03T17:45:17.454368Z,2020-12-03T17:56:29.834296Z,master,b3eeb18382b07d013d07596bde902c5e45c7ec6b
{fe3bf698-9509-4ed5-be73-2e2d3d635ce4},593,COMPLETED,2020-12-03T17:56:14.620359Z,2020-12-03T18:07:24.204212Z,master,7ca8201d45ef8e05d1343bc66a6c5cac21931c8d
{0ad74b8c-eabe-42fd-b5c8-0c478b5d0fcb},594,COMPLETED,2020-12-03T19:12:56.275448Z,2020-12-03T19:24:07.47606Z,master,f99b28323012cfc8704c976d5ca44e71ce9131c2
{bc7ac7e3-8bc9-4f4c-ad0a-84fd82809a7e},595,COMPLETED,2020-12-03T19:17:51.142941Z,2020-12-03T19:25:31.67443Z,staging,f99b28323012cfc8704c976d5ca44e71ce9131c2
{296126a4-bae6-405c-be46-610903d1a258},596,COMPLETED,2020-12-03T19:59:25.545211Z,2020-12-03T20:10:41.195024Z,master,6c94bcdf2931aa273bf26695694cbe652981b793
{712ab409-a3ea-4373-9130-fdc81f5b590a},597,COMPLETED,2020-12-04T14:18:53.259144Z,2020-12-04T14:32:25.307626Z,master,a6224409c8a5ef39958d06e1a835afc02d8d6b85
{7af13174-e5f8-4555-bd80-96d9722eaac1},598,COMPLETED,2020-12-05T02:11:47.494085Z,2020-12-05T02:21:53.92134Z,master,85506351bf9d05e1c45aeee53c4e65cd669c5d91
{fcf22d3c-3d50-4bfb-8f6f-3956885d0d31},599,COMPLETED,2020-12-18T19:21:42.540453Z,2020-12-18T19:47:14.990161Z,master,5ecca41e5eaef464e4cdb57e40f6f38b59d13e13
{366be1d5-08b5-4407-8c7d-e30e78fe7027},600,COMPLETED,2020-12-18T19:24:51.819965Z,2020-12-18T19:31:51.63338Z,staging,5ecca41e5eaef464e4cdb57e40f6f38b59d13e13
{e3abf1c0-ac27-42c1-a5c5-713ca13f880f},601,COMPLETED,2020-12-21T22:22:17.765691Z,2020-12-21T22:34:23.382607Z,master,02d92ff60f6c195ada376778d7f2d11888ca6259
{f1bacc0d-bde0-4d22-bc02-522c56ed6e8d},602,COMPLETED,2020-12-22T02:05:52.444895Z,2020-12-22T02:17:35.936411Z,master,58302dd1c04579ad2e33c46bc10f896f40e25448
{0632b3ef-845b-4de1-a1b5-85f926755f96},603,COMPLETED,2020-12-22T04:29:41.240755Z,2020-12-22T04:41:02.512692Z,master,89ff0c39c2482bef390a61f40be41d593a1100cc
{431d68a3-6f31-42ee-a4e0-14f49a8dfc8a},604,COMPLETED,2020-12-22T04:41:55.100055Z,2020-12-22T04:55:33.794661Z,master,526b029fba085ec090026f613fe44abe9c58849b
{76294b24-f19d-4cf5-9bcf-46f2a093b1e0},605,COMPLETED,2020-12-22T15:03:48.490279Z,2020-12-22T15:14:44.144878Z,master,ab565b60480f8e432d44ecd724cd453e605b1a62
{71885232-041c-45f9-a298-b3a0c376be8c},606,COMPLETED,2020-12-22T18:45:27.6027Z,2020-12-22T18:56:35.564182Z,master,6d8faef509b694c1094d28693f21467b6b9b348a
{310248de-1c21-4b2c-92b0-26d8c985c692},607,COMPLETED,2020-12-22T21:12:38.516474Z,2020-12-22T21:31:30.655085Z,master,496c4eb69107c7ac97de4dce4bbb2b25ce3e9a8f
{726a5f1b-eeaa-46a5-80bf-cdc40e75ccb8},608,COMPLETED,2020-12-23T12:50:24.678675Z,2020-12-23T13:01:02.664531Z,master,16f50ec362e69d8bec964868b029f9c9cea98372
{1a0a54fe-c0e3-411b-899d-470bdaacdff8},609,COMPLETED,2020-12-23T14:29:19.858939Z,2020-12-23T14:41:33.502598Z,master,cba284a95ab859f4ef7225a89946f56ae76e1d10
{b9d11dab-55d7-40de-83e6-0025c5d4f109},610,COMPLETED,2020-12-28T21:38:49.304931Z,2020-12-28T21:54:58.292009Z,master,ce70cf5395a62175d72b71d85605926fca10d887
{e176675f-2889-4664-bfd7-779cf3e7d759},611,COMPLETED,2020-12-29T01:53:22.625765Z,2020-12-29T02:03:49.882647Z,master,830d442c0d6a373a680ee4759200d9c339fd56ea
{5a664ceb-5a4f-4f84-81cf-fbd32cd3cc3e},612,COMPLETED,2020-12-29T13:27:31.520829Z,2020-12-29T13:36:33.934181Z,master,2b5fd5c9da28beb4d1c58c166abe43548ce7fcf9
{d94d9aba-e520-4c50-b5a6-5311dd0a922f},613,COMPLETED,2020-12-29T16:51:10.825594Z,2020-12-29T17:02:51.530049Z,master,a33c3cc46f401b899c9fa2b716d06cbd6518dbd7
{271c6faa-f1d4-433a-90a1-9cf3621e2781},614,COMPLETED,2020-12-30T19:31:35.355795Z,2020-12-30T19:42:54.26772Z,master,d5e0e3d4d7b21386102a7db746b1dae6699fbc5f
{b63891b4-b9de-479b-9d1b-b22dcb1b37f0},615,COMPLETED,2020-12-30T19:55:50.40576Z,2020-12-30T20:05:57.663321Z,master,a637c60a6d7a6c9026fd24ecd75fbce1dbc203e5
{286a3f1d-5723-49fd-ad70-6312aa7f0006},616,COMPLETED,2021-01-04T19:27:24.98353Z,2021-01-04T19:36:56.304043Z,master,10be7de7b46a83f65afb4f2a1f293a73822d1331
{3b546685-c50a-4b16-a41d-5c921fb314bb},617,COMPLETED,2021-01-05T03:54:54.283939Z,2021-01-05T04:12:27.72971Z,master,aa0efe276ac742252287ecc6327edd5067401b35
{99584196-ff80-4056-bcd1-4f58840e390e},618,COMPLETED,2021-01-06T19:17:59.008659Z,2021-01-06T19:29:38.94118Z,master,02a543187a0ce9bca8139d8ad0dd0df033f858b4
{22d1e177-74d4-4819-b6b1-eba9c7be57b9},619,COMPLETED,2021-01-07T02:22:21.14852Z,2021-01-07T02:32:59.562591Z,master,7a836c300a73153d230908b685eece316b9d9d5c
{0a77f702-e425-4b4d-82e4-96cbdc92115f},620,COMPLETED,2021-01-07T03:16:20.262463Z,2021-01-07T03:26:10.842257Z,master,15ac197655b5e9e6052e29bd230b5f629ee90534
{82f93389-f0b1-4f2f-b27f-801b5b28ff42},621,COMPLETED,2021-01-09T02:25:48.759414Z,2021-01-09T02:35:19.21191Z,master,fdce840a9726b5fd6b068f144235c8f99d740553
{006cd729-e9e9-490c-b0b2-5f46ab46eb68},622,COMPLETED,2021-01-13T02:02:37.093798Z,2021-01-13T02:16:52.418469Z,master,3c6c5132746e2b2342bf26b522c15c0c99018853
{e410815b-cd17-4d4b-9eb5-89695164bc2b},623,COMPLETED,2021-01-18T23:19:44.95014Z,2021-01-18T23:29:42.751255Z,master,9fd48956d84482b834d8f9ac40a41e49c86ed566
{cb1e5fb5-a003-4d85-8dbc-176387bc5987},624,COMPLETED,2021-01-18T23:33:39.806156Z,2021-01-18T23:43:36.254747Z,master,ce71b9580b72465523690c20f5230ab09407c8f6
{92181fe1-cbea-47ef-9d25-c99881aa08c9},625,COMPLETED,2021-01-19T03:28:37.974736Z,2021-01-19T17:54:38.819395Z,master,dbe7803901140bab55d926e118ede302c491374c
{d8a9bc17-5214-4977-b8b0-49f282297d8e},626,COMPLETED,2021-01-20T18:26:35.260543Z,2021-01-20T18:42:21.412506Z,master,348f6e0e44a4133f4e0600726333d348a9f1abab
{2abd3f6e-4218-4e73-96b0-9bd4a2714441},627,COMPLETED,2021-01-21T11:48:39.899213Z,2021-01-21T11:54:37.680358Z,master,11f03717fd8de1981b4d30d06bcecb34ea117984
{26ed4f5c-f258-4c4e-8c65-7c978f0a5365},628,COMPLETED,2021-01-21T15:52:36.829121Z,2021-01-21T16:04:14.952963Z,master,09b2fce38d0d2998a5aacf72394f8cf237db0202
{126b61f1-8fe1-4748-8b40-99a93e17d797},629,COMPLETED,2021-01-21T20:33:22.083889Z,2021-01-21T20:44:53.759522Z,master,a250c4e63af43574f5c54197d811b425a86735d0
{33169488-3fd5-4715-ad2f-754177f2acf0},630,COMPLETED,2021-01-22T20:29:43.785975Z,2021-01-22T20:42:10.928538Z,master,6cf55574d452f0cbb8382a74d6d13098a362e330
{b6dc21c9-15aa-49c8-a1fc-60e746f90198},631,COMPLETED,2021-01-25T14:33:41.176815Z,2021-01-25T14:51:20.934101Z,master,ccc72f9d037a6bf958eaa02c09beb468c2abd67c
{58cf2da6-1b07-486e-9041-71e4c9ba48fa},632,COMPLETED,2021-01-25T19:10:26.984173Z,2021-01-25T19:21:47.791136Z,master,dcb295d590f6a4ece69a5f9b15d5d4b9821e4e12
{b5cb1539-a971-4aea-b246-878a549fcfa3},633,COMPLETED,2021-01-25T19:32:46.083734Z,2021-01-25T19:43:28.583785Z,master,fd1f460ad06040bc693d7bb7ca42eb6e3cda7115
{3b50ef18-3783-4de7-86a6-83c3ae7df15c},634,COMPLETED,2021-01-26T17:18:41.137423Z,2021-01-26T19:01:17.368483Z,master,ffa340d92641c321ca8227c4264e337c7fcb86f1
{a4dc83d4-e99a-4421-9a26-caa4c4113c31},635,COMPLETED,2021-01-29T13:00:30.472182Z,2021-01-29T13:18:34.896122Z,master,54f2fe5e866ec0687c8d07365eff93773598c4d6
{8f112d89-1c08-40bc-806e-51335bb452e0},636,COMPLETED,2021-02-04T20:28:07.54258Z,2021-02-04T20:40:46.80248Z,master,1160ae11bab673bec69fcabba82cb5e71cbd8777
{0e989e58-ce47-4cd0-8704-49fe385e7f9e},637,COMPLETED,2021-02-05T19:40:58.022426Z,2021-02-05T20:01:05.412027Z,master,e10cdfe50102ce504ebc07a0236b2ff7936e55fa
{b15068ff-1314-4176-b4a1-4e9057bbbcb7},638,COMPLETED,2021-02-05T20:00:34.364139Z,2021-02-05T20:12:09.220268Z,master,f1207fbbe556f1b9f3c74c352d488b08c3d8cc25
{9d159b8f-abab-4a11-a6bf-398b5e758f1d},639,COMPLETED,2021-02-05T21:30:28.180433Z,2021-02-05T21:41:00.421501Z,master,c62fdd24dc558fb8aae69650b4225c109e0faca8
{25acd2cd-9681-4964-bc0d-5780aaadf839},640,COMPLETED,2021-02-08T17:52:31.338352Z,2021-02-08T18:03:33.218777Z,master,f61dc60c84e279978c3cd4bd3e570ad0170c0dfa
{f8d2a509-072b-4a06-8556-eba30b3d0311},641,COMPLETED,2021-02-08T18:39:35.829967Z,2021-02-08T18:50:58.386783Z,master,2bd60df24f4c72d8e11fa671681424d49ad26f1e
{408f7e90-57a7-40f2-b190-b915a31f759d},642,COMPLETED,2021-02-10T13:15:47.801782Z,2021-02-10T13:29:10.140836Z,master,e5a7ea4e4de18f2906cf264b8493f372e49d8af5
{7d037599-694b-4435-ab82-5bb98fdc66f0},643,COMPLETED,2021-02-10T16:39:21.576207Z,2021-02-10T16:51:23.944617Z,master,61b0c07f9b259f6ac29fd1b8fcb160268ec1471c
{971d46c0-e6e3-44b9-a713-b5f28b52a47f},644,COMPLETED,2021-02-11T14:23:42.722426Z,2021-02-11T14:35:36.702766Z,master,ca56dd572392fc027ce84d3aafafbcddb5e02a97
{bbb81a20-7bd6-4f34-b163-685e98d44b08},645,COMPLETED,2021-02-11T14:42:30.110699Z,2021-02-11T14:54:39.248906Z,master,4a874018b453a74e0d7630e4147d8707d4f745a7
{33fd9897-b3a2-48e6-b7f4-08b3a1ee8f8c},646,COMPLETED,2021-02-11T18:04:11.489682Z,2021-02-11T18:14:56.246792Z,master,8be2941aa447279bd2d50a7fadf3f4baef45beff
{cd1fb71d-73b2-47ef-805e-93cb0e9bc7f4},647,COMPLETED,2021-02-12T18:13:29.391375Z,2021-02-12T18:24:21.627391Z,master,feccb06eb90da4c9ee3fd681def578e263c4b756
{e1ef4453-3b53-46e8-a8b5-4ff96a5ee932},648,COMPLETED,2021-02-15T22:19:01.734106Z,2021-02-15T22:35:07.759319Z,master,c37e497ff62b0996e7809401b9f8ce45890e52fa
{b089e1e8-b293-4ad8-8813-cda19ba81531},649,COMPLETED,2021-02-15T22:32:38.764172Z,2021-02-15T22:43:52.530489Z,master,e5f7dc575a1e91751f519a76fc23f97da972fd34
{9bced985-54ea-499c-be4f-b44ba34466d3},650,COMPLETED,2021-02-15T22:46:42.426939Z,2021-02-15T22:57:29.821376Z,master,5468f7876ddf658c113c3a15a1f57f418203aec2
{23500897-f209-456c-9704-d1d95082bfa6},651,COMPLETED,2021-02-15T23:16:49.756916Z,2021-02-15T23:30:17.178981Z,master,b6ef441419a56746d6a73a151a01359e221c9176
{c1cbf037-4d44-411a-ad9e-3bc5ad8c9ece},652,COMPLETED,2021-02-16T20:21:15.173754Z,2021-02-16T20:34:11.90878Z,master,dbb441b5d0dab43bbd903bf599369f03a99f3c18
{fc02c207-d2f5-46b2-8f02-cc0fc1fd7e94},653,COMPLETED,2021-02-16T21:51:37.95259Z,2021-02-16T22:04:35.808705Z,master,3cb18c17adc9ebd363cb150523466b3fd272c923
{1ea4d2a3-3ec0-4db8-8313-a519bf91dbb2},654,COMPLETED,2021-02-18T01:41:41.76583Z,2021-02-18T01:51:30.759335Z,master,2c2b890b1dd618fa1d290fc7ae015c2033dd0b27
{2b0ae03c-798d-4e20-b58e-d3fe6b571226},655,COMPLETED,2021-02-19T20:43:00.730599Z,2021-02-19T20:55:49.248533Z,master,cbd3bc3e8aa6655405a9cf207e8eaa535b1560b8
{bd478265-bc42-4add-b038-eb3a2db2b107},656,COMPLETED,2021-02-22T19:13:14.012434Z,2021-02-22T19:28:21.135379Z,master,e47ebc5f1fc15ea1a0968602385742b060f7a99f
{af327da8-0fa4-46ba-a555-90d9c282b6ab},657,COMPLETED,2021-02-23T19:33:07.263825Z,2021-02-23T19:50:32.915365Z,master,c36140f428f9223784edc9e976177ea7827f53e9
{4b136599-80f7-456b-8dc7-42468060d767},658,COMPLETED,2021-02-24T15:43:56.632721Z,2021-02-24T15:58:10.499273Z,master,487ce53e83fd7d40a48c476e52050d7bd14cdbb2
{82d80f31-a31a-4804-8434-ce685a9a69d6},659,COMPLETED,2021-02-24T19:25:41.278381Z,2021-02-24T19:37:32.503255Z,master,c704d56e9b085843f829049a6a92de4955a9dbf5
{fe06cfa7-c059-4609-a095-d2b14050face},660,COMPLETED,2021-03-01T18:19:29.473206Z,2021-03-01T18:29:45.807485Z,master,c360401d29f4fae0fc1536f61a1f89d00de612e1
{fe276e49-d23c-4b1d-bff9-30861050d68a},661,COMPLETED,2021-03-11T18:23:20.856698Z,2021-03-11T18:43:10.362192Z,master,c8eaa7339b05be25ab6421be058cbcd3a0b0d814
{ab12dddb-27fa-4e9a-87fa-4a03fe68dec4},662,COMPLETED,2021-03-11T19:59:19.548195Z,2021-03-11T20:19:30.802413Z,master,780120879f2ace633f227f5ee8e6ec12caa40dd1
{f5026f81-7629-43f5-bc5a-89f64390aaa6},663,COMPLETED,2021-03-12T13:45:27.585603Z,2021-03-12T13:57:24.205734Z,master,0ab4cf843a5e4c1096c64c6eabf812c4a0acd85b
{a85fe0d8-0413-4e5c-8a02-d618ab039205},664,COMPLETED,2021-03-16T14:10:58.854334Z,2021-03-16T14:38:09.343559Z,master,96117cd397d27b750b0d306992d58a913e427e45
{8f34eb7f-3bc0-4f6a-bd3a-fba667e32a9b},665,COMPLETED,2021-03-16T19:23:52.522973Z,2021-03-16T19:36:16.034103Z,master,d2fcc4010315ec8c77bc19fe8b32a34a6d3f69fa
{828a9d84-9185-4f2b-a21d-2b29be08bd09},666,COMPLETED,2021-03-16T20:14:56.429446Z,2021-03-16T20:29:03.018601Z,master,4bdb5e34ee084766180f2cf5d6b075bd0395d40d
{948b8248-9612-4ff0-b168-4bea1c2584d9},667,COMPLETED,2021-03-16T21:16:27.217341Z,2021-03-16T21:29:01.387217Z,master,a1f86ba514b4e95cde054ad8e5c687f15d4029c3
{859f19e1-045c-48a4-9ced-fbb09bde94a1},668,COMPLETED,2021-03-16T21:29:43.450778Z,2021-03-16T21:41:28.282967Z,master,f5340e987a2f62f6245e4c05bdd0cd4c64614afa
{a64bbd66-71e8-4410-899d-64d2eabf5654},669,COMPLETED,2021-03-17T01:36:33.652187Z,2021-03-17T13:18:38.328359Z,master,e71fbc701dbafebeba7a86467acb1d62bbef1993
{3685e1b8-d7e5-4920-b323-d4290cff64b5},670,COMPLETED,2021-03-18T20:36:21.943071Z,2021-03-18T20:49:13.455907Z,master,bbb979b516ad410226387529174b11ed5ba849c5
{2589ab0b-3667-4317-aaa2-ce13af916332},671,COMPLETED,2021-03-25T20:57:37.748872Z,2021-03-25T20:58:54.508287Z,master,d755911ab8027b092ed929a435d8d175b1f8b87f
{d2f3d52a-9642-460d-a6c3-0b9007ca59f4},672,COMPLETED,2021-03-25T21:02:18.27652Z,2021-03-25T21:03:36.456554Z,master,d755911ab8027b092ed929a435d8d175b1f8b87f
{180f2692-6ca9-42a7-aae9-8d4f18920772},673,COMPLETED,2021-03-26T13:59:48.147271Z,2021-03-26T14:01:23.761855Z,master,dea9c14df2bce08960b9e6462cc31c47d346a1a1
{20f9b364-cf3e-4c84-96bb-e47d626e81a6},674,COMPLETED,2021-03-26T16:58:25.822998Z,2021-03-26T17:16:11.703822Z,master,d19056c4d39e8eba905657b50882e28b21261b76
{d4cfd1ad-55b9-4ddd-8500-c59c331b6a0c},675,COMPLETED,2021-04-01T20:30:38.280969Z,2021-04-01T20:44:41.407602Z,master,bd40338d2f67ebc0d9b885ae1a94ddcf7db4ce04
{77ebc528-b618-4e55-9135-fe1196131397},676,COMPLETED,2021-04-02T02:16:50.604631Z,2021-04-02T02:31:05.335879Z,master,2b083e15f7533296782ed2ea25b1c1937b89959a
{607730fd-5c02-4606-a581-81c5eaaad042},677,COMPLETED,2021-04-12T20:54:45.415006Z,2021-04-12T21:13:03.455378Z,master,0bf4d6110f871c65b898554b37df2bc7de3ccdd5
{2869489d-1378-46f7-aa03-d40c40374323},678,COMPLETED,2021-04-12T23:08:12.952907Z,2021-04-12T23:28:16.276817Z,master,9b8d2f5a0a10bb259e9b71b4c9795c3442422705
{c6afe42a-f228-414c-8ccb-483b0f2ed4d5},679,COMPLETED,2021-04-19T18:44:46.239742Z,2021-04-19T18:57:37.44999Z,master,87e027a1fae62d5dc8b79ccd109a980945a27dd0
{7d64c65e-3ea7-4a97-acb7-6bce0b743d66},680,COMPLETED,2021-04-19T22:00:29.313834Z,2021-04-19T22:18:17.521824Z,master,d9711f8136dd636d3aa2970d88a2b2c39704ce86
{2ade080a-b95f-49d5-a2c0-2b44431d7d70},681,COMPLETED,2021-04-20T17:41:33.891447Z,2021-04-20T17:56:30.611545Z,master,0783e11d5e259880abb6cc8b9395470bcc7032a5
{b5f1b528-11ba-4f6c-aea7-53afeda2d820},682,COMPLETED,2021-04-22T20:06:53.613012Z,2021-04-22T20:20:35.167047Z,master,093a13b5fb722e03eaf212f8c7e1cc6b2e9ecbd6
{941f4ce4-b556-4b22-be42-1e12a8372aed},683,COMPLETED,2021-04-23T02:50:10.522976Z,2021-04-23T03:04:18.605274Z,master,b28d84b7875ec302cdb401994e92b0211de41495
{85516811-071d-4288-8d25-82a9a2a9f819},684,COMPLETED,2021-04-23T19:22:41.146482Z,2021-04-23T19:35:10.538212Z,master,64ce3075575de970d009aaa3a129aecd2799a218
{12d0a598-4060-4b77-9eeb-6279101d6a7b},685,COMPLETED,2021-04-29T19:20:18.332254Z,2021-04-29T19:39:35.406956Z,master,817307fdc1f750c965f92a1b358ae96944916332
{70284dc9-b3b4-4559-a680-04e0aa9b1b2d},686,COMPLETED,2021-04-29T23:38:01.339421Z,2021-04-29T23:54:56.753239Z,master,a0bdea05631182db0542505ef0b977c1365f0720
{f1236192-7ecc-4c4c-9f41-df5b61029e13},687,COMPLETED,2021-04-30T01:59:51.429766Z,2021-04-30T02:16:38.986026Z,master,4940de36885168aca3d4718ea34bd44b39a03c20
{0d186858-a58b-4abd-9aa2-888254c120a6},688,COMPLETED,2021-05-03T13:39:34.614574Z,2021-05-03T13:53:55.128347Z,master,879891d55ee21bad182bb43d6e8a56037095ff1b
{d6431b41-8881-4086-8672-66e9f46b7e50},689,COMPLETED,2021-05-03T17:50:49.213431Z,2021-05-03T18:05:10.741765Z,master,ae6ea71e5d6480b5885776430de9b664c59ec0dd
{089cbf90-9cf3-4a95-b15c-1263ff7ae397},690,COMPLETED,2021-05-05T19:49:43.0762Z,2021-05-05T20:04:42.338942Z,master,bdb324031cb55057fba4bcfa3565c4594b27aedd
{f3b2b19b-439a-40fd-8987-c92c2e16d33b},691,COMPLETED,2021-05-06T18:22:03.348748Z,2021-05-06T18:36:20.214488Z,master,af34651a86dc0c36376137939ae41b5ce09a6859
{5111274c-4e76-46b2-b03b-83a638c8bb2c},692,COMPLETED,2021-05-07T18:30:27.113957Z,2021-05-07T18:48:13.650238Z,master,c20ec57456b3fb14b125cba600d5a448782f0ece
{a35846dd-afaf-44f1-a418-497e0a8bd0f9},693,COMPLETED,2021-05-10T17:30:36.293762Z,2021-05-10T17:43:35.438968Z,master,0f90048d1fd05b891f85b142d646e22fbf4725c2
{45cbacf7-fe62-40ee-b89b-2b352224c687},694,COMPLETED,2021-05-10T17:31:55.287229Z,2021-05-10T17:47:15.393156Z,master,3785dc2fe2219ab86215575b5d2dab79389f38b3
{a95529ac-56c0-4c86-a001-ce1eb94d85f9},695,COMPLETED,2021-05-11T13:43:53.703218Z,2021-05-11T13:58:01.595319Z,master,e46fd03c85edffcc834b19c8167dca3d4d105d4e
{21467c42-e5b9-4a57-a564-ef0f8e8e1741},696,COMPLETED,2021-05-12T00:21:45.701917Z,2021-05-12T00:37:21.798064Z,master,733cf59c3da09e85deb5bb0618e7f464ea70a3ef
{af69142e-7dcb-48ba-a5f9-a9615a9b1d3c},697,COMPLETED,2021-05-17T17:45:53.608472Z,2021-05-17T18:07:52.284973Z,master,5e62571674a636086f32344b194e82ec2f82bca6
{67ac3aac-07e6-4c4a-b9c4-361f89ecadd5},698,COMPLETED,2021-05-18T15:27:03.104872Z,2021-05-18T15:42:35.474148Z,master,4daaac4d952387f15b48a139de31623495d17d1e
{864ad6a5-6fd0-4210-bc67-f018135cbd38},699,COMPLETED,2021-05-18T16:31:01.327642Z,2021-05-18T16:45:23.557474Z,master,f1db91ea635dd6593c41029acec1e06fe2f74b17
{ba501d7a-464b-4a41-971e-2def82eaeeac},700,COMPLETED,2021-05-20T20:04:05.481863Z,2021-05-20T20:19:31.067561Z,master,59bf560f0c37eb127f9ce9d98761aea030c7a346
{d3a9bc32-3502-450b-96d9-eac8761a109e},701,COMPLETED,2021-05-24T21:02:25.687209Z,2021-05-24T21:24:00.996487Z,master,5d2b5b325b33e731da1bab158bb9593e0bb6c097
{f6b1078f-39b1-4249-8d88-9253b5ad4928},702,COMPLETED,2021-05-27T19:26:26.708618Z,2021-05-27T19:40:47.203098Z,master,43556ceacd6b67313508b760ff48cb8f7e6b0092
{ef8a1353-6ce0-4beb-9214-223117746586},703,COMPLETED,2021-05-29T00:42:50.242079Z,2021-05-29T00:59:05.472574Z,master,0784a77a81139c3885cb0d994bd26b6aa3534354
{1b7ad89e-28f0-4e33-96ca-613fb77c663f},704,COMPLETED,2021-05-29T02:24:41.58043Z,2021-05-29T02:41:28.093555Z,master,7b475d3fe1b7ca44638b23379a890aeee005ed75
{c225afb6-9b16-431f-ae75-ee709e492227},705,COMPLETED,2021-05-31T14:32:17.852294Z,2021-05-31T14:47:20.551301Z,master,1d2601f000ea3939ea42b82a9e6f646f795924f9
{12384c9b-c81e-4e91-87b7-0d0e3248132d},706,COMPLETED,2021-05-31T16:51:37.998099Z,2021-05-31T17:07:27.064838Z,master,bea34dd8cd8d7a85ec56b4f8293ddc9c0eece9f4
{8d0ffaf9-de91-4309-af29-ef93c6fb2f0b},707,COMPLETED,2021-05-31T18:03:53.25582Z,2021-05-31T18:19:49.933413Z,master,df9d66d81f626910b81e11bc16b61e214eb555c9
{864bf685-8e4e-4d63-936a-07c060ddbd43},708,COMPLETED,2021-05-31T18:25:08.055109Z,2021-05-31T18:41:24.709529Z,master,4d81a550135c7f0d86170121e68c13fe7fc81325
{c55c9a3a-7af8-4c9a-ad05-9ab2fada7088},709,COMPLETED,2021-05-31T18:26:41.510409Z,2021-05-31T18:44:11.117256Z,master,8f77d676d95bd88cfe90e8eefa8d8c3a44110d8d
{0ad7fe65-2e92-4082-a6ef-1bca3fe8b60a},710,COMPLETED,2021-06-02T19:30:15.882928Z,2021-06-02T19:53:34.11647Z,master,1b274f3e65e40704d2939b620dbc159630f9e152
{6ddfbb70-55d0-48ba-8b23-94b6fab03802},711,COMPLETED,2021-06-02T23:09:32.988648Z,2021-06-02T23:25:00.424199Z,master,ae7aa7d7cb2c1f2c1ee5882c44b9a5882d58de25
{58939203-6ed4-4a3e-a7e3-3fc84c706524},712,COMPLETED,2021-06-03T00:20:04.522894Z,2021-06-03T00:36:01.065732Z,master,72bd5a5afb73e7714df048a9934ce0784fc7db75
{e7eb55b8-4654-4457-8d1d-22097c3bc8c8},713,COMPLETED,2021-06-03T03:11:38.007338Z,2021-06-03T03:26:50.592189Z,master,75633cc479ef75822fa0f4357fc0ae8cff306c19
{3e2c0f27-0256-4523-9700-579ca26204f8},714,COMPLETED,2021-06-04T12:57:18.99746Z,2021-06-04T13:22:54.742031Z,master,657d3ea022db24c397cf5366508bcd4f1b8a7a83
{c6f8ec18-1397-43f7-ad1a-26e4170947f9},715,COMPLETED,2021-06-04T13:11:46.456786Z,2021-06-04T13:28:09.803451Z,master,6d717b68fcea61ba7d9d99cada5d5b6e64baeb83
{a075df52-b2b3-46b6-9feb-4b0e74c1e9a5},716,COMPLETED,2021-06-04T13:14:27.297641Z,2021-06-04T13:30:40.642416Z,master,eeb3f815bc35f9d076df9b8ea326745d3769235d
{22f218be-0161-46df-9b08-6e2e3deba108},717,COMPLETED,2021-06-04T14:11:44.759013Z,2021-06-04T14:26:28.193521Z,master,e8655ae65f4fef3e4ddb4fa24017bf7445fe0dce
{a633d8aa-c6ee-4b8e-b3e1-baadbb3fb049},718,COMPLETED,2021-06-04T18:12:19.308086Z,2021-06-04T18:27:18.229784Z,master,2c02de53e8fe613de6b68fdb406ea2c5b59e27c2
{6fa124ea-383a-4124-a6bb-fc6f3d841c69},719,COMPLETED,2021-06-04T19:13:19.102139Z,2021-06-04T19:29:30.371352Z,master,b24765162621ccb2cc9542bc9a7f4e6b8b9c8800
{8649ac96-d7b1-4fb9-8d43-43320552a6a5},720,COMPLETED,2021-06-04T21:19:35.776593Z,2021-06-04T21:33:20.123866Z,master,e010cd15d236d1889cbe4d8505ccdd5250ca098a
{e7b4f04b-9842-4413-ba4e-3c7c9f46991d},721,COMPLETED,2021-06-05T14:44:36.615845Z,2021-06-05T14:59:25.088991Z,master,8c76926b7f566eb72c3414c5194cc7bca879bd28
{9be87f33-d4a2-4703-8c6c-a31673c5baa6},722,COMPLETED,2021-06-08T18:43:45.612216Z,2021-06-08T19:00:56.971916Z,master,f278c626b37a7b1be9de31449a35bd2a0e354d66
{5c7b982e-2e44-4daf-b4c0-a7dbd6163a92},723,COMPLETED,2021-06-08T19:36:52.854263Z,2021-06-08T19:52:53.513759Z,master,3dffaf584e49ea687c1e567cde8ab0ca01ba8715
{1f12666f-8765-4e9f-9f4d-d6d7db4752e7},724,COMPLETED,2021-06-08T20:25:56.839273Z,2021-06-08T20:44:05.4909Z,master,c7e078b3077b955f858ccbf7fe4cb3b614dbd102
{1f713564-9e0d-42af-8c89-7181bffb0e2d},725,COMPLETED,2021-06-09T13:03:33.890141Z,2021-06-09T13:21:43.117941Z,master,be9d99b23ddd0d116b628bae654a5d9858ca17de
{4636877a-67e8-4f30-8c58-cc10ccf37ed5},726,COMPLETED,2021-06-09T20:51:30.370409Z,2021-06-09T21:13:53.281805Z,master,ab9a716b1ddedbc553d1a5f796bf58baec4710f9
{8aaff045-beda-4d15-a297-cc2c46fadea4},727,COMPLETED,2021-06-10T20:03:04.002426Z,2021-06-10T20:19:40.017092Z,master,bb62a0683f1b904b9e85059037c42033e92228a1
{9ad69c18-caf4-4086-b5ab-323092613b62},728,COMPLETED,2021-06-11T13:30:06.590565Z,2021-06-11T13:47:41.239143Z,master,5663622c872f212853a9facbdbc4b8f07b9dd16e
{9ca634af-8892-4bee-be41-3f5fa39490ec},729,COMPLETED,2021-06-11T13:59:39.059334Z,2021-06-11T14:14:43.844704Z,master,d728b62507c429ff08034e040f8eadd66a3234ef
{99a7835d-df00-4b97-b807-e8100afaa6f2},730,COMPLETED,2021-06-11T14:04:25.686488Z,2021-06-11T14:21:12.047625Z,master,f79b9683e423a6cfe9ba850a4270a4e8f8ce1b11
{32c3394b-12a4-449f-9b02-8f272d0dbc25},731,COMPLETED,2021-06-11T18:02:19.109757Z,2021-06-11T18:18:12.269064Z,master,203f9111e932b49cdbcaee6f32f283e97a37e842
{fb2de11c-0ecb-4006-a775-80ae407afcc5},732,COMPLETED,2021-06-11T18:26:31.568191Z,2021-06-11T18:48:48.942433Z,master,6b220048bf28e72fd6f92118a969787deabdfc65
{1fe5e2a5-f06a-4575-b706-8894aee9b012},733,COMPLETED,2021-06-11T18:32:13.551342Z,2021-06-11T18:49:14.296741Z,master,1c00c188dff1096bd7ba81bd5a886f596036e70f
{9188b562-b1f1-4567-be3d-70f5b784428e},734,COMPLETED,2021-06-15T15:20:01.94253Z,2021-06-15T15:35:57.140747Z,master,556e1c8f91e51d9313a8abc2048823485202a4c0
{4ee9b3e5-1d55-4789-9e3b-1a7ee4b4ea16},735,COMPLETED,2021-06-15T19:11:54.325589Z,2021-06-15T19:29:15.771278Z,master,623052c55937ecef92e134fa34ee576980411c1c
{b2b7f437-bea3-4bb7-a6af-fccb027dc326},736,COMPLETED,2021-06-16T14:48:15.152338Z,2021-06-16T15:05:42.610354Z,master,b93969df4127ed35f3e563a121cc3bc9f8a4a066
{66f1697f-d292-4178-b5ed-77c4308e56de},737,COMPLETED,2021-06-16T17:15:42.048568Z,2021-06-16T17:28:34.731441Z,master,995383dc2f19a54cfb79852604eb2febfaa8ee31
{77473281-cdd7-4a53-be20-9898b929cfcf},738,COMPLETED,2021-06-16T18:54:28.669177Z,2021-06-17T00:55:59.656997Z,master,daf76f598d0094df10ffaca4e9f5cd4a6e81bc65
{d1cfcb04-52d3-41d7-a7a1-68af79fb895a},739,COMPLETED,2021-06-17T00:59:07.333975Z,2021-06-17T01:17:05.367011Z,master,daf76f598d0094df10ffaca4e9f5cd4a6e81bc65
{79686048-68ad-4568-b854-6ee48db7ebb6},740,COMPLETED,2021-06-17T02:37:19.470358Z,2021-06-17T02:50:28.17653Z,master,2bb39c146c11b26a768a3e028e8c3f4292635f17
{963a80bb-eaee-4926-aefb-d567fbb33e2d},741,COMPLETED,2021-06-17T21:01:33.477529Z,2021-06-17T21:12:12.644355Z,master,e2ce97b736761fd820861f8fd5270335e8655af3
{478f163a-6aa4-45ec-b65f-fd115a8c7b10},742,COMPLETED,2021-06-18T01:06:21.007594Z,2021-06-18T01:17:40.92107Z,master,1da139d8aae0614b0251c6c6da896148bb452c4c
{dd82753c-9e48-4d79-a485-bd2b0e27f973},743,COMPLETED,2021-06-18T01:26:38.221272Z,2021-06-18T01:38:22.59671Z,master,0b14a6a2fd38b12dbd49432b10ec32bd6af4b8e5
{acf121ee-93c5-4444-8809-43596b4e6346},744,COMPLETED,2021-06-18T02:10:15.610646Z,2021-06-18T02:21:02.871966Z,master,5353b0a0ae90fdc7c6adda5141da4d65bad62e12
{7d900567-cb1a-4063-8ee9-ba78d8b73ecc},745,COMPLETED,2021-06-18T13:57:46.642253Z,2021-06-18T14:08:58.965375Z,master,0be889cbe94e9bd1846082520cf564be754856a5
{ee0fa7a5-d181-49c4-8511-3e60b7ac2b30},746,COMPLETED,2021-06-18T15:56:07.253742Z,2021-06-18T16:06:47.381196Z,master,8c8fa5d3fce634582105427167422661619d158a
{c49cfbe9-fe51-473e-9d27-ad7632af8c64},747,COMPLETED,2021-06-19T00:26:06.191842Z,2021-06-19T00:36:16.550508Z,master,ca7b8ee700dbaad4ef67442761ba42517a9c1a30
{fe8bd888-3789-4d72-a35e-59ce4bc7cdbc},748,COMPLETED,2021-06-19T01:40:07.498763Z,2021-06-19T01:51:35.9527Z,master,40aad605e2cbee64f4931f9469bef8ff8100c084
{ab0703b9-34cf-4bd2-a197-1b040a5bdc80},749,COMPLETED,2021-06-20T01:30:36.29861Z,2021-06-20T01:41:07.121325Z,master,634101b03bac24105182d93e28a2c1a24ad5f0ff
