Issue Key,Projeto,Tipo de Problema,Eventos,Statuses Unicos,Revisitas Status,Self Loops,Backward Moves,Forward Skips,Reopen Count,QA Returns,Unknown Status Events,Conforme Basico,Conformance Score,Termina Em Done,Primeiro Evento,Ultimo Evento,Lead Time Fluxo (dias),Done Final Author,Done Final Date,Variant,Rework Score,Entradas Desenvolvimento,Cycle Time Dev Total (dias),Cycle Time Dev Medio (dias),Cycle Time Dev Mediano (dias),Retornos para Desenvolvimento,Tempo Ida e Volta Dev Total (dias),Tempo Ida e Volta Dev Medio (dias),Tempo Ida e Volta Dev Mediano (dias)
W1NNR-2216,W1NNR,Tarefa,24,7,17,0,0,0,0,0,24,Nao,0.0,Nao,2026-03-10 22:06:26,2026-04-23 16:54:25,43.7833,Sem Autor,,Backlog > READY FOR DEVELOPMENT > In Progess > Ready for code review > CODE REVIEW > In Progess > Ready for code review > In Progess > Ready for code review > CODE REVIEW > In Progess > Ready for code review > CODE REVIEW > In Progess > Ready for code review > CODE REVIEW > In Progess > Ready for code review > CODE REVIEW > In Progess > Ready for code review > CODE REVIEW > READY FOR TESTING/QA > Testing / QA,17,1,0.6527,0.6527,0.6527,0,,,
W1NNR-2218,W1NNR,Tarefa,20,7,13,0,0,0,0,0,20,Nao,0.0,Nao,2026-03-10 22:08:13,2026-04-23 16:54:45,43.7823,Sem Autor,,Backlog > READY FOR DEVELOPMENT > In Progess > Ready for code review > CODE REVIEW > In Progess > Ready for code review > In Progess > Ready for code review > CODE REVIEW > READY FOR TESTING/QA > Testing / QA > In Progess > Ready for code review > CODE REVIEW > In Progess > Ready for code review > CODE REVIEW > READY FOR TESTING/QA > Testing / QA,13,1,5.633,5.633,5.633,0,,,
W1NNR-2201,W1NNR,Tarefa,19,11,8,0,0,0,0,0,16,Nao,0.1579,Sim,2026-03-05 13:56:54,2026-04-07 15:01:34,33.0449,Peterson Bem,2026-04-07 15:01:34,Backlog > READY FOR DEVELOPMENT > In Progess > Ready for code review > CODE REVIEW > In Progess > Ready for code review > CODE REVIEW > READY FOR TESTING/QA > Testing / QA > In Progess > Ready for code review > CODE REVIEW > READY FOR TESTING/QA > Testing / QA > Ready To Staging > Staging > Ready for Production > Done,8,1,3.9262,3.9262,3.9262,0,,,
W1NNR-2297,W1NNR,Tarefa,17,10,7,0,0,0,0,0,14,Nao,0.1765,Nao,2026-03-31 14:26:39,2026-04-16 12:51:18,15.9338,Sem Autor,,Backlog > READY FOR DEVELOPMENT > In Progess > Ready for code review > CODE REVIEW > READY FOR TESTING/QA > Testing / QA > Ready To Staging > Staging > In Progess > Ready for code review > CODE REVIEW > READY FOR TESTING/QA > Testing / QA > Ready To Staging > Staging > Ready for Production,7,1,5.2891,5.2891,5.2891,0,,,
W1NNR-2341,W1NNR,Problema,18,11,7,0,0,0,0,0,14,Nao,0.2222,Sim,2026-04-06 18:46:00,2026-04-22 12:33:34,15.7414,Marielle Freire,2026-04-22 12:33:34,Backlog > READY FOR DEVELOPMENT > In Progess > Ready for code review > CODE REVIEW > READY FOR TESTING/QA > Testing / QA > Ready To Staging > Staging > In Progess > Ready for code review > CODE REVIEW > READY FOR TESTING/QA > Testing / QA > Ready To Staging > Staging > Ready for Production > Done,7,1,0.0,0.0,0.0,0,,,
W1NNR-2050,W1NNR,Tarefa,11,5,6,0,0,0,0,0,11,Nao,0.0,Nao,2026-02-27 13:13:31,2026-03-10 13:52:42,11.0272,Sem Autor,,READY FOR DEVELOPMENT > In Progess > Ready for code review > CODE REVIEW > In Progess > Ready for code review > CODE REVIEW > In Progess > Ready for code review > CODE REVIEW > READY FOR TESTING/QA,6,1,0.0,0.0,0.0,0,,,
W1NNR-2052,W1NNR,Tarefa,11,6,5,0,0,0,0,0,11,Nao,0.0,Nao,2026-03-02 13:37:26,2026-04-23 16:54:17,52.1367,Sem Autor,,READY FOR DEVELOPMENT > In Progess > Ready for code review > CODE REVIEW > READY FOR TESTING/QA > Testing / QA > In Progess > Ready for code review > CODE REVIEW > READY FOR TESTING/QA > Testing / QA,5,1,1.0525,1.0525,1.0525,0,,,
W1NNR-2008,W1NNR,Tarefa,17,12,5,0,0,0,0,0,14,Nao,0.1765,Sim,2026-02-11 18:14:11,2026-03-17 13:34:47,33.806,Lara Junqueira Alvarenga,2026-03-17 13:34:47,Approval > Backlog > READY FOR DEVELOPMENT > In Progess > Ready for code review > CODE REVIEW > READY FOR TESTING/QA > Testing / QA > In Progess > Ready for code review > CODE REVIEW > READY FOR TESTING/QA > Testing / QA > Ready To Staging > Staging > Ready for Production > Done,5,1,13.131,13.131,13.131,0,,,
W1NNR-2174,W1NNR,Tarefa,16,11,5,0,0,0,0,0,13,Nao,0.1875,Sim,2026-02-25 19:28:37,2026-04-07 15:01:35,40.8146,Peterson Bem,2026-04-07 15:01:35,Backlog > READY FOR DEVELOPMENT > In Progess > Ready for code review > CODE REVIEW > READY FOR TESTING/QA > Testing / QA > In Progess > Ready for code review > CODE REVIEW > READY FOR TESTING/QA > Testing / QA > Ready To Staging > Staging > Ready for Production > Done,5,1,0.7452,0.7452,0.7452,0,,,
W1NNR-2183,W1NNR,Tarefa,16,11,5,0,0,0,0,0,13,Nao,0.1875,Sim,2026-03-02 13:00:16,2026-04-07 15:01:35,36.0842,Peterson Bem,2026-04-07 15:01:35,Backlog > READY FOR DEVELOPMENT > In Progess > Ready for code review > CODE REVIEW > READY FOR TESTING/QA > Testing / QA > In Progess > Ready for code review > CODE REVIEW > READY FOR TESTING/QA > Testing / QA > Ready To Staging > Staging > Ready for Production > Done,5,1,1.0666,1.0666,1.0666,0,,,
W1NNR-2199,W1NNR,Tarefa,16,11,5,0,0,0,0,0,13,Nao,0.1875,Sim,2026-03-04 23:22:23,2026-03-17 13:34:45,12.5919,Lara Junqueira Alvarenga,2026-03-17 13:34:45,Backlog > READY FOR DEVELOPMENT > In Progess > Ready for code review > CODE REVIEW > READY FOR TESTING/QA > Testing / QA > In Progess > Ready for code review > CODE REVIEW > READY FOR TESTING/QA > Testing / QA > Ready To Staging > Staging > Ready for Production > Done,5,1,0.0,0.0,0.0,0,,,
W1NNR-2219,W1NNR,Tarefa,16,11,5,0,0,0,0,0,13,Nao,0.1875,Sim,2026-03-10 22:08:47,2026-03-17 13:34:44,6.643,Lara Junqueira Alvarenga,2026-03-17 13:34:44,Backlog > READY FOR DEVELOPMENT > In Progess > Ready for code review > CODE REVIEW > READY FOR TESTING/QA > Testing / QA > In Progess > Ready for code review > CODE REVIEW > READY FOR TESTING/QA > Testing / QA > Ready To Staging > Staging > Ready for Production > Done,5,1,0.0,0.0,0.0,0,,,
W1NNR-2104,W1NNR,Tarefa,17,13,4,0,0,0,0,0,14,Nao,0.1765,Sim,2026-02-04 14:14:36,2026-03-17 13:34:45,40.9723,Lara Junqueira Alvarenga,2026-03-17 13:34:45,Ready to Analytics > Triagem > Backlog > Triagem > Backlog > Triagem > Backlog > READY FOR DEVELOPMENT > In Progess > Ready for code review > CODE REVIEW > READY FOR TESTING/QA > Testing / QA > Ready To Staging > Staging > Ready for Production > Done,4,1,2.7292,2.7292,2.7292,0,,,
W1NNR-228,W1NNR,Tarefa,7,5,2,0,1,2,1,0,0,Nao,0.4286,Sim,2024-10-14 18:24:26,2024-11-07 13:37:29,23.8007,Lorraine Caribe,2024-11-07 13:37:29,In Progress > Ready To Staging > In Staging > Ready for Production > Done > Ready for Production > Done,4,1,21.7895,21.7895,21.7895,0,,,
W1NNR-506,W1NNR,Tarefa,15,12,3,0,1,1,0,0,6,Nao,0.4667,Sim,2025-01-20 14:03:37,2025-07-21 14:50:24,182.0325,Lara Junqueira Alvarenga,2025-07-21 14:50:24,Backlog > In Progress > Ready To Staging > Ready to Homologation > Ready to Analytics > Backlog > In Progress > Ready to Homolog > Homolog > QA Approved Hml > Ready To Staging > Staging > QA Approved Staging > Ready for Production > Done,4,2,11.1445,5.5722,5.5722,0,,,
W1NNR-507,W1NNR,Tarefa,15,12,3,0,1,1,0,0,6,Nao,0.4667,Sim,2025-01-20 14:03:39,2025-07-30 02:55:15,190.5358,Thaís Cabral,2025-07-30 02:55:15,Backlog > In Progress > Ready To Staging > Ready to Homologation > Ready to Analytics > Backlog > In Progress > Ready to Homolog > Homolog > QA Approved Hml > Ready To Staging > Staging > QA Approved Staging > Ready for Production > Done,4,2,9.3064,4.6532,4.6532,0,,,
W1NNR-508,W1NNR,Tarefa,15,12,3,0,1,1,0,0,6,Nao,0.4667,Sim,2025-01-20 14:03:43,2025-08-15 05:12:45,206.6313,Lorraine Caribe,2025-08-15 05:12:45,Backlog > In Progress > Ready To Staging > Ready to Homologation > Ready to Analytics > Backlog > In Progress > Ready to Homolog > Homolog > QA Approved Hml > Ready To Staging > Staging > QA Approved Staging > Ready for Production > Done,4,2,12.6874,6.3437,6.3437,0,,,
W1NNR-1308,W1NNR,Tarefa,12,9,3,0,0,0,0,1,5,Nao,0.5,Sim,2025-08-13 21:25:39,2025-08-18 20:16:02,4.9517,Lorraine Caribe,2025-08-18 20:16:02,In Progress > Ready to Homolog > Homolog > In Progress > Ready to Homolog > Homolog > QA Approved Hml > Ready To Staging > Staging > QA Approved Staging > Ready for Production > Done,4,2,0.8744,0.4372,0.4372,1,0.0026,0.0026,0.0026
W1NNR-664,W1NNR,Tarefa,16,12,4,0,0,1,0,0,6,Nao,0.5938,Sim,2025-03-21 19:26:39,2025-08-14 12:57:38,145.7299,Thaís Cabral,2025-08-14 12:57:38,In Progress > Ready To Staging > Staging > Homologation > QA Approved Hml > Ready to Analytics > Backlog > In Progress > Ready to Homolog > Homolog > QA Approved Hml > Ready To Staging > Staging > QA Approved Staging > Ready for Production > Done,4,2,22.9888,11.4944,11.4944,0,,,
W1NNR-841,W1NNR,Tarefa,13,9,4,0,0,0,0,0,4,Nao,0.6923,Sim,2025-04-16 18:44:50,2025-05-27 15:41:14,40.8725,Thaís Cabral,2025-05-27 15:41:14,In Progress > Backlog > In Progress > Backlog > In Progress > Staging > Homologation > QA Approved Hml > Ready To Staging > Staging > QA Approved Staging > Ready for Production > Done,4,3,6.7765,2.2588,1.0655,0,,,
W1NNR-1073,W1NNR,Problema,3,2,1,0,1,1,1,0,0,Nao,0.0,Sim,2025-07-02 21:48:38,2025-07-04 22:53:26,2.045,Lorraine Caribe,2025-07-04 22:53:26,Done > QA Approved Staging > Done,3,0,,,,0,,,
W1NNR-2045,W1NNR,Tarefa,9,6,3,0,0,0,0,0,9,Nao,0.0,Nao,2026-02-23 12:50:32,2026-04-23 16:53:11,59.1685,Sem Autor,,READY FOR DEVELOPMENT > In Progess > Ready for code review > CODE REVIEW > In Progess > Ready for code review > CODE REVIEW > READY FOR TESTING/QA > Testing / QA,3,1,0.0001,0.0001,0.0001,0,,,
W1NNR-2306,W1NNR,Problema,13,10,3,0,0,0,0,0,11,Nao,0.1538,Nao,2026-03-30 14:59:37,2026-04-23 02:19:31,23.4722,Sem Autor,,Backlog > READY FOR DEVELOPMENT > In Progess > Ready for code review > CODE REVIEW > In Progess > Ready for code review > CODE REVIEW > READY FOR TESTING/QA > Testing / QA > Ready To Staging > Staging > Ready for Production,3,1,0.1778,0.1778,0.1778,0,,,
W1NNR-1479,W1NNR,Problema,6,5,1,0,1,0,1,0,2,Nao,0.1667,Sim,2025-09-18 14:32:36,2025-09-24 14:41:48,6.0064,Lara Junqueira Alvarenga,2025-09-24 14:41:48,in analytics > In Development > Done > QA Approved Staging > Ready for Production > Done,3,1,3.9227,3.9227,3.9227,0,,,
W1NNR-2099,W1NNR,Problema,15,12,3,0,0,0,0,0,12,Nao,0.2,Sim,2026-02-18 15:42:59,2026-03-17 13:34:45,26.911,Lara Junqueira Alvarenga,2026-03-17 13:34:45,Triagem > Backlog > READY FOR DEVELOPMENT > In Progess > Ready for code review > CODE REVIEW > In Progess > Ready for code review > CODE REVIEW > READY FOR TESTING/QA > Testing / QA > Ready To Staging > Staging > Ready for Production > Done,3,1,18.0332,18.0332,18.0332,0,,,
W1NNR-803,W1NNR,Tarefa,12,10,2,0,1,2,0,0,5,Nao,0.375,Sim,2025-03-26 02:26:29,2025-05-15 19:26:33,50.7084,Thaís Cabral,2025-05-15 19:26:33,Backlog > Ready to Design > Ready to Analytics > Backlog > In Progress > Ready To Staging > Homologation > QA Approved Hml > Ready To Staging > Staging > QA Approved Staging > Done,3,1,0.1002,0.1002,0.1002,0,,,
W1NNR-574,W1NNR,Tarefa,9,7,2,0,1,2,0,0,3,Nao,0.3889,Sim,2025-02-23 22:41:25,2025-04-02 13:00:05,37.5963,Lorraine Caribe,2025-04-02 13:00:05,Backlog > In Progress > Ready To Staging > In Progress > Ready To Staging > Staging > QA Approved > Ready for Production > Done,3,2,3.0131,1.5066,1.5066,0,,,
W1NNR-599,W1NNR,Tarefa,8,6,2,0,1,2,0,0,2,Nao,0.4375,Sim,2025-02-21 20:26:09,2025-04-02 13:00:06,39.6902,Lorraine Caribe,2025-04-02 13:00:06,In Progress > Ready To Staging > In Progress > Ready To Staging > Staging > QA Approved > Ready for Production > Done,3,2,5.7937,2.8968,2.8968,0,,,
W1NNR-855,W1NNR,Problema,8,6,2,0,1,0,0,0,3,Nao,0.4375,Sim,2025-05-05 13:04:36,2025-06-06 18:58:24,32.2457,Thaís Cabral,2025-06-06 18:58:24,in analytics > In Development > Staging > QA Approved Staging > Ready for Production > QA Approved Staging > Ready for Production > Done,3,1,6.9973,6.9973,6.9973,0,,,
W1NNR-885,W1NNR,Problema,8,6,2,0,1,0,0,0,3,Nao,0.4375,Sim,2025-05-07 14:26:40,2025-05-15 19:23:48,8.2063,Thaís Cabral,2025-05-15 19:23:48,in analytics > In Development > Staging > QA Approved Staging > Ready for Production > QA Approved Staging > Ready for Production > Done,3,1,0.9331,0.9331,0.9331,0,,,
W1NNR-2,W1NNR,Tarefa,9,6,3,0,0,0,0,0,5,Nao,0.4444,Sim,2024-04-11 14:04:26,2024-07-24 20:13:35,104.2564,Lorraine Caribe,2024-07-24 20:13:35,In Progress > Ready for Staging > Staging > In Progress > Ready for Staging > Staging > Ready for Production > Production > Done,3,2,0.003,0.0015,0.0015,0,,,
W1NNR-917,W1NNR,Tarefa,15,12,3,0,0,0,0,0,8,Nao,0.4667,Sim,2025-05-15 20:51:25,2025-06-02 17:36:26,17.8646,Lorraine Caribe,2025-06-02 17:36:26,in analytics > In Development > In Progress > Ready to Analytics > in analytics > In Development > In Progress > Ready to Homolog > Homolog > QA Approved Hml > Ready To Staging > Staging > QA Approved Staging > Ready for Production > Done,3,2,2.1211,0.5303,0.4856,0,,,
W1NNR-665,W1NNR,Tarefa,13,10,3,0,0,1,0,0,4,Nao,0.6538,Sim,2025-03-20 18:44:44,2025-07-11 23:53:19,113.2143,Lorraine Caribe,2025-07-11 23:53:19,In Progress > Ready To Staging > Staging > Homologation > QA Approved Hml > Ready to Analytics > Homolog > QA Approved Hml > Ready To Staging > Staging > QA Approved Staging > Ready for Production > Done,3,1,22.0776,22.0776,22.0776,0,,,
W1NNR-723,W1NNR,Tarefa,13,10,3,0,0,1,0,0,4,Nao,0.6538,Sim,2025-03-20 18:45:28,2025-07-11 23:53:17,113.2138,Lorraine Caribe,2025-07-11 23:53:17,In Progress > Ready To Staging > Staging > Homologation > QA Approved Hml > Ready to Analytics > Homolog > QA Approved Hml > Ready To Staging > Staging > QA Approved Staging > Ready for Production > Done,3,1,22.0771,22.0771,22.0771,0,,,
W1NNR-2046,W1NNR,Tarefa,5,3,2,0,0,0,0,0,5,Nao,0.0,Nao,2026-03-02 13:37:20,2026-04-20 13:04:47,48.9774,Sem Autor,,READY FOR DEVELOPMENT > In Progess > Ready for code review > In Progess > Ready for code review,2,1,38.2558,38.2558,38.2558,0,,,
W1NNR-2220,W1NNR,Tarefa,9,7,2,0,0,0,0,0,9,Nao,0.0,Nao,2026-03-10 22:07:56,2026-04-23 16:54:50,43.7826,Sem Autor,,Backlog > READY FOR DEVELOPMENT > In Progess > Ready for code review > In Progess > Ready for code review > CODE REVIEW > READY FOR TESTING/QA > Testing / QA,2,1,13.6923,13.6923,13.6923,0,,,
W1NNR-2223,W1NNR,História,8,6,2,0,0,0,0,0,8,Nao,0.0,Nao,2026-03-16 19:22:12,2026-04-17 13:02:08,31.7361,Sem Autor,,Backlog > READY FOR DEVELOPMENT > In Progess > Ready for code review > In Progess > Ready for code review > CODE REVIEW > READY FOR TESTING/QA,2,1,21.727,21.727,21.727,0,,,
W1NNR-2334,W1NNR,Tarefa,8,6,2,0,0,0,0,0,8,Nao,0.0,Nao,2026-04-09 18:55:37,2026-04-20 17:00:51,10.9203,Sem Autor,,Backlog > READY FOR DEVELOPMENT > In Progess > Ready for code review > In Progess > Ready for code review > CODE REVIEW > READY FOR TESTING/QA,2,1,0.3045,0.3045,0.3045,0,,,
W1NNR-2356,W1NNR,Problema,5,3,2,0,0,0,0,0,5,Nao,0.0,Nao,2026-04-13 17:47:33,2026-04-15 19:41:19,2.079,Sem Autor,,Backlog > Triagem > Backlog > Triagem > Cancelada,2,0,,,,0,,,
W1NNR-75,W1NNR,Problema,4,3,1,0,0,0,1,0,2,Nao,0.125,Sim,2024-07-24 20:13:35,2024-08-12 14:36:03,18.7656,Lara Junqueira Alvarenga,2024-08-12 14:36:03,Ready to Analytics > Done > In Validation > Done,2,0,,,,0,,,
W1NNR-2192,W1NNR,Problema,5,3,2,0,0,0,0,0,4,Nao,0.2,Sim,2026-03-06 15:29:04,2026-03-31 14:22:46,24.954,Marielle Freire,2026-03-31 14:22:46,Backlog > Triagem > Backlog > Triagem > Done,2,0,,,,0,,,
W1NNR-2006,W1NNR,Tarefa,14,12,2,0,0,0,0,0,11,Nao,0.2143,Sim,2026-02-11 18:31:23,2026-03-17 13:34:47,33.794,Lara Junqueira Alvarenga,2026-03-17 13:34:47,Approval > Backlog > READY FOR DEVELOPMENT > Backlog > READY FOR DEVELOPMENT > In Progess > Ready for code review > CODE REVIEW > READY FOR TESTING/QA > Testing / QA > Ready To Staging > Staging > Ready for Production > Done,2,2,0.0001,0.0,0.0,0,,,
W1NNR-2240,W1NNR,Problema,13,11,2,0,0,0,0,0,10,Nao,0.2308,Sim,2026-03-18 22:02:42,2026-04-06 14:05:47,18.6688,Peterson Bem,2026-04-06 14:05:47,Backlog > READY FOR DEVELOPMENT > In Progess > Ready for code review > In Progess > Ready for code review > CODE REVIEW > READY FOR TESTING/QA > Testing / QA > Ready To Staging > Staging > Ready for Production > Done,2,1,0.0,0.0,0.0,0,,,
W1NNR-786,W1NNR,Problema,8,6,2,0,0,0,0,0,6,Nao,0.25,Sim,2025-03-28 19:06:27,2025-04-14 13:48:44,16.7794,Thaís Cabral,2025-04-14 13:48:44,in analytics > In Development > Staging > In Development > Staging > QA Approved > Ready for Production > Done,2,2,4.3612,2.1806,2.1806,0,,,
W1NNR-21,W1NNR,História,7,6,1,1,0,0,0,0,4,Nao,0.2857,Sim,2024-04-30 17:42:25,2024-05-28 13:44:56,27.8351,Eder Afonso,2024-05-28 13:44:56,In Progress > Ready for Staging > Ready for Staging > Staging > Ready for Production > Production > Done,2,1,0.0035,0.0035,0.0035,0,,,
W1NNR-35,W1NNR,Tarefa,7,6,1,1,0,0,0,0,4,Nao,0.2857,Sim,2024-05-27 17:47:14,2024-07-24 20:13:35,58.1016,Lorraine Caribe,2024-07-24 20:13:35,In Progress > Ready for Staging > Ready for Staging > Staging > Ready for Production > Production > Done,2,1,8.0263,8.0263,8.0263,0,,,
W1NNR-4,W1NNR,Problema,10,8,2,0,0,0,0,0,6,Nao,0.4,Sim,2024-04-23 14:25:26,2024-07-28 01:20:56,95.4552,Gabriel Wiggert,2024-07-28 01:20:56,To Do > In Progress > Ready for Staging > In Progress > Ready for Staging > Staging > Ready for Production > Production > in analytics > Done,2,2,1.006,0.503,0.503,0,,,
W1NNR-230,W1NNR,Tarefa,6,5,1,0,0,2,1,0,1,Nao,0.4167,Sim,2024-10-29 13:01:21,2025-02-26 00:53:15,119.4944,Lorraine Caribe,2025-02-26 00:53:15,In Progress > In Staging > Ready for Production > Done > Backlog > Done,2,1,15.3226,15.3226,15.3226,0,,,
W1NNR-620,W1NNR,Tarefa,8,6,2,0,0,1,0,0,4,Nao,0.4375,Sim,2025-03-12 12:51:48,2025-04-14 13:28:17,33.0253,Thaís Cabral,2025-04-14 13:28:17,In Progress > Ready To Staging > Staging > QA Approved > Staging > QA Approved > Ready for Production > Done,2,1,5.2259,5.2259,5.2259,0,,,
W1NNR-715,W1NNR,Tarefa,8,7,1,1,0,1,0,0,3,Nao,0.4375,Sim,2025-03-19 13:33:51,2025-04-02 13:01:26,13.9775,Lorraine Caribe,2025-04-02 13:01:26,Backlog > In Progress > Ready To Staging > Ready To Staging > Staging > QA Approved > Ready for Production > Done,2,1,0.0003,0.0003,0.0003,0,,,
W1NNR-532,W1NNR,Tarefa,9,8,1,0,1,2,0,0,2,Nao,0.5,Sim,2025-02-06 17:43:27,2025-05-15 19:26:43,98.0717,Thaís Cabral,2025-05-15 19:26:43,Backlog > In Progress > Ready To Staging > Homologation > QA Approved Hml > Ready To Staging > Staging > QA Approved Staging > Done,2,1,12.1496,12.1496,12.1496,0,,,
W1NNR-533,W1NNR,Tarefa,9,8,1,0,1,2,0,0,2,Nao,0.5,Sim,2025-02-06 17:44:09,2025-05-15 19:26:30,98.0711,Thaís Cabral,2025-05-15 19:26:30,Backlog > In Progress > Ready To Staging > Homologation > QA Approved Hml > Ready To Staging > Staging > QA Approved Staging > Done,2,1,5.2407,5.2407,5.2407,0,,,
W1NNR-534,W1NNR,Tarefa,9,8,1,0,1,2,0,0,2,Nao,0.5,Sim,2025-02-06 17:44:45,2025-05-15 19:26:31,98.0707,Thaís Cabral,2025-05-15 19:26:31,Backlog > In Progress > Ready To Staging > Homologation > QA Approved Hml > Ready To Staging > Staging > QA Approved Staging > Done,2,1,6.0962,6.0962,6.0962,0,,,
W1NNR-596,W1NNR,Tarefa,7,6,1,1,0,1,0,0,2,Nao,0.5,Sim,2025-02-13 14:51:59,2025-04-02 13:00:05,47.9223,Lorraine Caribe,2025-04-02 13:00:05,In Progress > Ready To Staging > Ready To Staging > Staging > QA Approved > Ready for Production > Done,2,1,14.0057,14.0057,14.0057,0,,,
W1NNR-605,W1NNR,Tarefa,7,6,1,1,0,1,0,0,2,Nao,0.5,Sim,2025-02-21 20:55:37,2025-04-02 13:00:26,39.67,Lorraine Caribe,2025-04-02 13:00:26,In Progress > In Progress > Ready To Staging > Staging > QA Approved > Ready for Production > Done,2,1,5.7529,2.8765,2.8765,0,,,
W1NNR-763,W1NNR,Tarefa,9,8,1,0,1,2,0,0,2,Nao,0.5,Sim,2025-04-01 16:25:06,2025-05-15 19:26:32,44.126,Thaís Cabral,2025-05-15 19:26:32,Backlog > In Progress > Ready To Staging > Homologation > QA Approved Hml > Ready To Staging > Staging > QA Approved Staging > Done,2,1,0.1007,0.1007,0.1007,0,,,
W1NNR-824,W1NNR,Tarefa,9,8,1,0,1,2,0,0,2,Nao,0.5,Sim,2025-04-14 13:19:39,2025-05-15 19:26:35,31.2548,Thaís Cabral,2025-05-15 19:26:35,Backlog > In Progress > Ready To Staging > Homologation > QA Approved Hml > Ready To Staging > Staging > QA Approved Staging > Done,2,1,0.1,0.1,0.1,0,,,
W1NNR-826,W1NNR,Tarefa,9,8,1,0,1,2,0,0,2,Nao,0.5,Sim,2025-04-14 13:22:46,2025-05-15 19:26:36,31.2527,Thaís Cabral,2025-05-15 19:26:36,Backlog > In Progress > Ready To Staging > Homologation > QA Approved Hml > Ready To Staging > Staging > QA Approved Staging > Done,2,1,0.0652,0.0652,0.0652,0,,,
W1NNR-830,W1NNR,Tarefa,10,8,2,0,0,2,0,0,4,Nao,0.5,Sim,2025-04-14 13:23:42,2025-05-15 19:26:37,31.252,Thaís Cabral,2025-05-15 19:26:37,Backlog > In Progress > Ready To Staging > Staging > QA Approved > QA Approved Hml > Ready To Staging > Staging > QA Approved Staging > Done,2,1,0.0895,0.0895,0.0895,0,,,
W1NNR-860,W1NNR,Tarefa,9,8,1,0,1,2,0,0,2,Nao,0.5,Sim,2025-04-16 21:34:41,2025-05-15 19:26:39,28.9111,Thaís Cabral,2025-05-15 19:26:39,Backlog > In Progress > Ready To Staging > Homologation > QA Approved Hml > Ready To Staging > Staging > QA Approved Staging > Done,2,1,0.039,0.039,0.039,0,,,
W1NNR-835,W1NNR,Tarefa,9,7,2,0,0,0,0,0,4,Nao,0.5556,Sim,2025-04-10 22:14:45,2025-06-22 23:35:50,73.0563,Lorraine Caribe,2025-06-22 23:35:50,In Progress > Staging > QA Approved > Staging > Homologation > QA Approved Hml > Ready To Staging > Staging > Done,2,1,5.6448,5.6448,5.6448,0,,,
W1NNR-567,W1NNR,Tarefa,8,6,2,0,0,1,0,0,3,Nao,0.5625,Sim,2025-02-14 13:34:50,2025-04-02 13:00:47,46.9763,Lorraine Caribe,2025-04-02 13:00:47,In Progress > Ready To Staging > Staging > Ready To Staging > Staging > QA Approved > Ready for Production > Done,2,1,3.2462,3.2462,3.2462,0,,,
W1NNR-859,W1NNR,Tarefa,8,7,1,0,1,2,0,0,1,Nao,0.5625,Sim,2025-04-17 17:17:53,2025-05-15 19:26:41,28.0894,Thaís Cabral,2025-05-15 19:26:41,In Progress > Ready To Staging > Homologation > QA Approved Hml > Ready To Staging > Staging > QA Approved Staging > Done,2,1,12.1423,12.1423,12.1423,0,,,
W1NNR-897,W1NNR,Tarefa,8,7,1,0,1,2,0,0,1,Nao,0.5625,Sim,2025-05-07 14:27:11,2025-05-15 19:26:40,8.208,Thaís Cabral,2025-05-15 19:26:40,In Progress > Ready To Staging > Homologation > QA Approved Hml > Ready To Staging > Staging > QA Approved Staging > Done,2,1,0.006,0.006,0.006,0,,,
W1NNR-625,W1NNR,Tarefa,10,9,1,0,1,1,0,0,2,Nao,0.6,Sim,2025-03-20 14:30:53,2025-06-22 23:32:58,94.3764,Lorraine Caribe,2025-06-22 23:32:58,In Progress > Ready To Staging > Ready to Homologation > Homolog > QA Approved Hml > Ready To Staging > Staging > QA Approved Staging > Ready for Production > Done,2,1,12.9355,12.9355,12.9355,0,,,
W1NNR-861,W1NNR,Tarefa,10,9,1,0,1,1,0,0,2,Nao,0.6,Sim,2025-04-17 11:56:50,2025-06-22 23:38:01,66.4869,Lorraine Caribe,2025-06-22 23:38:01,In Progress > Ready To Staging > Ready to Homologation > Homolog > QA Approved Hml > Ready To Staging > Staging > QA Approved Staging > Ready for Production > Done,2,1,0.0729,0.0729,0.0729,0,,,
W1NNR-862,W1NNR,Tarefa,10,9,1,0,1,1,0,0,2,Nao,0.6,Sim,2025-04-17 12:56:55,2025-06-22 23:38:15,66.4454,Lorraine Caribe,2025-06-22 23:38:15,In Progress > Ready To Staging > Ready to Homologation > Homolog > QA Approved Hml > Ready To Staging > Staging > QA Approved Staging > Ready for Production > Done,2,1,0.0312,0.0312,0.0312,0,,,
W1NNR-833,W1NNR,Tarefa,11,9,2,0,0,0,0,0,4,Nao,0.6364,Sim,2025-04-10 20:59:03,2025-06-22 23:33:08,73.107,Lorraine Caribe,2025-06-22 23:33:08,In Progress > Staging > QA Approved > Staging > Homologation > QA Approved Hml > Ready To Staging > Staging > QA Approved Staging > Ready for Production > Done,2,1,5.6973,5.6973,5.6973,0,,,
W1NNR-624,W1NNR,Tarefa,10,8,2,0,0,1,0,0,3,Nao,0.65,Sim,2025-03-20 02:48:46,2025-06-22 23:35:27,94.8657,Lorraine Caribe,2025-06-22 23:35:27,In Progress > Ready To Staging > Staging > QA Approved > QA Approved Hml > Ready To Staging > Staging > QA Approved Staging > Ready for Production > Done,2,1,11.8387,11.8387,11.8387,0,,,
W1NNR-627,W1NNR,Tarefa,10,8,2,0,0,1,0,0,3,Nao,0.65,Sim,2025-03-21 20:50:58,2025-05-22 12:42:52,61.661,Lorraine Caribe,2025-05-22 12:42:52,In Progress > Ready To Staging > Staging > QA Approved > QA Approved Hml > Ready To Staging > Staging > QA Approved Staging > Ready for Production > Done,2,1,0.0001,0.0001,0.0001,0,,,
W1NNR-628,W1NNR,Tarefa,10,8,2,0,0,1,0,0,3,Nao,0.65,Sim,2025-03-21 20:50:59,2025-05-22 12:42:54,61.6611,Lorraine Caribe,2025-05-22 12:42:54,In Progress > Ready To Staging > Staging > QA Approved > QA Approved Hml > Ready To Staging > Staging > QA Approved Staging > Ready for Production > Done,2,1,0.0001,0.0001,0.0001,0,,,
W1NNR-629,W1NNR,Tarefa,10,8,2,0,0,1,0,0,3,Nao,0.65,Sim,2025-03-21 20:51:01,2025-05-22 12:42:56,61.6611,Lorraine Caribe,2025-05-22 12:42:56,In Progress > Ready To Staging > Staging > QA Approved > QA Approved Hml > Ready To Staging > Staging > QA Approved Staging > Ready for Production > Done,2,1,0.0001,0.0001,0.0001,0,,,
W1NNR-748,W1NNR,Tarefa,10,8,2,0,0,1,0,0,3,Nao,0.65,Sim,2025-03-25 14:10:21,2025-06-22 23:33:03,89.3908,Lorraine Caribe,2025-06-22 23:33:03,In Progress > Ready To Staging > Staging > QA Approved > QA Approved Hml > Ready To Staging > Staging > QA Approved Staging > Ready for Production > Done,2,1,0.9315,0.9315,0.9315,0,,,
W1NNR-617,W1NNR,Tarefa,10,8,2,0,0,1,0,0,2,Nao,0.75,Sim,2025-03-07 21:24:42,2025-06-22 23:32:59,107.0891,Lorraine Caribe,2025-06-22 23:32:59,In Progress > Ready To Staging > Staging > Homologation > QA Approved Hml > Ready To Staging > Staging > QA Approved Staging > Ready for Production > Done,2,1,23.9773,23.9773,23.9773,0,,,
W1NNR-771,W1NNR,Tarefa,10,8,2,0,0,1,0,0,2,Nao,0.75,Sim,2025-03-26 12:37:04,2025-06-22 23:32:56,88.4555,Lorraine Caribe,2025-06-22 23:32:56,In Progress > Ready To Staging > Staging > Homologation > QA Approved Hml > Ready To Staging > Staging > QA Approved Staging > Ready for Production > Done,2,1,5.4301,5.4301,5.4301,0,,,
W1NNR-800,W1NNR,Tarefa,10,8,2,0,0,1,0,0,2,Nao,0.75,Sim,2025-04-01 20:36:43,2025-06-22 23:33:05,82.1225,Lorraine Caribe,2025-06-22 23:33:05,In Progress > Ready To Staging > Staging > Homologation > QA Approved Hml > Ready To Staging > Staging > QA Approved Staging > Ready for Production > Done,2,1,0.0019,0.0019,0.0019,0,,,
W1NNR-863,W1NNR,Tarefa,10,8,2,0,0,1,0,0,2,Nao,0.75,Sim,2025-04-17 15:33:05,2025-06-22 23:38:22,66.337,Lorraine Caribe,2025-06-22 23:38:22,In Progress > Ready To Staging > Staging > Homologation > QA Approved Hml > Ready To Staging > Staging > QA Approved Staging > Ready for Production > Done,2,1,21.9582,21.9582,21.9582,0,,,
W1NNR-2206,W1NNR,História,5,4,1,0,0,0,0,0,5,Nao,0.0,Nao,2026-03-06 21:23:31,2026-04-23 14:21:54,47.7072,Sem Autor,,Backlog > Triagem > Backlog > READY FOR DEVELOPMENT > In Progess,1,1,0.0001,0.0001,0.0001,0,,,
W1NNR-2326,W1NNR,Problema,5,4,1,0,0,0,0,0,5,Nao,0.0,Nao,2026-04-02 13:12:11,2026-04-06 13:28:40,4.0114,Sem Autor,,Backlog > Triagem > Backlog > READY FOR DEVELOPMENT > In Progess,1,1,0.0,0.0,0.0,0,,,
W1NNR-2338,W1NNR,Problema,6,5,1,0,0,0,0,0,6,Nao,0.0,Nao,2026-04-13 19:35:39,2026-04-23 13:03:55,9.728,Sem Autor,,Backlog > READY FOR DEVELOPMENT > In Progess > Ready for code review > CODE REVIEW > In Progess,1,1,0.9846,0.9846,0.9846,0,,,
W1NNR-866,W1NNR,Problema,3,2,1,0,0,0,0,0,3,Nao,0.0,Nao,2026-02-19 13:57:54,2026-03-06 17:15:27,15.1372,Sem Autor,,Triagem > Backlog > Triagem,1,0,,,,0,,,
W1NNR-13,W1NNR,Tarefa,6,5,1,0,0,0,0,0,5,Nao,0.1667,Sim,2024-04-23 15:07:30,2026-03-06 15:58:16,682.0353,Lorraine Caribe,2026-03-06 15:58:16,To Do > Backlog > Triagem > Backlog > Cancelled > Done,1,0,,,,0,,,
W1NNR-2276,W1NNR,Problema,6,5,1,0,0,0,0,0,5,Nao,0.1667,Sim,2026-03-24 19:37:08,2026-04-02 13:11:02,8.7319,Marielle Freire,2026-04-02 13:11:02,Backlog > READY FOR DEVELOPMENT > In Progess > Ready for code review > In Progess > Done,1,1,0.1794,0.1794,0.1794,0,,,
W1NNR-2162,W1NNR,Problema,13,12,1,0,0,0,0,0,10,Nao,0.2308,Sim,2026-03-06 15:57:51,2026-03-19 21:01:48,13.2111,Lara Junqueira Alvarenga,2026-03-19 21:01:48,Backlog > Triagem > Backlog > READY FOR DEVELOPMENT > In Progess > Ready for code review > CODE REVIEW > READY FOR TESTING/QA > Testing / QA > Ready To Staging > Staging > Ready for Production > Done,1,1,0.1545,0.1545,0.1545,0,,,
W1NNR-2188,W1NNR,Problema,13,12,1,0,0,0,0,0,10,Nao,0.2308,Sim,2026-03-06 15:28:04,2026-03-17 13:09:12,10.9036,Lara Junqueira Alvarenga,2026-03-17 13:09:12,Backlog > Triagem > Backlog > READY FOR DEVELOPMENT > In Progess > Ready for code review > CODE REVIEW > READY FOR TESTING/QA > Testing / QA > Ready To Staging > Staging > Ready for Production > Done,1,1,2.8287,2.8287,2.8287,0,,,
W1NNR-2116,W1NNR,Tarefa,6,5,1,0,0,0,0,0,4,Nao,0.3333,Sim,2026-02-05 21:01:23,2026-03-03 18:41:22,25.9028,Lara Junqueira Alvarenga,2026-03-03 18:41:22,Approval > Staging > Homolog > Staging > Ready for Production > Done,1,0,,,,0,,,
W1NNR-2110,W1NNR,Tarefa,10,9,1,0,0,0,0,0,5,Nao,0.5,Sim,2026-02-04 19:15:43,2026-02-24 12:51:33,19.7332,Lara Junqueira Alvarenga,2026-02-24 12:51:33,Approval > Ready to Homolog > Homolog > QA Approved Hml > Ready To Staging > ready for homolog > Ready To Staging > Staging > Ready for Production > Done,1,0,,,,0,,,
W1NNR-575,W1NNR,Tarefa,9,8,1,0,0,1,0,0,4,Nao,0.5,Sim,2025-02-21 20:26:23,2025-04-02 13:00:07,39.6901,Lorraine Caribe,2025-04-02 13:00:07,In Progress > In Backlog > Backlog > In Progress > Ready To Staging > Staging > QA Approved > Ready for Production > Done,1,2,1.0929,0.5465,0.5465,0,,,
W1NNR-65,W1NNR,Tarefa,8,7,1,0,0,1,0,0,3,Nao,0.5625,Sim,2024-07-16 13:11:09,2024-08-01 14:12:52,16.0429,Lorraine Caribe,2024-08-01 14:12:52,In Progress > To Do > In Progress > Ready for Staging > Staging > In Staging > Ready for Production > Done,1,2,2.0171,1.0086,1.0086,0,,,
W1NNR-1956,W1NNR,Tarefa,10,9,1,0,0,0,0,0,4,Nao,0.6,Sim,2026-01-06 19:58:53,2026-02-20 20:59:45,45.0423,Lara Junqueira Alvarenga,2026-02-20 20:59:45,In Progress > Ready to Homolog > Homolog > QA Approved Hml > Ready To Staging > ready for homolog > Ready To Staging > Staging > Ready for Production > Done,1,1,14.9423,14.9423,14.9423,0,,,
W1NNR-1957,W1NNR,Tarefa,10,9,1,0,0,0,0,0,4,Nao,0.6,Sim,2026-01-09 18:32:42,2026-02-20 20:59:46,42.1021,Lara Junqueira Alvarenga,2026-02-20 20:59:46,In Progress > Ready to Homolog > Homolog > QA Approved Hml > Ready To Staging > ready for homolog > Ready To Staging > Staging > Ready for Production > Done,1,1,14.277,14.277,14.277,0,,,
W1NNR-1958,W1NNR,Tarefa,10,9,1,0,0,0,0,0,4,Nao,0.6,Sim,2026-01-15 12:45:44,2026-02-20 20:59:46,36.3431,Lara Junqueira Alvarenga,2026-02-20 20:59:46,In Progress > Ready to Homolog > Homolog > QA Approved Hml > Ready To Staging > ready for homolog > Ready To Staging > Staging > Ready for Production > Done,1,1,6.2428,6.2428,6.2428,0,,,
W1NNR-1959,W1NNR,Tarefa,10,9,1,0,0,0,0,0,4,Nao,0.6,Sim,2026-01-12 15:06:20,2026-02-20 20:59:46,39.2454,Lara Junqueira Alvarenga,2026-02-20 20:59:46,In Progress > Ready to Homolog > Homolog > QA Approved Hml > Ready To Staging > ready for homolog > Ready To Staging > Staging > Ready for Production > Done,1,1,9.1451,9.1451,9.1451,0,,,
W1NNR-1960,W1NNR,Tarefa,10,9,1,0,0,0,0,0,4,Nao,0.6,Sim,2026-01-21 18:35:58,2026-02-20 20:59:47,30.0999,Lara Junqueira Alvarenga,2026-02-20 20:59:47,In Progress > Ready to Homolog > Homolog > QA Approved Hml > Ready To Staging > ready for homolog > Ready To Staging > Staging > Ready for Production > Done,1,1,2.1237,2.1237,2.1237,0,,,
W1NNR-1961,W1NNR,Tarefa,10,9,1,0,0,0,0,0,4,Nao,0.6,Sim,2026-01-16 12:46:27,2026-02-20 20:59:47,35.3426,Lara Junqueira Alvarenga,2026-02-20 20:59:47,In Progress > Ready to Homolog > Homolog > QA Approved Hml > Ready To Staging > ready for homolog > Ready To Staging > Staging > Ready for Production > Done,1,1,5.2423,5.2423,5.2423,0,,,
W1NNR-1962,W1NNR,Tarefa,10,9,1,0,0,0,0,0,4,Nao,0.6,Sim,2026-01-22 20:35:28,2026-02-20 20:59:47,29.0169,Lara Junqueira Alvarenga,2026-02-20 20:59:47,In Progress > Ready to Homolog > Homolog > QA Approved Hml > Ready To Staging > ready for homolog > Ready To Staging > Staging > Ready for Production > Done,1,1,4.1424,4.1424,4.1424,0,,,
W1NNR-1963,W1NNR,Tarefa,10,9,1,0,0,0,0,0,4,Nao,0.6,Sim,2026-01-15 21:05:09,2026-02-20 20:59:47,35.9963,Lara Junqueira Alvarenga,2026-02-20 20:59:47,In Progress > Ready to Homolog > Homolog > QA Approved Hml > Ready To Staging > ready for homolog > Ready To Staging > Staging > Ready for Production > Done,1,1,11.1218,11.1218,11.1218,0,,,
W1NNR-1964,W1NNR,Tarefa,10,9,1,0,0,0,0,0,4,Nao,0.6,Sim,2026-01-14 18:56:25,2026-02-20 20:59:48,37.0857,Lara Junqueira Alvarenga,2026-02-20 20:59:48,In Progress > Ready to Homolog > Homolog > QA Approved Hml > Ready To Staging > ready for homolog > Ready To Staging > Staging > Ready for Production > Done,1,1,6.9854,6.9854,6.9854,0,,,
W1NNR-1965,W1NNR,Tarefa,10,9,1,0,0,0,0,0,4,Nao,0.6,Sim,2026-01-23 21:34:26,2026-02-20 20:59:48,27.976,Lara Junqueira Alvarenga,2026-02-20 20:59:48,In Progress > Ready to Homolog > Homolog > QA Approved Hml > Ready To Staging > ready for homolog > Ready To Staging > Staging > Ready for Production > Done,1,1,9.8291,9.8291,9.8291,0,,,
W1NNR-1966,W1NNR,Tarefa,10,9,1,0,0,0,0,0,4,Nao,0.6,Sim,2026-01-20 16:31:44,2026-02-20 20:59:48,31.1862,Lara Junqueira Alvarenga,2026-02-20 20:59:48,In Progress > Ready to Homolog > Homolog > QA Approved Hml > Ready To Staging > ready for homolog > Ready To Staging > Staging > Ready for Production > Done,1,1,5.9313,5.9313,5.9313,0,,,
W1NNR-655,W1NNR,Tarefa,5,4,1,0,0,0,0,0,2,Nao,0.6,Sim,2025-03-06 01:06:50,2025-04-14 13:28:01,39.5147,Thaís Cabral,2025-04-14 13:28:01,Ready for Production > Staging > QA Approved > Ready for Production > Done,1,0,,,,0,,,
W1NNR-471,W1NNR,Tarefa,8,7,1,0,0,2,0,0,2,Nao,0.625,Sim,2024-10-29 20:16:33,2025-01-27 19:17:51,89.9592,Lorraine Caribe,2025-01-27 19:17:51,In Progress > Ready To Staging > In Staging > Prioritized > Backlog > In Staging > Ready for Production > Done,1,1,1.0337,1.0337,1.0337,0,,,
W1NNR-472,W1NNR,Tarefa,8,7,1,0,0,2,0,0,2,Nao,0.625,Sim,2024-10-29 13:21:55,2025-01-27 19:17:49,90.2472,Lorraine Caribe,2025-01-27 19:17:49,In Progress > Ready To Staging > In Staging > Prioritized > Backlog > In Staging > Ready for Production > Done,1,1,1.2158,1.2158,1.2158,0,,,
W1NNR-473,W1NNR,Tarefa,8,7,1,0,0,2,0,0,2,Nao,0.625,Sim,2024-10-30 21:05:10,2025-01-27 19:17:52,88.9255,Lorraine Caribe,2025-01-27 19:17:52,In Progress > Ready To Staging > In Staging > Prioritized > Backlog > In Staging > Ready for Production > Done,1,1,25.6653,25.6653,25.6653,0,,,
W1NNR-474,W1NNR,Tarefa,8,7,1,0,0,2,0,0,2,Nao,0.625,Sim,2024-11-25 13:03:23,2025-01-27 19:18:00,63.2601,Lorraine Caribe,2025-01-27 19:18:00,In Progress > Ready To Staging > In Staging > Prioritized > Backlog > In Staging > Ready for Production > Done,1,1,11.3246,11.3246,11.3246,0,,,
W1NNR-475,W1NNR,Tarefa,8,7,1,0,0,2,0,0,2,Nao,0.625,Sim,2024-10-30 21:05:39,2025-01-27 19:17:53,88.9252,Lorraine Caribe,2025-01-27 19:17:53,In Progress > Ready To Staging > In Staging > Prioritized > Backlog > In Staging > Ready for Production > Done,1,1,49.6765,49.6765,49.6765,0,,,
W1NNR-476,W1NNR,Tarefa,8,7,1,0,0,2,0,0,2,Nao,0.625,Sim,2024-12-09 19:13:37,2025-01-27 19:17:58,49.003,Lorraine Caribe,2025-01-27 19:17:58,In Progress > Ready To Staging > In Staging > Prioritized > Backlog > In Staging > Ready for Production > Done,1,1,9.7542,9.7542,9.7542,0,,,
W1NNR-477,W1NNR,Tarefa,8,7,1,0,0,2,0,0,2,Nao,0.625,Sim,2024-11-21 19:21:15,2025-01-27 19:17:54,66.9977,Lorraine Caribe,2025-01-27 19:17:54,In Progress > Ready To Staging > In Staging > Prioritized > Backlog > In Staging > Ready for Production > Done,1,1,15.0628,15.0628,15.0628,0,,,
W1NNR-478,W1NNR,Tarefa,8,7,1,0,0,2,0,0,2,Nao,0.625,Sim,2024-11-01 18:07:46,2025-01-27 19:17:59,87.0488,Lorraine Caribe,2025-01-27 19:17:59,In Progress > Ready To Staging > In Staging > Prioritized > Backlog > In Staging > Ready for Production > Done,1,1,0.0981,0.0981,0.0981,0,,,
W1NNR-479,W1NNR,Tarefa,8,7,1,0,0,2,0,0,2,Nao,0.625,Sim,2024-11-01 14:36:27,2025-01-27 19:18:01,87.1955,Lorraine Caribe,2025-01-27 19:18:01,In Progress > Ready To Staging > In Staging > Prioritized > Backlog > In Staging > Ready for Production > Done,1,1,0.1466,0.1466,0.1466,0,,,
W1NNR-480,W1NNR,Tarefa,8,7,1,0,0,2,0,0,2,Nao,0.625,Sim,2024-11-05 19:19:06,2025-01-27 19:18:02,82.9993,Lorraine Caribe,2025-01-27 19:18:02,In Progress > Ready To Staging > In Staging > Prioritized > Backlog > In Staging > Ready for Production > Done,1,1,31.0638,31.0638,31.0638,0,,,
W1NNR-482,W1NNR,Tarefa,8,7,1,0,0,2,0,0,2,Nao,0.625,Sim,2024-12-05 13:02:37,2025-01-27 19:18:03,53.2607,Lorraine Caribe,2025-01-27 19:18:03,In Progress > Ready To Staging > In Staging > Prioritized > Backlog > In Staging > Ready for Production > Done,1,1,1.3251,1.3251,1.3251,0,,,
W1NNR-630,W1NNR,Tarefa,9,8,1,0,0,0,0,0,3,Nao,0.6667,Sim,2025-03-25 13:52:25,2025-06-22 23:33:01,89.4032,Lorraine Caribe,2025-06-22 23:33:01,In Progress > Staging > QA Approved > QA Approved Hml > Ready To Staging > Staging > QA Approved Staging > Ready for Production > Done,1,1,21.9936,21.9936,21.9936,0,,,
W1NNR-834,W1NNR,Tarefa,9,8,1,0,0,0,0,0,3,Nao,0.6667,Sim,2025-04-10 22:07:13,2025-06-22 23:33:09,73.0597,Lorraine Caribe,2025-06-22 23:33:09,In Progress > Staging > QA Approved > QA Approved Hml > Ready To Staging > Staging > QA Approved Staging > Ready for Production > Done,1,1,5.65,5.65,5.65,0,,,
W1NNR-846,W1NNR,Tarefa,8,7,1,0,0,0,0,0,2,Nao,0.75,Sim,2025-04-30 18:37:12,2025-05-27 15:41:22,26.8779,Thaís Cabral,2025-05-27 15:41:22,Staging > Homologation > QA Approved Hml > Ready To Staging > Staging > QA Approved Staging > Ready for Production > Done,1,0,,,,0,,,
W1NNR-851,W1NNR,Tarefa,8,7,1,0,0,0,0,0,2,Nao,0.75,Sim,2025-04-30 18:39:11,2025-05-27 15:41:25,26.8765,Thaís Cabral,2025-05-27 15:41:25,Staging > Homologation > QA Approved Hml > Ready To Staging > Staging > QA Approved Staging > Ready for Production > Done,1,0,,,,0,,,
W1NNR-843,W1NNR,Tarefa,9,8,1,0,0,0,0,0,2,Nao,0.7778,Sim,2025-04-17 20:19:06,2025-05-27 15:41:18,39.8071,Thaís Cabral,2025-05-27 15:41:18,In Progress > Staging > Homologation > QA Approved Hml > Ready To Staging > Staging > QA Approved Staging > Ready for Production > Done,1,1,12.9065,12.9065,12.9065,0,,,
W1NNR-844,W1NNR,Tarefa,9,8,1,0,0,0,0,0,2,Nao,0.7778,Sim,2025-04-24 13:49:09,2025-05-27 15:41:20,33.0779,Thaís Cabral,2025-05-27 15:41:20,In Progress > Staging > Homologation > QA Approved Hml > Ready To Staging > Staging > QA Approved Staging > Ready for Production > Done,1,1,6.1773,6.1773,6.1773,0,,,
W1NNR-845,W1NNR,Tarefa,9,8,1,0,0,0,0,0,2,Nao,0.7778,Sim,2025-04-28 19:45:46,2025-05-27 15:41:21,28.8303,Thaís Cabral,2025-05-27 15:41:21,In Progress > Staging > Homologation > QA Approved Hml > Ready To Staging > Staging > QA Approved Staging > Ready for Production > Done,1,1,1.9297,1.9297,1.9297,0,,,
W1NNR-849,W1NNR,Tarefa,9,8,1,0,0,0,0,0,2,Nao,0.7778,Sim,2025-04-30 13:24:17,2025-05-27 15:41:24,27.0952,Thaís Cabral,2025-05-27 15:41:24,In Progress > Staging > Homologation > QA Approved Hml > Ready To Staging > Staging > QA Approved Staging > Ready for Production > Done,1,1,0.1947,0.1947,0.1947,0,,,
W1NNR-852,W1NNR,Tarefa,9,8,1,0,0,0,0,0,2,Nao,0.7778,Sim,2025-04-30 18:20:12,2025-05-27 15:41:26,26.8897,Thaís Cabral,2025-05-27 15:41:26,In Progress > Staging > Homologation > QA Approved Hml > Ready To Staging > Staging > QA Approved Staging > Ready for Production > Done,1,1,6.002,6.002,6.002,0,,,
W1NNR-2047,W1NNR,Tarefa,6,6,0,0,0,0,0,0,6,Nao,0.0,Nao,2026-03-02 13:37:22,2026-04-23 16:53:19,52.1361,Sem Autor,,READY FOR DEVELOPMENT > In Progess > Ready for code review > CODE REVIEW > READY FOR TESTING/QA > Testing / QA,0,1,9.9988,9.9988,9.9988,0,,,
W1NNR-2048,W1NNR,Tarefa,8,8,0,0,0,0,0,0,8,Nao,0.0,Nao,2026-02-27 12:58:54,2026-04-23 16:53:29,55.1629,Sem Autor,,Triagem > Backlog > READY FOR DEVELOPMENT > In Progess > Ready for code review > CODE REVIEW > READY FOR TESTING/QA > Testing / QA,0,1,0.0001,0.0001,0.0001,0,,,
W1NNR-2049,W1NNR,Tarefa,2,2,0,0,0,0,0,0,2,Nao,0.0,Nao,2026-03-02 13:37:23,2026-03-12 17:44:59,10.1719,Sem Autor,,READY FOR DEVELOPMENT > In Progess,0,1,10.1719,10.1719,10.1719,0,,,
W1NNR-2051,W1NNR,Tarefa,5,5,0,0,0,0,0,0,5,Nao,0.0,Nao,2026-03-02 13:37:24,2026-04-15 14:37:23,44.0417,Sem Autor,,READY FOR DEVELOPMENT > In Progess > Ready for code review > CODE REVIEW > READY FOR TESTING/QA,0,1,28.2515,28.2515,28.2515,0,,,
W1NNR-2055,W1NNR,Tarefa,3,3,0,0,0,0,0,0,3,Nao,0.0,Nao,2026-03-24 12:56:07,2026-04-17 12:27:26,23.9801,Sem Autor,,READY FOR DEVELOPMENT > In Progess > Ready for code review,0,1,6.2729,6.2729,6.2729,0,,,
W1NNR-2056,W1NNR,Tarefa,4,4,0,0,0,0,0,0,4,Nao,0.0,Nao,2026-03-24 12:56:05,2026-04-22 13:25:19,29.0203,Sem Autor,,READY FOR DEVELOPMENT > In Progess > Ready for code review > CODE REVIEW,0,1,1.0077,1.0077,1.0077,0,,,
W1NNR-2057,W1NNR,Tarefa,5,5,0,0,0,0,0,0,5,Nao,0.0,Nao,2026-03-09 12:15:18,2026-03-11 19:50:30,2.3161,Sem Autor,,READY FOR DEVELOPMENT > In Progess > Ready for code review > CODE REVIEW > READY FOR TESTING/QA,0,1,0.0003,0.0003,0.0003,0,,,
W1NNR-2207,W1NNR,História,2,2,0,0,0,0,0,0,2,Nao,0.0,Nao,2026-03-06 21:25:17,2026-03-19 22:35:44,13.0489,Sem Autor,,Backlog > Triagem,0,0,,,,0,,,
W1NNR-2217,W1NNR,Tarefa,7,7,0,0,0,0,0,0,7,Nao,0.0,Nao,2026-03-10 22:07:37,2026-04-23 16:54:32,43.7826,Sem Autor,,Backlog > READY FOR DEVELOPMENT > In Progess > Ready for code review > CODE REVIEW > READY FOR TESTING/QA > Testing / QA,0,1,0.0674,0.0674,0.0674,0,,,
W1NNR-2226,W1NNR,Tarefa,7,7,0,0,0,0,0,0,7,Nao,0.0,Nao,2026-03-11 20:05:14,2026-04-23 16:52:54,42.8664,Sem Autor,,Backlog > READY FOR DEVELOPMENT > In Progess > Ready for code review > CODE REVIEW > READY FOR TESTING/QA > Testing / QA,0,1,0.672,0.672,0.672,0,,,
W1NNR-2227,W1NNR,Tarefa,7,7,0,0,0,0,0,0,7,Nao,0.0,Nao,2026-03-11 20:28:27,2026-03-11 20:31:07,0.0018,Sem Autor,,Backlog > READY FOR DEVELOPMENT > In Progess > Ready for code review > CODE REVIEW > READY FOR TESTING/QA > Testing / QA,0,1,0.0,0.0,0.0,0,,,
W1NNR-2255,W1NNR,Problema,1,1,0,0,0,0,0,0,1,Nao,0.0,Nao,2026-03-18 14:44:42,2026-03-18 14:44:42,0.0,Sem Autor,,Cancelada,0,0,,,,0,,,
W1NNR-2268,W1NNR,Problema,1,1,0,0,0,0,0,0,1,Nao,0.0,Nao,2026-03-24 20:15:28,2026-03-24 20:15:28,0.0,Sem Autor,,Cancelada,0,0,,,,0,,,
W1NNR-2271,W1NNR,Problema,1,1,0,0,0,0,0,0,1,Nao,0.0,Nao,2026-03-19 21:06:23,2026-03-19 21:06:23,0.0,Sem Autor,,Backlog,0,0,,,,0,,,
W1NNR-2284,W1NNR,Tarefa,6,6,0,0,0,0,0,0,6,Nao,0.0,Nao,2026-03-30 17:32:06,2026-04-01 20:08:15,2.1084,Sem Autor,,Backlog > READY FOR DEVELOPMENT > In Progess > Ready for code review > CODE REVIEW > READY FOR TESTING/QA,0,1,0.7872,0.7872,0.7872,0,,,
W1NNR-2285,W1NNR,Tarefa,6,6,0,0,0,0,0,0,6,Nao,0.0,Nao,2026-03-30 17:32:02,2026-04-08 17:08:54,8.9839,Sem Autor,,Backlog > READY FOR DEVELOPMENT > In Progess > Ready for code review > CODE REVIEW > READY FOR TESTING/QA,0,1,1.7753,1.7753,1.7753,0,,,
W1NNR-2286,W1NNR,Tarefa,6,6,0,0,0,0,0,0,6,Nao,0.0,Nao,2026-03-30 17:31:52,2026-04-02 13:16:48,2.8229,Sem Autor,,Backlog > READY FOR DEVELOPMENT > In Progess > Ready for code review > CODE REVIEW > READY FOR TESTING/QA,0,1,0.7655,0.7655,0.7655,0,,,
W1NNR-2288,W1NNR,Tarefa,6,6,0,0,0,0,0,0,6,Nao,0.0,Nao,2026-03-30 17:31:55,2026-04-07 20:52:29,8.1393,Sem Autor,,Backlog > READY FOR DEVELOPMENT > In Progess > Ready for code review > CODE REVIEW > READY FOR TESTING/QA,0,1,1.0678,1.0678,1.0678,0,,,
W1NNR-2289,W1NNR,Tarefa,6,6,0,0,0,0,0,0,6,Nao,0.0,Nao,2026-03-30 17:31:49,2026-04-08 19:05:37,9.0651,Sem Autor,,Backlog > READY FOR DEVELOPMENT > In Progess > Ready for code review > CODE REVIEW > READY FOR TESTING/QA,0,1,6.8114,6.8114,6.8114,0,,,
W1NNR-2307,W1NNR,Problema,2,2,0,0,0,0,0,0,2,Nao,0.0,Nao,2026-03-30 17:04:23,2026-04-02 13:47:06,2.863,Sem Autor,,Backlog > Triagem,0,0,,,,0,,,
W1NNR-2321,W1NNR,História,1,1,0,0,0,0,0,0,1,Nao,0.0,Nao,2026-04-01 15:08:29,2026-04-01 15:08:29,0.0,Sem Autor,,Cancelada,0,0,,,,0,,,
W1NNR-2327,W1NNR,Problema,1,1,0,0,0,0,0,0,1,Nao,0.0,Nao,2026-04-02 14:59:42,2026-04-02 14:59:42,0.0,Sem Autor,,Cancelada,0,0,,,,0,,,
W1NNR-2329,W1NNR,Tarefa,6,6,0,0,0,0,0,0,6,Nao,0.0,Nao,2026-04-15 13:39:09,2026-04-20 14:42:10,5.0438,Sem Autor,,Backlog > READY FOR DEVELOPMENT > In Progess > Ready for code review > CODE REVIEW > READY FOR TESTING/QA,0,1,4.9099,4.9099,4.9099,0,,,
W1NNR-2330,W1NNR,Tarefa,6,6,0,0,0,0,0,0,6,Nao,0.0,Nao,2026-04-15 13:38:59,2026-04-22 18:20:12,7.1953,Sem Autor,,Backlog > READY FOR DEVELOPMENT > In Progess > Ready for code review > CODE REVIEW > READY FOR TESTING/QA,0,1,0.6992,0.6992,0.6992,0,,,
W1NNR-2331,W1NNR,Tarefa,4,4,0,0,0,0,0,0,4,Nao,0.0,Nao,2026-04-15 13:12:56,2026-04-16 19:40:46,1.2693,Sem Autor,,Backlog > READY FOR DEVELOPMENT > In Progess > Ready for code review,0,1,0.2285,0.2285,0.2285,0,,,
W1NNR-2332,W1NNR,Tarefa,6,6,0,0,0,0,0,0,6,Nao,0.0,Nao,2026-04-09 18:56:00,2026-04-14 20:20:01,5.0583,Sem Autor,,Backlog > READY FOR DEVELOPMENT > In Progess > Ready for code review > CODE REVIEW > READY FOR TESTING/QA,0,1,0.0001,0.0001,0.0001,0,,,
W1NNR-2333,W1NNR,Tarefa,6,6,0,0,0,0,0,0,6,Nao,0.0,Nao,2026-04-09 18:55:52,2026-04-14 20:19:59,5.0584,Sem Autor,,Backlog > READY FOR DEVELOPMENT > In Progess > Ready for code review > CODE REVIEW > READY FOR TESTING/QA,0,1,0.0217,0.0217,0.0217,0,,,
W1NNR-2335,W1NNR,Tarefa,3,3,0,0,0,0,0,0,3,Nao,0.0,Nao,2026-04-15 13:38:45,2026-04-20 18:22:41,5.1972,Sem Autor,,Backlog > READY FOR DEVELOPMENT > In Progess,0,1,0.1861,0.1861,0.1861,0,,,
W1NNR-2350,W1NNR,Tarefa,6,6,0,0,0,0,0,0,6,Nao,0.0,Nao,2026-04-10 13:08:10,2026-04-10 15:05:23,0.0814,Sem Autor,,Backlog > READY FOR DEVELOPMENT > In Progess > Ready for code review > CODE REVIEW > READY FOR TESTING/QA,0,1,0.0,0.0,0.0,0,,,
W1NNR-2351,W1NNR,Tarefa,6,6,0,0,0,0,0,0,6,Nao,0.0,Nao,2026-04-09 18:55:26,2026-04-14 19:47:15,5.036,Sem Autor,,Backlog > READY FOR DEVELOPMENT > In Progess > Ready for code review > CODE REVIEW > READY FOR TESTING/QA,0,1,0.2054,0.2054,0.2054,0,,,
W1NNR-2359,W1NNR,Tarefa,5,5,0,0,0,0,0,0,5,Nao,0.0,Nao,2026-04-13 19:32:20,2026-04-23 02:41:31,9.298,Sem Autor,,Backlog > READY FOR DEVELOPMENT > In Progess > Ready for code review > CODE REVIEW,0,1,1.4045,1.4045,1.4045,0,,,
W1NNR-2363,W1NNR,Tarefa,1,1,0,0,0,0,0,0,1,Nao,0.0,Nao,2026-04-13 19:30:11,2026-04-13 19:30:11,0.0,Sem Autor,,Cancelada,0,0,,,,0,,,
W1NNR-2366,W1NNR,Problema,4,4,0,0,0,0,0,0,4,Nao,0.0,Nao,2026-04-15 12:17:43,2026-04-22 13:53:51,7.0668,Sem Autor,,Backlog > READY FOR DEVELOPMENT > In Progess > Ready for code review,0,1,0.0,0.0,0.0,0,,,
W1NNR-2375,W1NNR,Tarefa,4,4,0,0,0,0,0,0,4,Nao,0.0,Nao,2026-04-16 21:10:33,2026-04-22 13:54:35,5.6972,Sem Autor,,Backlog > READY FOR DEVELOPMENT > In Progess > Ready for code review,0,1,0.0002,0.0002,0.0002,0,,,
W1NNR-2382,W1NNR,Problema,1,1,0,0,0,0,0,0,1,Nao,0.0,Nao,2026-04-20 19:09:30,2026-04-20 19:09:30,0.0,Sem Autor,,Cancelada,0,0,,,,0,,,
W1NNR-2389,W1NNR,Tarefa,2,2,0,0,0,0,0,0,2,Nao,0.0,Nao,2026-04-23 14:33:13,2026-04-23 14:49:43,0.0115,Sem Autor,,Backlog > READY FOR DEVELOPMENT,0,1,,,,0,,,
W1NNR-2390,W1NNR,Tarefa,2,2,0,0,0,0,0,0,2,Nao,0.0,Nao,2026-04-23 14:33:20,2026-04-23 14:49:47,0.0114,Sem Autor,,Backlog > READY FOR DEVELOPMENT,0,1,,,,0,,,
W1NNR-2391,W1NNR,Tarefa,1,1,0,0,0,0,0,0,1,Nao,0.0,Nao,2026-04-23 14:33:29,2026-04-23 14:33:29,0.0,Sem Autor,,Backlog,0,0,,,,0,,,
W1NNR-2392,W1NNR,Tarefa,1,1,0,0,0,0,0,0,1,Nao,0.0,Nao,2026-04-23 14:33:37,2026-04-23 14:33:37,0.0,Sem Autor,,Backlog,0,0,,,,0,,,
W1NNR-766,W1NNR,Tarefa,2,2,0,0,0,0,0,0,2,Nao,0.0,Nao,2025-04-01 16:25:53,2026-02-19 13:57:52,323.8972,Sem Autor,,Backlog > Triagem,0,0,,,,0,,,
W1NNR-2348,W1NNR,Problema,9,9,0,0,0,0,0,0,8,Nao,0.1111,Nao,2026-04-13 14:04:07,2026-04-22 14:18:08,9.0097,Sem Autor,,Backlog > READY FOR DEVELOPMENT > In Progess > Ready for code review > CODE REVIEW > READY FOR TESTING/QA > Testing / QA > Ready To Staging > Staging,0,1,0.0,0.0,0.0,0,,,
W1NNR-2304,W1NNR,Problema,8,8,0,0,0,0,0,0,7,Nao,0.125,Sim,2026-03-30 14:58:31,2026-03-31 21:41:05,1.2796,Peterson Bem,2026-03-31 21:41:05,Backlog > READY FOR DEVELOPMENT > In Progess > Ready for code review > CODE REVIEW > READY FOR TESTING/QA > Testing / QA > Done,0,1,0.0177,0.0177,0.0177,0,,,
W1NNR-2029,W1NNR,Tarefa,6,6,0,0,0,0,0,0,5,Nao,0.1667,Sim,2026-02-19 14:02:24,2026-03-10 12:52:49,18.9517,Lorraine Caribe,2026-03-10 12:52:49,READY FOR DEVELOPMENT > In Progess > Ready for code review > CODE REVIEW > READY FOR TESTING/QA > Done,0,1,7.2134,7.2134,7.2134,0,,,
W1NNR-127,W1NNR,Problema,5,5,0,0,0,0,0,0,4,Nao,0.2,Sim,2024-08-14 01:15:54,2024-08-26 17:39:43,12.6832,Lara Junqueira Alvarenga,2024-08-26 17:39:43,in analytics > In Development > In Validation > Tech Review > Done,0,1,1.0364,1.0364,1.0364,0,,,
W1NNR-14,W1NNR,Tarefa,5,5,0,0,0,0,0,0,4,Nao,0.2,Sim,2024-04-23 15:07:30,2026-03-06 15:58:16,682.0353,Lorraine Caribe,2026-03-06 15:58:16,To Do > Backlog > Triagem > Cancelled > Done,0,0,,,,0,,,
W1NNR-15,W1NNR,Tarefa,5,5,0,0,0,0,0,0,4,Nao,0.2,Sim,2024-04-23 15:07:30,2026-03-06 15:58:16,682.0353,Lorraine Caribe,2026-03-06 15:58:16,To Do > Backlog > Triagem > Cancelled > Done,0,0,,,,0,,,
W1NNR-1500,W1NNR,Tarefa,5,5,0,0,0,0,0,0,4,Nao,0.2,Sim,2025-09-23 18:19:12,2026-02-18 15:42:53,147.8915,Lara Junqueira Alvarenga,2026-02-18 15:42:53,in analytics > In Development > Backlog > Cancelled > Done,0,1,119.1418,119.1418,119.1418,0,,,
W1NNR-2203,W1NNR,Problema,10,10,0,0,0,0,0,0,8,Nao,0.2,Sim,2026-03-24 13:01:01,2026-03-24 20:15:07,0.3015,João Pedro Gomes da Silva,2026-03-24 20:15:07,Backlog > READY FOR DEVELOPMENT > In Progess > Ready for code review > CODE REVIEW > READY FOR TESTING/QA > Testing / QA > Ready To Staging > Staging > Done,0,1,0.0,0.0,0.0,0,,,
W1NNR-2278,W1NNR,Problema,10,10,0,0,0,0,0,0,8,Nao,0.2,Sim,2026-03-24 13:02:34,2026-04-06 18:32:22,13.229,Peterson Bem,2026-04-06 18:32:22,Backlog > READY FOR DEVELOPMENT > In Progess > Ready for code review > CODE REVIEW > READY FOR TESTING/QA > Testing / QA > Ready To Staging > Staging > Done,0,1,0.7217,0.7217,0.7217,0,,,
W1NNR-2283,W1NNR,Tarefa,10,10,0,0,0,0,0,0,8,Nao,0.2,Sim,2026-03-24 17:59:40,2026-04-14 14:44:24,20.8644,Marielle Freire,2026-04-14 14:44:24,Backlog > READY FOR DEVELOPMENT > In Progess > Ready for code review > CODE REVIEW > READY FOR TESTING/QA > Testing / QA > Ready To Staging > Staging > Done,0,1,0.0,0.0,0.0,0,,,
W1NNR-2290,W1NNR,Problema,10,10,0,0,0,0,0,0,8,Nao,0.2,Sim,2026-03-24 21:11:07,2026-03-30 14:56:36,5.7399,Marielle Freire,2026-03-30 14:56:36,Backlog > READY FOR DEVELOPMENT > In Progess > Ready for code review > CODE REVIEW > READY FOR TESTING/QA > Testing / QA > Ready To Staging > Staging > Done,0,1,0.0,0.0,0.0,0,,,
W1NNR-2301,W1NNR,Problema,10,10,0,0,0,0,0,0,8,Nao,0.2,Sim,2026-03-26 18:48:41,2026-03-30 22:02:06,4.1343,Lorraine Caribe,2026-03-30 22:02:06,Backlog > READY FOR DEVELOPMENT > In Progess > Ready for code review > CODE REVIEW > READY FOR TESTING/QA > Testing / QA > Ready To Staging > Staging > Done,0,1,0.0,0.0,0.0,0,,,
W1NNR-2347,W1NNR,Tarefa,10,10,0,0,0,0,0,0,8,Nao,0.2,Nao,2026-04-07 16:42:56,2026-04-13 13:36:19,5.8704,Sem Autor,,Backlog > READY FOR DEVELOPMENT > In Progess > Ready for code review > CODE REVIEW > READY FOR TESTING/QA > Testing / QA > Ready To Staging > Staging > Ready for Production,0,1,0.0138,0.0138,0.0138,0,,,
W1NNR-2355,W1NNR,Problema,10,10,0,0,0,0,0,0,8,Nao,0.2,Nao,2026-04-09 14:34:37,2026-04-13 13:35:01,3.9586,Sem Autor,,Backlog > READY FOR DEVELOPMENT > In Progess > Ready for code review > CODE REVIEW > READY FOR TESTING/QA > Testing / QA > Ready To Staging > Staging > Ready for Production,0,1,0.0001,0.0001,0.0001,0,,,
W1NNR-2364,W1NNR,Tarefa,10,10,0,0,0,0,0,0,8,Nao,0.2,Nao,2026-04-14 15:08:16,2026-04-16 12:51:01,1.9047,Sem Autor,,Backlog > READY FOR DEVELOPMENT > In Progess > Ready for code review > CODE REVIEW > READY FOR TESTING/QA > Testing / QA > Ready To Staging > Staging > Ready for Production,0,1,0.015,0.015,0.015,0,,,
W1NNR-2368,W1NNR,Tarefa,10,10,0,0,0,0,0,0,8,Nao,0.2,Nao,2026-04-15 18:49:50,2026-04-23 02:15:10,7.3093,Sem Autor,,Backlog > READY FOR DEVELOPMENT > In Progess > Ready for code review > CODE REVIEW > READY FOR TESTING/QA > Testing / QA > Ready To Staging > Staging > Ready for Production,0,1,4.7374,4.7374,4.7374,0,,,
W1NNR-2373,W1NNR,Problema,10,10,0,0,0,0,0,0,8,Nao,0.2,Nao,2026-04-16 13:02:46,2026-04-20 18:50:01,4.2411,Sem Autor,,Backlog > READY FOR DEVELOPMENT > In Progess > Ready for code review > CODE REVIEW > READY FOR TESTING/QA > Testing / QA > Ready To Staging > Staging > Ready for Production,0,1,0.0,0.0,0.0,0,,,
W1NNR-2376,W1NNR,Tarefa,10,10,0,0,0,0,0,0,8,Nao,0.2,Nao,2026-04-17 13:00:18,2026-04-23 02:15:00,5.5519,Sem Autor,,Backlog > READY FOR DEVELOPMENT > In Progess > Ready for code review > CODE REVIEW > READY FOR TESTING/QA > Testing / QA > Ready To Staging > Staging > Ready for Production,0,1,0.0,0.0,0.0,0,,,
W1NNR-2381,W1NNR,Problema,10,10,0,0,0,0,0,0,8,Nao,0.2,Nao,2026-04-20 12:59:56,2026-04-23 02:14:40,2.5519,Sem Autor,,Backlog > READY FOR DEVELOPMENT > In Progess > Ready for code review > CODE REVIEW > READY FOR TESTING/QA > Testing / QA > Ready To Staging > Staging > Ready for Production,0,1,0.0001,0.0001,0.0001,0,,,
W1NNR-6,W1NNR,Problema,5,5,0,0,0,0,0,0,4,Nao,0.2,Sim,2024-04-23 14:25:26,2024-07-31 18:51:29,99.1848,Lorraine Caribe,2024-07-31 18:51:29,To Do > Ready to Analytics > Cancelled > in analytics > Done,0,0,,,,0,,,
W1NNR-651,W1NNR,Problema,5,5,0,0,0,0,0,0,4,Nao,0.2,Sim,2025-03-05 19:04:26,2025-03-11 21:23:08,6.0963,Lorraine Caribe,2025-03-11 21:23:08,in analytics > In Development > Staging > QA Approved > Done,0,1,1.7871,1.7871,1.7871,0,,,
W1NNR-853,W1NNR,Problema,5,5,0,0,0,0,0,0,4,Nao,0.2,Sim,2025-04-16 21:26:48,2025-04-25 22:11:55,9.0313,Thaís Cabral,2025-04-25 22:11:55,in analytics > In Development > Staging > QA Approved > Done,0,1,7.7297,7.7297,7.7297,0,,,
W1NNR-884,W1NNR,Problema,5,5,0,0,0,0,0,0,4,Nao,0.2,Sim,2025-04-22 21:16:07,2025-04-25 22:15:14,3.0411,Thaís Cabral,2025-04-25 22:15:14,in analytics > In Development > Staging > QA Approved > Done,0,1,0.8685,0.8685,0.8685,0,,,
W1NNR-2144,W1NNR,Problema,13,13,0,0,0,0,0,0,10,Nao,0.2308,Sim,2026-02-13 18:07:06,2026-02-23 20:01:12,10.0792,Lara Junqueira Alvarenga,2026-02-23 20:01:12,in analytics > Triagem > Backlog > READY FOR DEVELOPMENT > In Progess > Ready for code review > CODE REVIEW > READY FOR TESTING/QA > Testing / QA > Ready To Staging > Staging > Ready for Production > Done,0,1,0.0,0.0,0.0,0,,,
W1NNR-2258,W1NNR,Problema,13,13,0,0,0,0,0,0,10,Nao,0.2308,Sim,2026-03-16 19:09:32,2026-03-18 15:09:47,1.8335,Lara Junqueira Alvarenga,2026-03-18 15:09:47,Backlog do Produto > Triagem > Backlog > READY FOR DEVELOPMENT > In Progess > Ready for code review > CODE REVIEW > READY FOR TESTING/QA > Testing / QA > Ready To Staging > Staging > Ready for Production > Done,0,1,0.0,0.0,0.0,0,,,
W1NNR-1168,W1NNR,Problema,4,4,0,0,0,0,0,0,3,Nao,0.25,Sim,2025-07-08 12:52:04,2025-07-10 17:23:41,2.1886,Lorraine Caribe,2025-07-10 17:23:41,in analytics > In Development > In Validation > Done,0,1,0.0,0.0,0.0,0,,,
W1NNR-12,W1NNR,Tarefa,4,4,0,0,0,0,0,0,3,Nao,0.25,Sim,2024-04-23 15:05:28,2026-02-18 15:42:53,666.026,Lara Junqueira Alvarenga,2026-02-18 15:42:53,To Do > Backlog > Cancelled > Done,0,0,,,,0,,,
W1NNR-121,W1NNR,Problema,4,4,0,0,0,0,0,0,3,Nao,0.25,Sim,2024-08-07 18:57:36,2024-08-08 19:55:29,1.0402,Heitor Toledo,2024-08-08 19:55:29,in analytics > In Development > In Validation > Done,0,1,0.7121,0.7121,0.7121,0,,,
W1NNR-124,W1NNR,Problema,4,4,0,0,0,0,0,0,3,Nao,0.25,Sim,2024-08-12 13:34:06,2024-08-15 19:35:18,3.2508,Lara Junqueira Alvarenga,2024-08-15 19:35:18,in analytics > In Development > In Validation > Done,0,1,0.422,0.422,0.422,0,,,
W1NNR-1408,W1NNR,Problema,6,6,0,0,0,1,0,0,4,Nao,0.25,Sim,2025-09-01 19:38:27,2025-09-09 13:11:50,7.7315,Lorraine Caribe,2025-09-09 13:11:50,in analytics > In Development > Ready for build > In Validation > QA Approved Staging > Done,0,1,0.9848,0.9848,0.9848,0,,,
W1NNR-20,W1NNR,Tarefa,4,4,0,0,0,0,0,0,3,Nao,0.25,Sim,2024-04-24 13:14:11,2026-02-18 15:42:53,665.1033,Lara Junqueira Alvarenga,2026-02-18 15:42:53,To Do > Backlog > Cancelled > Done,0,0,,,,0,,,
W1NNR-201,W1NNR,Problema,4,4,0,0,0,0,0,0,3,Nao,0.25,Sim,2024-09-02 13:29:44,2026-02-18 15:42:58,534.0925,Lara Junqueira Alvarenga,2026-02-18 15:42:58,In Validation > in analytics > Cancelled > Done,0,0,,,,0,,,
W1NNR-2016,W1NNR,Tarefa,12,12,0,0,0,0,0,0,9,Nao,0.25,Sim,2026-02-10 19:17:50,2026-03-17 13:34:46,34.7618,Lara Junqueira Alvarenga,2026-03-17 13:34:46,Approval > Backlog > READY FOR DEVELOPMENT > In Progess > Ready for code review > CODE REVIEW > READY FOR TESTING/QA > Testing / QA > Ready To Staging > Staging > Ready for Production > Done,0,1,0.0,0.0,0.0,0,,,
W1NNR-2042,W1NNR,Tarefa,12,12,0,0,0,0,0,0,9,Nao,0.25,Sim,2026-02-09 20:50:09,2026-03-12 20:50:37,31.0003,Peterson Bem,2026-03-12 20:50:37,Approval > Backlog > READY FOR DEVELOPMENT > In Progess > Ready for code review > CODE REVIEW > READY FOR TESTING/QA > Testing / QA > Ready To Staging > Staging > Ready for Production > Done,0,1,0.0001,0.0001,0.0001,0,,,
W1NNR-2044,W1NNR,Tarefa,12,12,0,0,0,0,0,0,9,Nao,0.25,Sim,2026-02-06 19:37:11,2026-03-12 20:50:33,34.0509,Peterson Bem,2026-03-12 20:50:33,Approval > Backlog > READY FOR DEVELOPMENT > In Progess > Ready for code review > CODE REVIEW > READY FOR TESTING/QA > Testing / QA > Ready To Staging > Staging > Ready for Production > Done,0,1,0.0001,0.0001,0.0001,0,,,
W1NNR-2124,W1NNR,Tarefa,12,12,0,0,0,0,0,0,9,Nao,0.25,Sim,2026-02-11 12:51:41,2026-03-17 13:34:45,34.0299,Lara Junqueira Alvarenga,2026-03-17 13:34:45,Approval > Backlog > READY FOR DEVELOPMENT > In Progess > Ready for code review > CODE REVIEW > READY FOR TESTING/QA > Testing / QA > Ready To Staging > Staging > Ready for Production > Done,0,1,4.9547,4.9547,4.9547,0,,,
W1NNR-2147,W1NNR,Tarefa,12,12,0,0,0,0,0,0,9,Nao,0.25,Sim,2026-02-18 17:38:14,2026-02-20 20:59:48,2.14,Lara Junqueira Alvarenga,2026-02-20 20:59:48,Approval > Backlog > READY FOR DEVELOPMENT > In Progess > Ready for code review > CODE REVIEW > READY FOR TESTING/QA > Testing / QA > Ready To Staging > Staging > Ready for Production > Done,0,1,0.0001,0.0001,0.0001,0,,,
W1NNR-22,W1NNR,História,4,4,0,0,0,0,0,0,3,Nao,0.25,Sim,2024-07-24 20:13:35,2026-03-06 15:58:18,589.8227,Lorraine Caribe,2026-03-06 15:58:18,Backlog > Triagem > Cancelled > Done,0,0,,,,0,,,
W1NNR-2249,W1NNR,Problema,4,4,0,0,0,0,0,0,3,Nao,0.25,Sim,2026-03-18 20:44:19,2026-04-02 13:45:36,14.7092,Marielle Freire,2026-04-02 13:45:36,Backlog > READY FOR DEVELOPMENT > In Progess > Done,0,1,0.904,0.904,0.904,0,,,
W1NNR-2277,W1NNR,Problema,4,4,0,0,0,0,0,0,3,Nao,0.25,Sim,2026-03-24 19:42:46,2026-03-26 17:30:52,1.9084,João Pedro Gomes da Silva,2026-03-26 17:30:52,Backlog > READY FOR DEVELOPMENT > In Progess > Done,0,1,0.0015,0.0015,0.0015,0,,,
W1NNR-2280,W1NNR,Problema,4,4,0,0,0,0,0,0,3,Nao,0.25,Sim,2026-03-26 14:00:59,2026-03-30 19:24:28,4.2246,João Pedro Gomes da Silva,2026-03-30 19:24:28,Backlog > READY FOR DEVELOPMENT > In Progess > Done,0,1,0.0055,0.0055,0.0055,0,,,
W1NNR-2315,W1NNR,Problema,4,4,0,0,0,0,0,0,3,Nao,0.25,Sim,2026-04-01 12:50:18,2026-04-02 13:08:21,1.0125,Marielle Freire,2026-04-02 13:08:21,Backlog > READY FOR DEVELOPMENT > In Progess > Done,0,1,0.0001,0.0001,0.0001,0,,,
W1NNR-262,W1NNR,Problema,4,4,0,0,0,0,0,0,3,Nao,0.25,Sim,2024-10-18 19:00:10,2024-10-31 13:09:44,12.7566,Lara Junqueira Alvarenga,2024-10-31 13:09:44,in analytics > In Development > In Validation > Done,0,1,3.1598,3.1598,3.1598,0,,,
W1NNR-310,W1NNR,Problema,4,4,0,0,0,0,0,0,3,Nao,0.25,Sim,2024-10-18 20:07:02,2024-11-06 12:46:07,18.6938,Lara Junqueira Alvarenga,2024-11-06 12:46:07,in analytics > In Development > In Validation > Done,0,1,3.0223,3.0223,3.0223,0,,,
W1NNR-353,W1NNR,Problema,4,4,0,0,0,0,0,0,3,Nao,0.25,Sim,2024-10-31 19:38:37,2024-10-31 20:04:38,0.0181,Lara Junqueira Alvarenga,2024-10-31 20:04:38,in analytics > In Development > In Validation > Done,0,1,0.0001,0.0001,0.0001,0,,,
W1NNR-358,W1NNR,Problema,4,4,0,0,0,0,0,0,3,Nao,0.25,Sim,2024-11-01 16:01:05,2024-11-01 16:05:22,0.003,Danilo Monreal,2024-11-01 16:05:22,in analytics > In Development > In Validation > Done,0,1,0.0001,0.0001,0.0001,0,,,
W1NNR-376,W1NNR,Problema,4,4,0,0,0,0,0,0,3,Nao,0.25,Sim,2024-11-19 14:14:24,2025-01-21 20:20:43,63.2544,Danilo Monreal,2025-01-21 20:20:43,in analytics > In Development > In Validation > Done,0,1,21.7537,21.7537,21.7537,0,,,
W1NNR-400,W1NNR,Problema,4,4,0,0,0,0,0,0,3,Nao,0.25,Sim,2024-12-19 18:28:02,2025-01-02 13:09:03,13.7785,Lara Junqueira Alvarenga,2025-01-02 13:09:03,in analytics > In Development > In Validation > Done,0,1,0.0,0.0,0.0,0,,,
W1NNR-422,W1NNR,Tarefa,4,4,0,0,0,0,0,0,3,Nao,0.25,Sim,2026-02-19 13:58:11,2026-03-06 15:58:16,15.0834,Lorraine Caribe,2026-03-06 15:58:16,Triagem > Backlog > Cancelled > Done,0,0,,,,0,,,
W1NNR-466,W1NNR,Problema,4,4,0,0,0,0,0,0,3,Nao,0.25,Sim,2025-01-03 22:46:11,2025-01-03 22:54:56,0.0061,Danilo Monreal,2025-01-03 22:54:56,in analytics > In Development > In Validation > Done,0,1,0.0,0.0,0.0,0,,,
W1NNR-481,W1NNR,Tarefa,4,4,0,0,0,0,0,0,3,Nao,0.25,Sim,2025-01-13 17:33:31,2026-02-18 15:42:53,400.9232,Lara Junqueira Alvarenga,2026-02-18 15:42:53,Prioritized > Backlog > Cancelled > Done,0,0,,,,0,,,
W1NNR-484,W1NNR,Problema,4,4,0,0,0,0,0,0,3,Nao,0.25,Sim,2025-01-13 20:02:27,2025-01-14 17:48:59,0.9073,Barbara Rossi,2025-01-14 17:48:59,in analytics > In Development > In Validation > Done,0,1,0.002,0.002,0.002,0,,,
W1NNR-485,W1NNR,Problema,4,4,0,0,0,0,0,0,3,Nao,0.25,Sim,2025-01-13 21:57:59,2025-01-14 17:48:21,0.8266,Barbara Rossi,2025-01-14 17:48:21,in analytics > In Development > In Validation > Done,0,1,0.0001,0.0001,0.0001,0,,,
W1NNR-5,W1NNR,Problema,4,4,0,0,0,0,0,0,3,Nao,0.25,Sim,2024-04-23 14:25:26,2026-02-18 15:42:58,666.0538,Lara Junqueira Alvarenga,2026-02-18 15:42:58,To Do > Ready to Analytics > Cancelled > Done,0,0,,,,0,,,
W1NNR-56,W1NNR,Tarefa,4,4,0,0,0,0,0,0,3,Nao,0.25,Sim,2024-07-24 20:13:35,2026-03-06 15:58:16,589.8227,Lorraine Caribe,2026-03-06 15:58:16,Backlog > Triagem > Cancelled > Done,0,0,,,,0,,,
W1NNR-680,W1NNR,Tarefa,4,4,0,0,0,0,0,0,3,Nao,0.25,Sim,2025-03-19 13:53:03,2026-02-18 15:42:53,336.0763,Lara Junqueira Alvarenga,2026-02-18 15:42:53,in analytics > Backlog > Cancelled > Done,0,0,,,,0,,,
W1NNR-2157,W1NNR,Problema,11,11,0,0,0,0,0,0,8,Nao,0.2727,Sim,2026-02-22 22:41:09,2026-02-23 20:01:09,0.8889,Lara Junqueira Alvarenga,2026-02-23 20:01:09,Backlog > READY FOR DEVELOPMENT > In Progess > Ready for code review > CODE REVIEW > READY FOR TESTING/QA > Testing / QA > Ready To Staging > Staging > Ready for Production > Done,0,1,0.0,0.0,0.0,0,,,
W1NNR-2161,W1NNR,Problema,11,11,0,0,0,0,0,0,8,Nao,0.2727,Sim,2026-02-23 20:51:42,2026-03-03 18:41:20,7.9095,Lara Junqueira Alvarenga,2026-03-03 18:41:20,Backlog > READY FOR DEVELOPMENT > In Progess > Ready for code review > CODE REVIEW > READY FOR TESTING/QA > Testing / QA > Ready To Staging > Staging > Ready for Production > Done,0,1,0.0001,0.0001,0.0001,0,,,
W1NNR-2172,W1NNR,Tarefa,11,11,0,0,0,0,0,0,8,Nao,0.2727,Sim,2026-02-25 18:51:22,2026-03-12 20:50:25,15.0827,Peterson Bem,2026-03-12 20:50:25,Backlog > READY FOR DEVELOPMENT > In Progess > Ready for code review > CODE REVIEW > READY FOR TESTING/QA > Testing / QA > Ready To Staging > Staging > Ready for Production > Done,0,1,0.0,0.0,0.0,0,,,
W1NNR-2173,W1NNR,Tarefa,11,11,0,0,0,0,0,0,8,Nao,0.2727,Sim,2026-02-25 19:19:51,2026-03-12 20:50:24,15.0629,Peterson Bem,2026-03-12 20:50:24,Backlog > READY FOR DEVELOPMENT > In Progess > Ready for code review > CODE REVIEW > READY FOR TESTING/QA > Testing / QA > Ready To Staging > Staging > Ready for Production > Done,0,1,0.0,0.0,0.0,0,,,
W1NNR-2181,W1NNR,Tarefa,11,11,0,0,0,0,0,0,8,Nao,0.2727,Sim,2026-03-02 12:53:19,2026-04-07 15:01:35,36.0891,Peterson Bem,2026-04-07 15:01:35,Backlog > READY FOR DEVELOPMENT > In Progess > Ready for code review > CODE REVIEW > READY FOR TESTING/QA > Testing / QA > Ready To Staging > Staging > Ready for Production > Done,0,1,0.1289,0.1289,0.1289,0,,,
W1NNR-2182,W1NNR,Tarefa,11,11,0,0,0,0,0,0,8,Nao,0.2727,Sim,2026-03-02 12:56:45,2026-04-07 15:01:35,36.0867,Peterson Bem,2026-04-07 15:01:35,Backlog > READY FOR DEVELOPMENT > In Progess > Ready for code review > CODE REVIEW > READY FOR TESTING/QA > Testing / QA > Ready To Staging > Staging > Ready for Production > Done,0,1,0.2829,0.2829,0.2829,0,,,
W1NNR-2186,W1NNR,Tarefa,11,11,0,0,0,0,0,0,8,Nao,0.2727,Sim,2026-03-02 21:14:35,2026-03-09 17:56:10,6.8622,Lara Junqueira Alvarenga,2026-03-09 17:56:10,Backlog > READY FOR DEVELOPMENT > In Progess > Ready for code review > CODE REVIEW > READY FOR TESTING/QA > Testing / QA > Ready To Staging > Staging > Ready for Production > Done,0,1,0.0,0.0,0.0,0,,,
W1NNR-2200,W1NNR,Tarefa,11,11,0,0,0,0,0,0,8,Nao,0.2727,Sim,2026-03-05 13:51:34,2026-04-07 15:01:34,33.0486,Peterson Bem,2026-04-07 15:01:34,Backlog > READY FOR DEVELOPMENT > In Progess > Ready for code review > CODE REVIEW > READY FOR TESTING/QA > Testing / QA > Ready To Staging > Staging > Ready for Production > Done,0,1,0.004,0.004,0.004,0,,,
W1NNR-2208,W1NNR,História,11,11,0,0,0,0,0,0,8,Nao,0.2727,Sim,2026-03-06 21:26:08,2026-03-19 21:01:46,12.9831,Lara Junqueira Alvarenga,2026-03-19 21:01:46,Backlog > READY FOR DEVELOPMENT > In Progess > Ready for code review > CODE REVIEW > READY FOR TESTING/QA > Testing / QA > Ready To Staging > Staging > Ready for Production > Done,0,1,0.0188,0.0188,0.0188,0,,,
W1NNR-2212,W1NNR,Tarefa,11,11,0,0,0,0,0,0,8,Nao,0.2727,Sim,2026-03-10 16:57:59,2026-03-17 13:34:44,6.8589,Lara Junqueira Alvarenga,2026-03-17 13:34:44,Backlog > READY FOR DEVELOPMENT > In Progess > Ready for code review > CODE REVIEW > READY FOR TESTING/QA > Testing / QA > Ready To Staging > Staging > Ready for Production > Done,0,1,0.0,0.0,0.0,0,,,
W1NNR-2213,W1NNR,Tarefa,11,11,0,0,0,0,0,0,8,Nao,0.2727,Sim,2026-03-10 14:34:11,2026-04-07 15:01:33,28.019,Peterson Bem,2026-04-07 15:01:33,Backlog > READY FOR DEVELOPMENT > In Progess > Ready for code review > CODE REVIEW > READY FOR TESTING/QA > Testing / QA > Ready To Staging > Staging > Ready for Production > Done,0,1,0.0,0.0,0.0,0,,,
W1NNR-2214,W1NNR,Tarefa,11,11,0,0,0,0,0,0,8,Nao,0.2727,Sim,2026-03-10 18:07:50,2026-03-17 13:34:44,6.8103,Lara Junqueira Alvarenga,2026-03-17 13:34:44,Backlog > READY FOR DEVELOPMENT > In Progess > Ready for code review > CODE REVIEW > READY FOR TESTING/QA > Testing / QA > Ready To Staging > Staging > Ready for Production > Done,0,1,0.0,0.0,0.0,0,,,
W1NNR-2222,W1NNR,Tarefa,11,11,0,0,0,0,0,0,8,Nao,0.2727,Sim,2026-03-11 14:07:11,2026-03-17 13:34:43,5.9775,Lara Junqueira Alvarenga,2026-03-17 13:34:43,Backlog > READY FOR DEVELOPMENT > In Progess > Ready for code review > CODE REVIEW > READY FOR TESTING/QA > Testing / QA > Ready To Staging > Staging > Ready for Production > Done,0,1,0.0,0.0,0.0,0,,,
W1NNR-2234,W1NNR,Problema,11,11,0,0,0,0,0,0,8,Nao,0.2727,Sim,2026-03-16 21:53:50,2026-03-18 15:09:38,1.7193,Lara Junqueira Alvarenga,2026-03-18 15:09:38,Backlog > READY FOR DEVELOPMENT > In Progess > Ready for code review > CODE REVIEW > READY FOR TESTING/QA > Testing / QA > Ready To Staging > Staging > Ready for Production > Done,0,1,0.8454,0.8454,0.8454,0,,,
W1NNR-2247,W1NNR,Problema,11,11,0,0,0,0,0,0,8,Nao,0.2727,Sim,2026-03-18 19:46:35,2026-03-19 21:01:32,1.0521,Lara Junqueira Alvarenga,2026-03-19 21:01:32,Backlog > READY FOR DEVELOPMENT > In Progess > Ready for code review > CODE REVIEW > READY FOR TESTING/QA > Testing / QA > Ready To Staging > Staging > Ready for Production > Done,0,1,0.0236,0.0236,0.0236,0,,,
W1NNR-2248,W1NNR,Problema,11,11,0,0,0,0,0,0,8,Nao,0.2727,Sim,2026-03-18 15:59:03,2026-03-19 21:01:31,1.21,Lara Junqueira Alvarenga,2026-03-19 21:01:31,Backlog > READY FOR DEVELOPMENT > In Progess > Ready for code review > CODE REVIEW > READY FOR TESTING/QA > Testing / QA > Ready To Staging > Staging > Ready for Production > Done,0,1,0.0567,0.0567,0.0567,0,,,
W1NNR-2253,W1NNR,Tarefa,11,11,0,0,0,0,0,0,8,Nao,0.2727,Sim,2026-03-18 13:55:21,2026-03-19 19:29:21,1.2319,Marielle Freire,2026-03-19 19:29:21,Backlog > READY FOR DEVELOPMENT > In Progess > Ready for code review > CODE REVIEW > READY FOR TESTING/QA > Testing / QA > Ready To Staging > Staging > Ready for Production > Done,0,1,0.0,0.0,0.0,0,,,
W1NNR-2257,W1NNR,Problema,11,11,0,0,0,0,0,0,8,Nao,0.2727,Sim,2026-03-19 21:14:06,2026-03-27 18:22:45,7.881,João Pedro Gomes da Silva,2026-03-27 18:22:45,Backlog > READY FOR DEVELOPMENT > In Progess > Ready for code review > CODE REVIEW > READY FOR TESTING/QA > Testing / QA > Ready To Staging > Staging > Ready for Production > Done,0,1,0.0,0.0,0.0,0,,,
W1NNR-2259,W1NNR,Problema,11,11,0,0,0,0,0,0,8,Nao,0.2727,Sim,2026-03-18 20:43:29,2026-03-19 21:01:29,1.0125,Lara Junqueira Alvarenga,2026-03-19 21:01:29,Backlog > READY FOR DEVELOPMENT > In Progess > Ready for code review > CODE REVIEW > READY FOR TESTING/QA > Testing / QA > Ready To Staging > Staging > Ready for Production > Done,0,1,0.6812,0.6812,0.6812,0,,,
W1NNR-2260,W1NNR,História,11,11,0,0,0,0,0,0,8,Nao,0.2727,Sim,2026-03-18 20:15:10,2026-04-06 14:06:09,18.7437,Peterson Bem,2026-04-06 14:06:09,Backlog > READY FOR DEVELOPMENT > In Progess > Ready for code review > CODE REVIEW > READY FOR TESTING/QA > Testing / QA > Ready To Staging > Staging > Ready for Production > Done,0,1,0.0,0.0,0.0,0,,,
W1NNR-2262,W1NNR,Problema,11,11,0,0,0,0,0,0,8,Nao,0.2727,Sim,2026-03-19 21:06:37,2026-04-06 14:06:07,17.708,Peterson Bem,2026-04-06 14:06:07,Backlog > READY FOR DEVELOPMENT > In Progess > Ready for code review > CODE REVIEW > READY FOR TESTING/QA > Testing / QA > Ready To Staging > Staging > Ready for Production > Done,0,1,0.8825,0.8825,0.8825,0,,,
W1NNR-2265,W1NNR,Tarefa,11,11,0,0,0,0,0,0,8,Nao,0.2727,Sim,2026-03-23 17:19:27,2026-04-07 15:01:33,14.9042,Peterson Bem,2026-04-07 15:01:33,Backlog > READY FOR DEVELOPMENT > In Progess > Ready for code review > CODE REVIEW > READY FOR TESTING/QA > Testing / QA > Ready To Staging > Staging > Ready for Production > Done,0,1,2.154,2.154,2.154,0,,,
W1NNR-2266,W1NNR,Tarefa,11,11,0,0,0,0,0,0,8,Nao,0.2727,Sim,2026-03-23 17:19:32,2026-04-07 15:01:32,14.9042,Peterson Bem,2026-04-07 15:01:32,Backlog > READY FOR DEVELOPMENT > In Progess > Ready for code review > CODE REVIEW > READY FOR TESTING/QA > Testing / QA > Ready To Staging > Staging > Ready for Production > Done,0,1,1.765,1.765,1.765,0,,,
W1NNR-2272,W1NNR,Problema,11,11,0,0,0,0,0,0,8,Nao,0.2727,Sim,2026-03-26 13:35:08,2026-04-22 12:33:16,26.957,Marielle Freire,2026-04-22 12:33:16,Backlog > READY FOR DEVELOPMENT > In Progess > Ready for code review > CODE REVIEW > READY FOR TESTING/QA > Testing / QA > Ready To Staging > Staging > Ready for Production > Done,0,1,0.0028,0.0028,0.0028,0,,,
W1NNR-2281,W1NNR,Problema,11,11,0,0,0,0,0,0,8,Nao,0.2727,Sim,2026-03-24 15:03:54,2026-04-09 15:23:21,16.0135,Peterson Bem,2026-04-09 15:23:21,Backlog > READY FOR DEVELOPMENT > In Progess > Ready for code review > CODE REVIEW > READY FOR TESTING/QA > Testing / QA > Ready To Staging > Staging > Ready for Production > Done,0,1,0.0289,0.0289,0.0289,0,,,
W1NNR-2291,W1NNR,Problema,11,11,0,0,0,0,0,0,8,Nao,0.2727,Sim,2026-03-24 21:11:15,2026-03-30 14:56:48,5.74,Marielle Freire,2026-03-30 14:56:48,Backlog > READY FOR DEVELOPMENT > In Progess > Ready for code review > CODE REVIEW > READY FOR TESTING/QA > Testing / QA > Ready To Staging > Staging > Ready for Production > Done,0,1,0.0,0.0,0.0,0,,,
W1NNR-2302,W1NNR,Tarefa,11,11,0,0,0,0,0,0,8,Nao,0.2727,Sim,2026-03-26 18:31:59,2026-04-06 14:05:07,10.8147,Peterson Bem,2026-04-06 14:05:07,Backlog > READY FOR DEVELOPMENT > In Progess > Ready for code review > CODE REVIEW > READY FOR TESTING/QA > Testing / QA > Ready To Staging > Staging > Ready for Production > Done,0,1,0.0,0.0,0.0,0,,,
W1NNR-2314,W1NNR,Problema,11,11,0,0,0,0,0,0,8,Nao,0.2727,Sim,2026-04-02 17:51:27,2026-04-09 15:23:17,6.8971,Peterson Bem,2026-04-09 15:23:17,Backlog > READY FOR DEVELOPMENT > In Progess > Ready for code review > CODE REVIEW > READY FOR TESTING/QA > Testing / QA > Ready To Staging > Staging > Ready for Production > Done,0,1,0.0003,0.0003,0.0003,0,,,
W1NNR-2320,W1NNR,História,11,11,0,0,0,0,0,0,8,Nao,0.2727,Sim,2026-04-01 13:02:43,2026-04-06 14:05:06,5.0433,Peterson Bem,2026-04-06 14:05:06,Backlog > READY FOR DEVELOPMENT > In Progess > Ready for code review > CODE REVIEW > READY FOR TESTING/QA > Testing / QA > Ready To Staging > Staging > Ready for Production > Done,0,1,0.0,0.0,0.0,0,,,
W1NNR-2324,W1NNR,Tarefa,11,11,0,0,0,0,0,0,8,Nao,0.2727,Sim,2026-04-01 19:06:04,2026-04-06 14:05:03,4.791,Peterson Bem,2026-04-06 14:05:03,Backlog > READY FOR DEVELOPMENT > In Progess > Ready for code review > CODE REVIEW > READY FOR TESTING/QA > Testing / QA > Ready To Staging > Staging > Ready for Production > Done,0,1,0.0,0.0,0.0,0,,,
W1NNR-2339,W1NNR,Problema,11,11,0,0,0,0,0,0,8,Nao,0.2727,Sim,2026-04-06 14:59:24,2026-04-09 15:23:15,3.0166,Peterson Bem,2026-04-09 15:23:15,Backlog > READY FOR DEVELOPMENT > In Progess > Ready for code review > CODE REVIEW > READY FOR TESTING/QA > Testing / QA > Ready To Staging > Staging > Ready for Production > Done,0,1,0.0831,0.0831,0.0831,0,,,
W1NNR-2369,W1NNR,Problema,11,11,0,0,0,0,0,0,8,Nao,0.2727,Sim,2026-04-15 13:56:02,2026-04-22 12:32:44,6.9422,Marielle Freire,2026-04-22 12:32:44,Backlog > READY FOR DEVELOPMENT > In Progess > Ready for code review > CODE REVIEW > READY FOR TESTING/QA > Testing / QA > Ready To Staging > Staging > Ready for Production > Done,0,1,0.2484,0.2484,0.2484,0,,,
W1NNR-658,W1NNR,Problema,7,7,0,0,0,0,0,0,5,Nao,0.2857,Sim,2025-03-06 19:55:49,2025-03-11 16:14:03,4.846,Thaís Cabral,2025-03-11 16:14:03,Ready to Analytics > in analytics > In Development > In Validation > QA Approved > Ready for Production > Done,0,1,0.0124,0.0124,0.0124,0,,,
W1NNR-7,W1NNR,Problema,7,7,0,0,0,0,0,0,5,Nao,0.2857,Sim,2024-04-03 20:22:23,2026-02-18 15:42:58,685.806,Lara Junqueira Alvarenga,2026-02-18 15:42:58,In Progress > Ready for Staging > Staging > in analytics > In Development > Cancelled > Done,0,2,2.2278,1.1139,1.1139,0,,,
W1NNR-1697,W1NNR,Problema,5,5,0,0,0,1,0,0,3,Nao,0.3,Sim,2025-10-23 14:08:39,2025-10-27 17:28:52,4.139,Lara Junqueira Alvarenga,2025-10-27 17:28:52,in analytics > In Development > In Validation > QA Approved Staging > Done,0,1,0.0235,0.0235,0.0235,0,,,
W1NNR-1698,W1NNR,Problema,5,5,0,0,0,1,0,0,3,Nao,0.3,Sim,2025-10-23 14:59:18,2025-10-27 17:28:43,4.1038,Lara Junqueira Alvarenga,2025-10-27 17:28:43,in analytics > In Development > In Validation > QA Approved Staging > Done,0,1,0.0001,0.0001,0.0001,0,,,
W1NNR-1937,W1NNR,Tarefa,10,10,0,0,0,0,0,0,7,Nao,0.3,Sim,2026-02-19 14:02:22,2026-03-17 13:34:47,25.9808,Lara Junqueira Alvarenga,2026-03-17 13:34:47,READY FOR DEVELOPMENT > In Progess > Ready for code review > CODE REVIEW > READY FOR TESTING/QA > Testing / QA > Ready To Staging > Staging > Ready for Production > Done,0,1,18.1174,18.1174,18.1174,0,,,
W1NNR-2007,W1NNR,Tarefa,10,10,0,0,0,0,0,0,7,Nao,0.3,Sim,2026-02-19 14:02:20,2026-03-17 13:34:47,25.9809,Lara Junqueira Alvarenga,2026-03-17 13:34:47,READY FOR DEVELOPMENT > In Progess > Ready for code review > CODE REVIEW > READY FOR TESTING/QA > Testing / QA > Ready To Staging > Staging > Ready for Production > Done,0,1,12.2909,12.2909,12.2909,0,,,
W1NNR-2009,W1NNR,Tarefa,10,10,0,0,0,0,0,0,7,Nao,0.3,Sim,2026-02-19 14:02:18,2026-03-17 13:34:46,25.9809,Lara Junqueira Alvarenga,2026-03-17 13:34:46,READY FOR DEVELOPMENT > In Progess > Ready for code review > CODE REVIEW > READY FOR TESTING/QA > Testing / QA > Ready To Staging > Staging > Ready for Production > Done,0,1,8.5354,8.5354,8.5354,0,,,
W1NNR-2010,W1NNR,Tarefa,10,10,0,0,0,0,0,0,7,Nao,0.3,Sim,2026-02-19 14:02:21,2026-03-17 13:34:46,25.9808,Lara Junqueira Alvarenga,2026-03-17 13:34:46,READY FOR DEVELOPMENT > In Progess > Ready for code review > CODE REVIEW > READY FOR TESTING/QA > Testing / QA > Ready To Staging > Staging > Ready for Production > Done,0,1,5.1794,5.1794,5.1794,0,,,
W1NNR-2012,W1NNR,Tarefa,10,10,0,0,0,0,0,0,7,Nao,0.3,Sim,2026-02-19 14:02:21,2026-03-17 13:34:46,25.9808,Lara Junqueira Alvarenga,2026-03-17 13:34:46,READY FOR DEVELOPMENT > In Progess > Ready for code review > CODE REVIEW > READY FOR TESTING/QA > Testing / QA > Ready To Staging > Staging > Ready for Production > Done,0,1,4.0391,4.0391,4.0391,0,,,
W1NNR-2027,W1NNR,Tarefa,10,10,0,0,0,0,0,0,7,Nao,0.3,Sim,2026-02-19 14:02:23,2026-03-09 14:10:05,18.0053,Lara Junqueira Alvarenga,2026-03-09 14:10:05,READY FOR DEVELOPMENT > In Progess > Ready for code review > CODE REVIEW > READY FOR TESTING/QA > Testing / QA > Ready To Staging > Staging > Ready for Production > Done,0,1,5.2607,5.2607,5.2607,0,,,
W1NNR-2028,W1NNR,Tarefa,10,10,0,0,0,0,0,0,7,Nao,0.3,Sim,2026-02-19 14:02:24,2026-03-09 14:10:02,18.0053,Lara Junqueira Alvarenga,2026-03-09 14:10:02,READY FOR DEVELOPMENT > In Progess > Ready for code review > CODE REVIEW > READY FOR TESTING/QA > Testing / QA > Ready To Staging > Staging > Ready for Production > Done,0,1,6.0027,6.0027,6.0027,0,,,
W1NNR-2111,W1NNR,Tarefa,10,10,0,0,0,0,0,0,7,Nao,0.3,Sim,2026-02-19 14:00:06,2026-02-19 18:33:06,0.1896,Lara Junqueira Alvarenga,2026-02-19 18:33:06,READY FOR DEVELOPMENT > In Progess > Ready for code review > CODE REVIEW > READY FOR TESTING/QA > Testing / QA > Ready To Staging > Staging > Ready for Production > Done,0,1,0.1894,0.1894,0.1894,0,,,
W1NNR-2112,W1NNR,Tarefa,10,10,0,0,0,0,0,0,7,Nao,0.3,Sim,2026-02-19 14:00:05,2026-02-20 20:59:48,1.2915,Lara Junqueira Alvarenga,2026-02-20 20:59:48,READY FOR DEVELOPMENT > In Progess > Ready for code review > CODE REVIEW > READY FOR TESTING/QA > Testing / QA > Ready To Staging > Staging > Ready for Production > Done,0,1,0.1507,0.1507,0.1507,0,,,
W1NNR-2270,W1NNR,Problema,10,10,0,0,0,0,0,0,7,Nao,0.3,Sim,2026-03-19 20:39:40,2026-04-06 14:05:11,17.726,Peterson Bem,2026-04-06 14:05:11,READY FOR DEVELOPMENT > In Progess > Ready for code review > CODE REVIEW > READY FOR TESTING/QA > Testing / QA > Ready To Staging > Staging > Ready for Production > Done,0,1,0.0003,0.0003,0.0003,0,,,
W1NNR-109,W1NNR,Tarefa,3,3,0,0,0,0,0,0,2,Nao,0.3333,Sim,2026-02-19 13:58:00,2026-03-06 15:58:16,15.0835,Lorraine Caribe,2026-03-06 15:58:16,Triagem > Cancelled > Done,0,0,,,,0,,,
W1NNR-110,W1NNR,Tarefa,3,3,0,0,0,0,0,0,2,Nao,0.3333,Sim,2026-02-19 13:58:00,2026-03-06 15:58:16,15.0835,Lorraine Caribe,2026-03-06 15:58:16,Triagem > Cancelled > Done,0,0,,,,0,,,
W1NNR-2040,W1NNR,Tarefa,12,12,0,0,0,0,0,0,8,Nao,0.3333,Sim,2026-01-29 12:44:00,2026-03-12 20:50:38,42.3379,Peterson Bem,2026-03-12 20:50:38,In Progress > Backlog > READY FOR DEVELOPMENT > In Progess > Ready for code review > CODE REVIEW > READY FOR TESTING/QA > Testing / QA > Ready To Staging > Staging > Ready for Production > Done,0,2,20.1244,10.0622,10.0622,0,,,
W1NNR-217,W1NNR,Problema,3,3,0,0,0,0,0,0,2,Nao,0.3333,Sim,2024-09-04 22:46:21,2024-09-06 10:32:48,1.4906,Lara Junqueira Alvarenga,2024-09-06 10:32:48,In Development > In Validation > Done,0,1,0.6559,0.6559,0.6559,0,,,
W1NNR-220,W1NNR,Problema,3,3,0,0,0,0,0,0,2,Nao,0.3333,Sim,2024-09-20 13:21:09,2024-09-24 15:24:17,4.0855,Lorraine Caribe,2024-09-24 15:24:17,in analytics > In Validation > Done,0,0,,,,0,,,
W1NNR-24,W1NNR,História,3,3,0,0,0,0,0,0,2,Nao,0.3333,Sim,2024-07-24 20:13:35,2026-02-18 15:42:52,573.812,Lara Junqueira Alvarenga,2026-02-18 15:42:52,Backlog > Cancelled > Done,0,0,,,,0,,,
W1NNR-258,W1NNR,Problema,3,3,0,0,0,0,0,0,2,Nao,0.3333,Sim,2024-09-16 14:39:24,2024-09-20 15:31:49,4.0364,Lorraine Caribe,2024-09-20 15:31:49,in analytics > In Validation > Done,0,0,,,,0,,,
W1NNR-406,W1NNR,Tarefa,3,3,0,0,0,0,0,0,2,Nao,0.3333,Sim,2026-02-19 13:58:01,2026-03-06 15:58:16,15.0835,Lorraine Caribe,2026-03-06 15:58:16,Triagem > Cancelled > Done,0,0,,,,0,,,
W1NNR-407,W1NNR,Tarefa,3,3,0,0,0,0,0,0,2,Nao,0.3333,Sim,2026-02-19 13:58:02,2026-03-06 15:58:16,15.0835,Lorraine Caribe,2026-03-06 15:58:16,Triagem > Cancelled > Done,0,0,,,,0,,,
W1NNR-408,W1NNR,Tarefa,3,3,0,0,0,0,0,0,2,Nao,0.3333,Sim,2026-02-19 13:58:02,2026-03-06 15:58:16,15.0835,Lorraine Caribe,2026-03-06 15:58:16,Triagem > Cancelled > Done,0,0,,,,0,,,
W1NNR-409,W1NNR,Tarefa,3,3,0,0,0,0,0,0,2,Nao,0.3333,Sim,2026-02-19 13:58:03,2026-03-06 15:58:16,15.0835,Lorraine Caribe,2026-03-06 15:58:16,Triagem > Cancelled > Done,0,0,,,,0,,,
W1NNR-410,W1NNR,Tarefa,3,3,0,0,0,0,0,0,2,Nao,0.3333,Sim,2026-02-19 13:58:04,2026-03-06 15:58:16,15.0835,Lorraine Caribe,2026-03-06 15:58:16,Triagem > Cancelled > Done,0,0,,,,0,,,
W1NNR-411,W1NNR,Tarefa,3,3,0,0,0,0,0,0,2,Nao,0.3333,Sim,2026-02-19 13:58:05,2026-03-06 15:58:16,15.0835,Lorraine Caribe,2026-03-06 15:58:16,Triagem > Cancelled > Done,0,0,,,,0,,,
W1NNR-412,W1NNR,Tarefa,3,3,0,0,0,0,0,0,2,Nao,0.3333,Sim,2026-02-19 13:58:05,2026-03-06 15:58:16,15.0835,Lorraine Caribe,2026-03-06 15:58:16,Triagem > Cancelled > Done,0,0,,,,0,,,
W1NNR-413,W1NNR,Tarefa,3,3,0,0,0,0,0,0,2,Nao,0.3333,Sim,2026-02-19 13:58:06,2026-03-06 15:58:16,15.0835,Lorraine Caribe,2026-03-06 15:58:16,Triagem > Cancelled > Done,0,0,,,,0,,,
W1NNR-414,W1NNR,Tarefa,3,3,0,0,0,0,0,0,2,Nao,0.3333,Sim,2026-02-19 13:58:06,2026-03-06 15:58:16,15.0834,Lorraine Caribe,2026-03-06 15:58:16,Triagem > Cancelled > Done,0,0,,,,0,,,
W1NNR-415,W1NNR,Tarefa,3,3,0,0,0,0,0,0,2,Nao,0.3333,Sim,2026-02-19 13:58:07,2026-03-06 15:58:16,15.0834,Lorraine Caribe,2026-03-06 15:58:16,Triagem > Cancelled > Done,0,0,,,,0,,,
W1NNR-416,W1NNR,Tarefa,3,3,0,0,0,0,0,0,2,Nao,0.3333,Sim,2026-02-19 13:58:08,2026-03-06 15:58:16,15.0834,Lorraine Caribe,2026-03-06 15:58:16,Triagem > Cancelled > Done,0,0,,,,0,,,
W1NNR-417,W1NNR,Tarefa,3,3,0,0,0,0,0,0,2,Nao,0.3333,Sim,2026-02-19 13:58:08,2026-03-06 15:58:16,15.0834,Lorraine Caribe,2026-03-06 15:58:16,Triagem > Cancelled > Done,0,0,,,,0,,,
W1NNR-418,W1NNR,Tarefa,3,3,0,0,0,0,0,0,2,Nao,0.3333,Sim,2026-02-19 13:58:09,2026-03-06 15:58:16,15.0834,Lorraine Caribe,2026-03-06 15:58:16,Triagem > Cancelled > Done,0,0,,,,0,,,
W1NNR-419,W1NNR,Tarefa,3,3,0,0,0,0,0,0,2,Nao,0.3333,Sim,2026-02-19 13:58:09,2026-03-06 15:58:16,15.0834,Lorraine Caribe,2026-03-06 15:58:16,Triagem > Cancelled > Done,0,0,,,,0,,,
W1NNR-420,W1NNR,Tarefa,3,3,0,0,0,0,0,0,2,Nao,0.3333,Sim,2026-02-19 13:58:10,2026-03-06 15:58:16,15.0834,Lorraine Caribe,2026-03-06 15:58:16,Triagem > Cancelled > Done,0,0,,,,0,,,
W1NNR-421,W1NNR,Tarefa,3,3,0,0,0,0,0,0,2,Nao,0.3333,Sim,2026-02-19 13:58:11,2026-03-06 15:58:16,15.0834,Lorraine Caribe,2026-03-06 15:58:16,Triagem > Cancelled > Done,0,0,,,,0,,,
W1NNR-423,W1NNR,Tarefa,3,3,0,0,0,0,0,0,2,Nao,0.3333,Sim,2026-02-19 13:58:12,2026-03-06 15:58:16,15.0834,Lorraine Caribe,2026-03-06 15:58:16,Triagem > Cancelled > Done,0,0,,,,0,,,
W1NNR-424,W1NNR,Tarefa,3,3,0,0,0,0,0,0,2,Nao,0.3333,Sim,2026-02-19 13:58:12,2026-03-06 15:58:16,15.0834,Lorraine Caribe,2026-03-06 15:58:16,Triagem > Cancelled > Done,0,0,,,,0,,,
W1NNR-425,W1NNR,Tarefa,3,3,0,0,0,0,0,0,2,Nao,0.3333,Sim,2026-02-19 13:58:13,2026-03-06 15:58:16,15.0834,Lorraine Caribe,2026-03-06 15:58:16,Triagem > Cancelled > Done,0,0,,,,0,,,
W1NNR-426,W1NNR,Tarefa,3,3,0,0,0,0,0,0,2,Nao,0.3333,Sim,2026-02-19 13:58:13,2026-03-06 15:58:16,15.0834,Lorraine Caribe,2026-03-06 15:58:16,Triagem > Cancelled > Done,0,0,,,,0,,,
W1NNR-427,W1NNR,Tarefa,3,3,0,0,0,0,0,0,2,Nao,0.3333,Sim,2026-02-19 13:58:14,2026-03-06 15:58:16,15.0834,Lorraine Caribe,2026-03-06 15:58:16,Triagem > Cancelled > Done,0,0,,,,0,,,
W1NNR-428,W1NNR,Tarefa,3,3,0,0,0,0,0,0,2,Nao,0.3333,Sim,2026-02-19 13:58:15,2026-03-06 15:58:16,15.0834,Lorraine Caribe,2026-03-06 15:58:16,Triagem > Cancelled > Done,0,0,,,,0,,,
W1NNR-429,W1NNR,Tarefa,3,3,0,0,0,0,0,0,2,Nao,0.3333,Sim,2026-02-19 13:58:15,2026-03-06 15:58:16,15.0833,Lorraine Caribe,2026-03-06 15:58:16,Triagem > Cancelled > Done,0,0,,,,0,,,
W1NNR-43,W1NNR,Tarefa,3,3,0,0,0,0,0,0,2,Nao,0.3333,Sim,2024-06-03 20:02:08,2024-06-04 13:26:39,0.7254,Barbara Rossi,2024-06-04 13:26:39,Staging > Production > Done,0,0,,,,0,,,
W1NNR-430,W1NNR,Tarefa,3,3,0,0,0,0,0,0,2,Nao,0.3333,Sim,2026-02-19 13:58:19,2026-03-06 15:58:16,15.0833,Lorraine Caribe,2026-03-06 15:58:16,Triagem > Cancelled > Done,0,0,,,,0,,,
W1NNR-431,W1NNR,Tarefa,3,3,0,0,0,0,0,0,2,Nao,0.3333,Sim,2026-02-19 13:58:20,2026-03-06 15:58:16,15.0833,Lorraine Caribe,2026-03-06 15:58:16,Triagem > Cancelled > Done,0,0,,,,0,,,
W1NNR-432,W1NNR,Tarefa,3,3,0,0,0,0,0,0,2,Nao,0.3333,Sim,2026-02-19 13:58:20,2026-03-06 15:58:16,15.0833,Lorraine Caribe,2026-03-06 15:58:16,Triagem > Cancelled > Done,0,0,,,,0,,,
W1NNR-437,W1NNR,Tarefa,3,3,0,0,0,0,0,0,2,Nao,0.3333,Sim,2026-02-19 13:58:21,2026-03-06 15:58:16,15.0833,Lorraine Caribe,2026-03-06 15:58:16,Triagem > Cancelled > Done,0,0,,,,0,,,
W1NNR-438,W1NNR,Tarefa,3,3,0,0,0,0,0,0,2,Nao,0.3333,Sim,2026-02-19 13:58:21,2026-03-06 15:58:16,15.0833,Lorraine Caribe,2026-03-06 15:58:16,Triagem > Cancelled > Done,0,0,,,,0,,,
W1NNR-439,W1NNR,Tarefa,3,3,0,0,0,0,0,0,2,Nao,0.3333,Sim,2026-02-19 13:58:22,2026-03-06 15:58:16,15.0833,Lorraine Caribe,2026-03-06 15:58:16,Triagem > Cancelled > Done,0,0,,,,0,,,
W1NNR-440,W1NNR,Tarefa,3,3,0,0,0,0,0,0,2,Nao,0.3333,Sim,2026-02-19 13:58:23,2026-03-06 15:58:16,15.0833,Lorraine Caribe,2026-03-06 15:58:16,Triagem > Cancelled > Done,0,0,,,,0,,,
W1NNR-441,W1NNR,Tarefa,3,3,0,0,0,0,0,0,2,Nao,0.3333,Sim,2026-02-19 13:58:23,2026-03-06 15:58:16,15.0833,Lorraine Caribe,2026-03-06 15:58:16,Triagem > Cancelled > Done,0,0,,,,0,,,
W1NNR-442,W1NNR,Tarefa,3,3,0,0,0,0,0,0,2,Nao,0.3333,Sim,2026-02-19 13:58:24,2026-03-06 15:58:16,15.0832,Lorraine Caribe,2026-03-06 15:58:16,Triagem > Cancelled > Done,0,0,,,,0,,,
W1NNR-524,W1NNR,Problema,6,6,0,0,0,0,0,0,4,Nao,0.3333,Sim,2025-01-30 14:18:15,2025-02-19 19:58:39,20.2364,Thaís Cabral,2025-02-19 19:58:39,in analytics > In Development > Staging > QA Approved > Ready for Production > Done,0,1,10.9286,10.9286,10.9286,0,,,
W1NNR-57,W1NNR,Tarefa,3,3,0,0,0,0,0,0,2,Nao,0.3333,Sim,2024-07-24 20:13:35,2026-02-18 15:42:53,573.812,Lara Junqueira Alvarenga,2026-02-18 15:42:53,Backlog > Cancelled > Done,0,0,,,,0,,,
W1NNR-61,W1NNR,Tarefa,3,3,0,0,0,0,0,0,2,Nao,0.3333,Sim,2024-07-24 20:13:35,2026-02-18 15:42:53,573.812,Lara Junqueira Alvarenga,2026-02-18 15:42:53,Backlog > Cancelled > Done,0,0,,,,0,,,
W1NNR-641,W1NNR,Problema,6,6,0,0,0,0,0,0,4,Nao,0.3333,Sim,2025-02-28 19:26:04,2025-03-11 16:15:24,10.8676,Thaís Cabral,2025-03-11 16:15:24,in analytics > In Development > In Validation > QA Approved > Ready for Production > Done,0,1,0.0002,0.0002,0.0002,0,,,
W1NNR-642,W1NNR,Problema,6,6,0,0,0,0,0,0,4,Nao,0.3333,Sim,2025-02-28 19:24:18,2025-03-11 16:14:29,10.8682,Thaís Cabral,2025-03-11 16:14:29,in analytics > In Development > In Validation > QA Approved > Ready for Production > Done,0,1,0.0001,0.0001,0.0001,0,,,
W1NNR-694,W1NNR,Problema,6,6,0,0,0,0,0,0,4,Nao,0.3333,Sim,2025-03-13 17:49:09,2025-03-17 15:08:54,3.8887,Thaís Cabral,2025-03-17 15:08:54,in analytics > In Development > Staging > QA Approved > Ready for Production > Done,0,1,0.0213,0.0213,0.0213,0,,,
W1NNR-695,W1NNR,Problema,6,6,0,0,0,0,0,0,4,Nao,0.3333,Sim,2025-03-13 18:00:33,2025-03-17 15:08:44,3.8807,Thaís Cabral,2025-03-17 15:08:44,in analytics > In Development > Staging > QA Approved > Ready for Production > Done,0,1,0.0127,0.0127,0.0127,0,,,
W1NNR-696,W1NNR,Problema,6,6,0,0,0,0,0,0,4,Nao,0.3333,Sim,2025-03-13 18:00:34,2025-03-17 15:08:42,3.8806,Thaís Cabral,2025-03-17 15:08:42,in analytics > In Development > Staging > QA Approved > Ready for Production > Done,0,1,0.0127,0.0127,0.0127,0,,,
W1NNR-698,W1NNR,Problema,6,6,0,0,0,0,0,0,4,Nao,0.3333,Sim,2025-03-18 13:37:03,2025-04-10 12:43:40,22.9629,Thaís Cabral,2025-04-10 12:43:40,in analytics > In Development > Staging > QA Approved > Ready for Production > Done,0,1,1.97,1.97,1.97,0,,,
W1NNR-725,W1NNR,Problema,6,6,0,0,0,0,0,0,4,Nao,0.3333,Sim,2025-03-25 19:49:43,2025-04-10 12:47:32,15.7068,Thaís Cabral,2025-04-10 12:47:32,in analytics > In Development > Staging > QA Approved > Ready for Production > Done,0,1,1.9582,1.9582,1.9582,0,,,
W1NNR-760,W1NNR,Tarefa,3,3,0,0,0,0,0,0,2,Nao,0.3333,Sim,2025-04-01 16:24:23,2026-02-18 15:42:53,322.9712,Lara Junqueira Alvarenga,2026-02-18 15:42:53,Backlog > Cancelled > Done,0,0,,,,0,,,
W1NNR-762,W1NNR,Problema,6,6,0,0,0,0,0,0,4,Nao,0.3333,Sim,2025-03-25 20:12:26,2025-04-10 12:48:44,15.6919,Thaís Cabral,2025-04-10 12:48:44,in analytics > In Development > In Validation > QA Approved > Ready for Production > Done,0,1,0.0,0.0,0.0,0,,,
W1NNR-768,W1NNR,Tarefa,3,3,0,0,0,0,0,0,2,Nao,0.3333,Sim,2025-04-01 16:26:28,2026-02-18 15:42:53,322.9697,Lara Junqueira Alvarenga,2026-02-18 15:42:53,Backlog > Cancelled > Done,0,0,,,,0,,,
W1NNR-77,W1NNR,Problema,3,3,0,0,0,0,0,0,2,Nao,0.3333,Sim,2024-07-30 21:48:34,2024-08-01 13:20:43,1.6473,Lorraine Caribe,2024-08-01 13:20:43,In Development > In Validation > Done,0,1,0.0118,0.0118,0.0118,0,,,
W1NNR-773,W1NNR,Problema,6,6,0,0,0,0,0,0,4,Nao,0.3333,Sim,2025-03-26 20:36:28,2025-04-02 13:01:33,6.6841,Lorraine Caribe,2025-04-02 13:01:33,in analytics > In Development > Staging > QA Approved > Ready for Production > Done,0,1,0.9264,0.9264,0.9264,0,,,
W1NNR-778,W1NNR,Problema,6,6,0,0,0,0,0,0,4,Nao,0.3333,Sim,2025-03-27 22:21:05,2025-04-14 13:47:15,17.6432,Thaís Cabral,2025-04-14 13:47:15,in analytics > In Development > In Validation > QA Approved > Ready for Production > Done,0,1,0.0001,0.0001,0.0001,0,,,
W1NNR-779,W1NNR,Problema,6,6,0,0,0,0,0,0,4,Nao,0.3333,Sim,2025-03-27 19:38:27,2025-04-02 13:01:48,5.7246,Lorraine Caribe,2025-04-02 13:01:48,in analytics > In Development > Staging > QA Approved > Ready for Production > Done,0,1,0.3144,0.3144,0.3144,0,,,
W1NNR-783,W1NNR,Problema,6,6,0,0,0,0,0,0,4,Nao,0.3333,Sim,2025-03-28 14:05:10,2025-04-14 13:48:06,16.9881,Thaís Cabral,2025-04-14 13:48:06,in analytics > In Development > Staging > QA Approved > Ready for Production > Done,0,1,0.2317,0.2317,0.2317,0,,,
W1NNR-821,W1NNR,Problema,6,6,0,0,0,0,0,0,4,Nao,0.3333,Sim,2025-04-09 14:37:29,2025-04-25 22:12:27,16.3159,Thaís Cabral,2025-04-25 22:12:27,in analytics > In Development > Staging > Ready for Production > QA Approved > Done,0,1,8.325,8.325,8.325,0,,,
W1NNR-829,W1NNR,Problema,3,3,0,0,0,0,0,0,2,Nao,0.3333,Sim,2025-04-09 20:28:29,2025-04-10 12:49:48,0.6815,Luciano Ilha Carbonell,2025-04-10 12:49:48,in analytics > In Development > Done,0,1,0.6813,0.6813,0.6813,0,,,
W1NNR-858,W1NNR,Problema,3,3,0,0,0,0,0,0,2,Nao,0.3333,Sim,2025-04-16 18:30:44,2025-04-16 21:26:12,0.1219,Heitor Toledo,2025-04-16 21:26:12,in analytics > In Development > Done,0,1,0.1218,0.1218,0.1218,0,,,
W1NNR-2038,W1NNR,Tarefa,8,8,0,0,0,0,0,0,5,Nao,0.375,Sim,2026-02-04 18:39:32,2026-03-12 20:50:43,36.0911,Peterson Bem,2026-03-12 20:50:43,Approval > Ready to Homolog > READY FOR TESTING/QA > Testing / QA > Ready To Staging > Staging > Ready for Production > Done,0,0,,,,0,,,
W1NNR-2136,W1NNR,Tarefa,8,8,0,0,0,0,0,0,5,Nao,0.375,Sim,2026-02-12 13:39:29,2026-03-12 20:50:31,28.2993,Peterson Bem,2026-03-12 20:50:31,Approval > Ready to Homolog > READY FOR TESTING/QA > Testing / QA > Ready To Staging > Staging > Ready for Production > Done,0,0,,,,0,,,
W1NNR-825,W1NNR,Problema,8,8,0,0,0,0,0,0,5,Nao,0.375,Sim,2025-04-14 13:21:32,2025-05-15 19:23:49,31.2516,Thaís Cabral,2025-05-15 19:23:49,Backlog > Ready to Analytics > in analytics > In Development > Staging > QA Approved Staging > Ready for Production > Done,0,1,0.3287,0.3287,0.3287,0,,,
W1NNR-1004,W1NNR,Problema,5,5,0,0,0,0,0,0,3,Nao,0.4,Sim,2025-06-02 20:31:08,2025-06-06 15:00:48,3.7706,Thaís Cabral,2025-06-06 15:00:48,in analytics > In Development > Staging > Ready for Production > Done,0,1,1.2569,1.2569,1.2569,0,,,
W1NNR-1230,W1NNR,Tarefa,5,5,0,0,0,0,0,0,3,Nao,0.4,Sim,2025-07-31 23:29:13,2026-02-18 15:42:53,201.6762,Lara Junqueira Alvarenga,2026-02-18 15:42:53,In Progress > Ready to Homolog > Homolog > Cancelled > Done,0,1,3.758,3.758,3.758,0,,,
W1NNR-1689,W1NNR,Problema,5,5,0,0,0,0,0,0,3,Nao,0.4,Sim,2025-10-29 12:49:31,2025-11-06 20:53:40,8.3362,Lara Junqueira Alvarenga,2025-11-06 20:53:40,in analytics > In Development > Staging > Ready for Production > Done,0,1,5.736,5.736,5.736,0,,,
W1NNR-1729,W1NNR,Tarefa,5,5,0,0,0,0,0,0,3,Nao,0.4,Sim,2025-10-29 18:33:53,2026-02-18 15:42:53,111.8812,Lara Junqueira Alvarenga,2026-02-18 15:42:53,In Progress > Ready to Homolog > Homolog > Cancelled > Done,0,1,0.9651,0.9651,0.9651,0,,,
W1NNR-251,W1NNR,Problema,5,5,0,0,0,0,0,0,3,Nao,0.4,Sim,2025-01-28 12:47:00,2025-02-19 19:57:31,22.299,Thaís Cabral,2025-02-19 19:57:31,in analytics > In Development > QA Approved > Ready for Production > Done,0,1,1.4503,1.4503,1.4503,0,,,
W1NNR-449,W1NNR,Problema,5,5,0,0,0,0,0,0,3,Nao,0.4,Sim,2025-01-06 12:45:34,2025-02-19 19:57:34,44.3,Thaís Cabral,2025-02-19 19:57:34,in analytics > In Development > In Validation > Ready for Production > Done,0,1,7.0593,7.0593,7.0593,0,,,
W1NNR-510,W1NNR,Problema,5,5,0,0,0,0,0,0,3,Nao,0.4,Sim,2025-01-20 16:43:14,2025-02-26 23:14:31,37.2717,Thaís Cabral,2025-02-26 23:14:31,in analytics > In Development > In Validation > Ready for Production > Done,0,1,0.0,0.0,0.0,0,,,
W1NNR-886,W1NNR,Problema,5,5,0,0,0,0,0,0,3,Nao,0.4,Sim,2025-05-07 14:30:05,2025-05-15 19:23:49,8.204,Thaís Cabral,2025-05-15 19:23:49,in analytics > In Development > QA Approved > Ready for Production > Done,0,1,0.1364,0.1364,0.1364,0,,,
W1NNR-265,W1NNR,Problema,6,6,0,0,0,1,0,0,3,Nao,0.4167,Sim,2024-09-20 15:25:36,2024-09-24 11:37:48,3.8418,Lara Junqueira Alvarenga,2024-09-24 11:37:48,in analytics > In Development > In Validation > In Staging > Ready for Production > Done,0,1,0.0505,0.0505,0.0505,0,,,
W1NNR-25,W1NNR,Problema,7,7,0,0,0,0,0,0,4,Nao,0.4286,Sim,2024-05-15 15:31:52,2024-05-16 00:22:32,0.3685,Eder Afonso,2024-05-16 00:22:32,To Do > In Progress > Ready for Staging > Staging > Ready for Production > Production > Done,0,1,0.0,0.0,0.0,0,,,
W1NNR-918,W1NNR,Tarefa,8,8,0,0,0,1,0,0,4,Nao,0.4375,Sim,2025-05-12 19:43:45,2025-05-15 19:26:44,2.9882,Thaís Cabral,2025-05-15 19:26:44,in analytics > In Development > Homolog > QA Approved Hml > Ready To Staging > Staging > QA Approved Staging > Done,0,1,0.2659,0.2659,0.2659,0,,,
W1NNR-1008,W1NNR,Problema,6,6,0,0,0,0,0,0,3,Nao,0.5,Sim,2025-06-04 17:59:14,2025-06-05 22:39:33,1.1947,Lorraine Caribe,2025-06-05 22:39:33,in analytics > In Development > Staging > QA Approved Staging > Ready for Production > Done,0,1,0.0,0.0,0.0,0,,,
W1NNR-1009,W1NNR,Problema,6,6,0,0,0,0,0,0,3,Nao,0.5,Sim,2025-06-04 19:27:32,2025-06-06 18:58:29,1.9798,Thaís Cabral,2025-06-06 18:58:29,in analytics > In Development > Staging > QA Approved Staging > Ready for Production > Done,0,1,0.1251,0.1251,0.1251,0,,,
W1NNR-1017,W1NNR,Problema,6,6,0,0,0,0,0,0,3,Nao,0.5,Sim,2025-06-05 17:45:24,2025-06-06 18:58:23,1.0507,Thaís Cabral,2025-06-06 18:58:23,in analytics > In Development > Staging > QA Approved Staging > Ready for Production > Done,0,1,0.2792,0.2792,0.2792,0,,,
W1NNR-1031,W1NNR,Tarefa,2,2,0,0,0,0,0,0,1,Nao,0.5,Sim,2025-07-08 14:25:19,2026-02-18 15:42:53,225.0539,Lara Junqueira Alvarenga,2026-02-18 15:42:53,Cancelled > Done,0,0,,,,0,,,
W1NNR-1043,W1NNR,Tarefa,2,2,0,0,0,0,0,0,1,Nao,0.5,Sim,2025-06-09 00:13:00,2026-02-18 15:42:53,254.6457,Lara Junqueira Alvarenga,2026-02-18 15:42:53,Cancelled > Done,0,0,,,,0,,,
W1NNR-1045,W1NNR,Problema,6,6,0,0,0,0,0,0,3,Nao,0.5,Sim,2025-06-09 18:59:25,2025-06-22 17:37:01,12.9428,Thaís Cabral,2025-06-22 17:37:01,in analytics > In Development > Staging > QA Approved Staging > Ready for Production > Done,0,1,2.2736,2.2736,2.2736,0,,,
W1NNR-1046,W1NNR,Problema,6,6,0,0,0,0,0,0,3,Nao,0.5,Sim,2025-06-12 12:55:04,2025-06-22 23:44:25,10.4509,Lorraine Caribe,2025-06-22 23:44:25,in analytics > In Development > Staging > QA Approved Staging > Ready for Production > Done,0,1,1.0803,1.0803,1.0803,0,,,
W1NNR-1051,W1NNR,Problema,4,4,0,0,0,0,0,0,2,Nao,0.5,Sim,2025-06-13 23:28:17,2025-06-20 15:03:33,6.6495,Thaís Cabral,2025-06-20 15:03:33,in analytics > In Development > Ready for Production > Done,0,1,0.1212,0.1212,0.1212,0,,,
W1NNR-107,W1NNR,Tarefa,2,2,0,0,0,0,0,0,1,Nao,0.5,Sim,2024-08-22 19:16:29,2026-02-18 15:42:53,544.8517,Lara Junqueira Alvarenga,2026-02-18 15:42:53,Cancelled > Done,0,0,,,,0,,,
W1NNR-1081,W1NNR,Problema,2,2,0,0,0,0,0,0,1,Nao,0.5,Sim,2025-06-30 21:08:46,2026-02-18 15:42:58,232.7738,Lara Junqueira Alvarenga,2026-02-18 15:42:58,Cancelled > Done,0,0,,,,0,,,
W1NNR-1083,W1NNR,Problema,6,6,0,0,0,0,0,0,3,Nao,0.5,Sim,2025-06-24 14:30:35,2025-07-02 20:41:20,8.2575,Thaís Cabral,2025-07-02 20:41:20,in analytics > In Development > Staging > QA Approved Staging > Ready for Production > Done,0,1,0.3207,0.3207,0.3207,0,,,
W1NNR-1087,W1NNR,Problema,6,6,0,0,0,0,0,0,3,Nao,0.5,Sim,2025-06-23 14:26:10,2025-06-24 14:01:27,0.9828,Thaís Cabral,2025-06-24 14:01:27,in analytics > In Development > Staging > QA Approved Staging > Ready for Production > Done,0,1,0.0107,0.0107,0.0107,0,,,
W1NNR-1090,W1NNR,Problema,6,6,0,0,0,0,0,0,3,Nao,0.5,Sim,2025-06-23 19:33:06,2025-06-24 14:00:34,0.7691,Thaís Cabral,2025-06-24 14:00:34,in analytics > In Development > In Validation > QA Approved Staging > Ready for Production > Done,0,1,0.0,0.0,0.0,0,,,
W1NNR-1109,W1NNR,Problema,6,6,0,0,0,0,0,0,3,Nao,0.5,Sim,2025-07-01 14:56:42,2025-07-02 20:47:53,1.2439,Thaís Cabral,2025-07-02 20:47:53,in analytics > In Development > Staging > QA Approved Staging > Ready for Production > Done,0,1,0.1669,0.1669,0.1669,0,,,
W1NNR-1155,W1NNR,Problema,6,6,0,0,0,0,0,0,3,Nao,0.5,Sim,2025-07-03 19:59:17,2025-07-15 01:45:52,11.2407,Thaís Cabral,2025-07-15 01:45:52,in analytics > In Development > Staging > QA Approved Staging > Ready for Production > Done,0,1,0.005,0.005,0.005,0,,,
W1NNR-1200,W1NNR,Problema,6,6,0,0,0,0,0,0,3,Nao,0.5,Sim,2025-07-16 23:28:52,2025-07-21 14:50:52,4.6403,Lara Junqueira Alvarenga,2025-07-21 14:50:52,in analytics > In Development > Staging > QA Approved Staging > Ready for Production > Done,0,1,0.0034,0.0034,0.0034,0,,,
W1NNR-1201,W1NNR,Problema,6,6,0,0,0,0,0,0,3,Nao,0.5,Sim,2025-07-17 15:18:46,2025-07-21 14:50:54,3.9806,Lara Junqueira Alvarenga,2025-07-21 14:50:54,in analytics > In Development > Staging > QA Approved Staging > Ready for Production > Done,0,1,0.0082,0.0082,0.0082,0,,,
W1NNR-1208,W1NNR,Problema,6,6,0,0,0,0,0,0,3,Nao,0.5,Sim,2025-07-19 21:38:39,2025-07-25 19:26:04,5.9079,Thaís Cabral,2025-07-25 19:26:04,in analytics > In Development > Staging > QA Approved Staging > Ready for Production > Done,0,1,0.0017,0.0017,0.0017,0,,,
W1NNR-1226,W1NNR,Problema,6,6,0,0,0,0,0,0,3,Nao,0.5,Sim,2025-07-29 19:24:32,2025-08-07 12:38:16,8.7179,Thaís Cabral,2025-08-07 12:38:16,in analytics > In Development > Staging > QA Approved Staging > Ready for Production > Done,0,1,1.4393,1.4393,1.4393,0,,,
W1NNR-1241,W1NNR,Tarefa,2,2,0,0,0,0,0,0,1,Nao,0.5,Sim,2025-08-11 14:25:36,2026-02-18 15:42:53,191.0537,Lara Junqueira Alvarenga,2026-02-18 15:42:53,Cancelled > Done,0,0,,,,0,,,
W1NNR-1247,W1NNR,Tarefa,2,2,0,0,0,0,0,0,1,Nao,0.5,Sim,2025-08-11 17:02:49,2026-02-18 15:42:53,190.9445,Lara Junqueira Alvarenga,2026-02-18 15:42:53,Cancelled > Done,0,0,,,,0,,,
W1NNR-1282,W1NNR,Tarefa,2,2,0,0,0,0,0,0,1,Nao,0.5,Sim,2025-08-11 14:08:52,2026-02-18 15:42:53,191.0653,Lara Junqueira Alvarenga,2026-02-18 15:42:53,Cancelled > Done,0,0,,,,0,,,
W1NNR-1285,W1NNR,Problema,6,6,0,0,0,0,0,0,3,Nao,0.5,Sim,2025-08-07 21:02:09,2025-08-12 13:01:46,4.6664,Thaís Cabral,2025-08-12 13:01:46,in analytics > In Development > Staging > QA Approved Staging > Ready for Production > Done,0,1,0.0,0.0,0.0,0,,,
W1NNR-1286,W1NNR,Problema,6,6,0,0,0,0,0,0,3,Nao,0.5,Sim,2025-08-08 14:16:23,2025-08-12 12:53:54,3.9427,Thaís Cabral,2025-08-12 12:53:54,in analytics > In Development > Staging > QA Approved Staging > Ready for Production > Done,0,1,0.0,0.0,0.0,0,,,
W1NNR-1294,W1NNR,Problema,6,6,0,0,0,0,0,0,3,Nao,0.5,Sim,2025-08-12 14:28:04,2025-08-18 21:39:01,6.2993,Lorraine Caribe,2025-08-18 21:39:01,in analytics > In Development > In Validation > QA Approved Staging > Ready for Production > Done,0,1,0.0,0.0,0.0,0,,,
W1NNR-1295,W1NNR,Problema,6,6,0,0,0,0,0,0,3,Nao,0.5,Sim,2025-08-12 21:08:12,2025-08-18 21:38:57,6.0214,Lorraine Caribe,2025-08-18 21:38:57,in analytics > In Development > In Validation > QA Approved Staging > Ready for Production > Done,0,1,0.0,0.0,0.0,0,,,
W1NNR-1296,W1NNR,Problema,6,6,0,0,0,0,0,0,3,Nao,0.5,Sim,2025-08-12 21:08:34,2025-08-18 21:38:59,6.0211,Lorraine Caribe,2025-08-18 21:38:59,in analytics > In Development > In Validation > QA Approved Staging > Ready for Production > Done,0,1,0.0,0.0,0.0,0,,,
W1NNR-1297,W1NNR,Problema,6,6,0,0,0,0,0,0,3,Nao,0.5,Sim,2025-08-12 21:08:53,2025-08-18 21:38:21,6.0205,Lorraine Caribe,2025-08-18 21:38:21,in analytics > In Development > In Validation > QA Approved Staging > Ready for Production > Done,0,1,0.0,0.0,0.0,0,,,
W1NNR-1299,W1NNR,Problema,6,6,0,0,0,0,0,0,3,Nao,0.5,Sim,2025-08-12 21:09:12,2025-08-18 21:38:08,6.0201,Lorraine Caribe,2025-08-18 21:38:08,in analytics > In Development > In Validation > QA Approved Staging > Ready for Production > Done,0,1,0.0,0.0,0.0,0,,,
W1NNR-1303,W1NNR,Problema,6,6,0,0,0,0,0,0,3,Nao,0.5,Sim,2025-08-12 17:06:09,2025-08-14 12:57:11,1.8271,Thaís Cabral,2025-08-14 12:57:11,in analytics > In Development > Staging > QA Approved Staging > Ready for Production > Done,0,1,0.0871,0.0871,0.0871,0,,,
W1NNR-1305,W1NNR,Problema,6,6,0,0,0,0,0,0,3,Nao,0.5,Sim,2025-08-12 20:36:27,2025-08-14 12:57:31,1.6813,Thaís Cabral,2025-08-14 12:57:31,in analytics > In Development > Staging > QA Approved Staging > Ready for Production > Done,0,1,0.0058,0.0058,0.0058,0,,,
W1NNR-1307,W1NNR,Problema,6,6,0,0,0,0,0,0,3,Nao,0.5,Sim,2025-08-13 14:02:06,2025-08-18 21:37:46,5.3164,Lorraine Caribe,2025-08-18 21:37:46,in analytics > In Development > Staging > QA Approved Staging > Ready for Production > Done,0,1,0.0311,0.0311,0.0311,0,,,
W1NNR-1335,W1NNR,Problema,6,6,0,0,0,0,0,0,3,Nao,0.5,Sim,2025-08-22 13:36:07,2025-09-01 14:43:31,10.0468,Thaís Cabral,2025-09-01 14:43:31,in analytics > In Development > Staging > QA Approved Staging > Ready for Production > Done,0,1,2.9422,2.9422,2.9422,0,,,
W1NNR-1337,W1NNR,Problema,6,6,0,0,0,0,0,0,3,Nao,0.5,Sim,2025-08-22 14:15:23,2025-08-25 13:56:20,2.9868,Lara Junqueira Alvarenga,2025-08-25 13:56:20,in analytics > In Development > Staging > QA Approved Staging > Ready for Production > Done,0,1,0.1465,0.1465,0.1465,0,,,
W1NNR-1353,W1NNR,Problema,6,6,0,0,0,0,0,0,3,Nao,0.5,Sim,2025-08-22 20:41:57,2025-09-01 14:43:38,9.7512,Thaís Cabral,2025-09-01 14:43:38,in analytics > In Development > Staging > QA Approved Staging > Ready for Production > Done,0,1,2.9411,2.9411,2.9411,0,,,
W1NNR-1361,W1NNR,Problema,6,6,0,0,0,0,0,0,3,Nao,0.5,Sim,2025-08-25 18:52:53,2025-09-01 14:44:07,6.8272,Lara Junqueira Alvarenga,2025-09-01 14:44:07,in analytics > In Development > Staging > QA Approved Staging > Ready for Production > Done,0,1,0.7184,0.7184,0.7184,0,,,
W1NNR-1363,W1NNR,Problema,6,6,0,0,0,0,0,0,3,Nao,0.5,Sim,2025-09-02 14:05:49,2025-09-12 02:58:42,9.5367,Thaís Cabral,2025-09-12 02:58:42,in analytics > In Development > Staging > QA Approved Staging > Ready for Production > Done,0,1,5.2059,5.2059,5.2059,0,,,
W1NNR-1367,W1NNR,Problema,6,6,0,0,0,0,0,0,3,Nao,0.5,Sim,2025-08-26 13:16:48,2025-09-03 14:51:08,8.0655,Lara Junqueira Alvarenga,2025-09-03 14:51:08,in analytics > In Development > Staging > QA Approved Staging > Ready for Production > Done,0,1,3.0307,3.0307,3.0307,0,,,
W1NNR-1368,W1NNR,Problema,6,6,0,0,0,0,0,0,3,Nao,0.5,Sim,2025-08-25 21:46:01,2025-09-01 14:44:10,6.707,Lara Junqueira Alvarenga,2025-09-01 14:44:10,in analytics > In Development > Staging > QA Approved Staging > Ready for Production > Done,0,1,0.7187,0.7187,0.7187,0,,,
W1NNR-1369,W1NNR,Problema,6,6,0,0,0,0,0,0,3,Nao,0.5,Sim,2025-08-25 21:58:02,2025-09-01 14:44:12,6.6987,Lara Junqueira Alvarenga,2025-09-01 14:44:12,in analytics > In Development > Staging > QA Approved Staging > Ready for Production > Done,0,1,0.711,0.711,0.711,0,,,
W1NNR-1371,W1NNR,Problema,6,6,0,0,0,0,0,0,3,Nao,0.5,Sim,2025-08-26 20:26:16,2025-09-03 14:58:59,7.7727,Lara Junqueira Alvarenga,2025-09-03 14:58:59,in analytics > In Development > Staging > QA Approved Staging > Ready for Production > Done,0,1,1.8043,1.8043,1.8043,0,,,
W1NNR-1373,W1NNR,Problema,6,6,0,0,0,0,0,0,3,Nao,0.5,Sim,2025-08-26 19:40:31,2025-09-01 14:44:14,5.7942,Lara Junqueira Alvarenga,2025-09-01 14:44:14,in analytics > In Development > Staging > QA Approved Staging > Ready for Production > Done,0,1,0.0001,0.0001,0.0001,0,,,
W1NNR-1396,W1NNR,Problema,6,6,0,0,0,0,0,0,3,Nao,0.5,Sim,2025-09-01 19:41:06,2025-09-12 02:58:47,10.3039,Thaís Cabral,2025-09-12 02:58:47,in analytics > In Development > In Validation > QA Approved Staging > Ready for Production > Done,0,1,0.0002,0.0002,0.0002,0,,,
W1NNR-1418,W1NNR,Tarefa,2,2,0,0,0,0,0,0,1,Nao,0.5,Sim,2025-09-23 15:05:46,2026-02-18 15:42:53,148.0258,Lara Junqueira Alvarenga,2026-02-18 15:42:53,Cancelled > Done,0,0,,,,0,,,
W1NNR-1419,W1NNR,Tarefa,2,2,0,0,0,0,0,0,1,Nao,0.5,Sim,2025-09-04 13:23:36,2026-02-18 15:42:53,167.0967,Lara Junqueira Alvarenga,2026-02-18 15:42:53,Cancelled > Done,0,0,,,,0,,,
W1NNR-1431,W1NNR,Problema,6,6,0,0,0,0,0,0,3,Nao,0.5,Sim,2025-09-08 17:37:19,2025-09-19 14:14:48,10.8594,Lara Junqueira Alvarenga,2025-09-19 14:14:48,in analytics > In Development > Staging > QA Approved Staging > Ready for Production > Done,0,1,1.9724,1.9724,1.9724,0,,,
W1NNR-1436,W1NNR,Tarefa,2,2,0,0,0,0,0,0,1,Nao,0.5,Sim,2025-09-08 18:50:02,2026-02-18 15:42:53,162.87,Lara Junqueira Alvarenga,2026-02-18 15:42:53,Cancelled > Done,0,0,,,,0,,,
W1NNR-1461,W1NNR,Tarefa,2,2,0,0,0,0,0,0,1,Nao,0.5,Sim,2025-09-12 17:36:29,2026-02-18 15:42:53,158.9211,Lara Junqueira Alvarenga,2026-02-18 15:42:53,Cancelled > Done,0,0,,,,0,,,
W1NNR-1465,W1NNR,Problema,6,6,0,0,0,0,0,0,3,Nao,0.5,Sim,2025-09-15 19:08:40,2025-09-19 14:16:37,3.7972,Lara Junqueira Alvarenga,2025-09-19 14:16:37,in analytics > In Development > Staging > QA Approved Staging > Ready for Production > Done,0,1,1.0259,1.0259,1.0259,0,,,
W1NNR-1472,W1NNR,Problema,6,6,0,0,0,0,0,0,3,Nao,0.5,Sim,2025-09-19 13:48:12,2025-10-03 21:14:44,14.3101,Thaís Cabral,2025-10-03 21:14:44,in analytics > In Development > Staging > QA Approved Staging > Ready for Production > Done,0,1,0.1871,0.1871,0.1871,0,,,
W1NNR-1473,W1NNR,Problema,6,6,0,0,0,0,0,0,3,Nao,0.5,Sim,2025-09-17 14:36:16,2025-09-24 14:41:48,7.0038,Lara Junqueira Alvarenga,2025-09-24 14:41:48,in analytics > In Development > Staging > QA Approved Staging > Ready for Production > Done,0,1,2.7242,2.7242,2.7242,0,,,
W1NNR-1499,W1NNR,Tarefa,10,10,0,0,0,0,0,0,5,Nao,0.5,Sim,2025-09-23 17:57:15,2025-12-19 19:13:47,87.0531,Lorraine Caribe,2025-12-19 19:13:47,in analytics > In Development > Ready to Homolog > Homolog > QA Approved Hml > Ready To Staging > Staging > QA Approved Staging > Ready for Production > Done,0,1,77.9789,77.9789,77.9789,0,,,
W1NNR-1508,W1NNR,Problema,6,6,0,0,0,0,0,0,3,Nao,0.5,Sim,2025-09-25 14:44:47,2025-10-03 21:14:45,8.2708,Thaís Cabral,2025-10-03 21:14:45,in analytics > In Development > Staging > QA Approved Staging > Ready for Production > Done,0,1,0.7614,0.7614,0.7614,0,,,
W1NNR-1509,W1NNR,Problema,6,6,0,0,0,0,0,0,3,Nao,0.5,Sim,2025-09-25 13:45:38,2025-10-03 21:14:45,8.3119,Thaís Cabral,2025-10-03 21:14:45,in analytics > In Development > Staging > QA Approved Staging > Ready for Production > Done,0,1,1.071,1.071,1.071,0,,,
W1NNR-1511,W1NNR,Problema,6,6,0,0,0,0,0,0,3,Nao,0.5,Sim,2025-09-25 18:19:11,2025-10-03 21:14:45,8.1219,Thaís Cabral,2025-10-03 21:14:45,in analytics > In Development > Staging > QA Approved Staging > Ready for Production > Done,0,1,0.881,0.881,0.881,0,,,
W1NNR-1522,W1NNR,Problema,6,6,0,0,0,0,0,0,3,Nao,0.5,Sim,2025-09-29 20:30:26,2025-10-03 21:14:46,4.0308,Thaís Cabral,2025-10-03 21:14:46,in analytics > In Development > Staging > QA Approved Staging > Ready for Production > Done,0,1,0.0001,0.0001,0.0001,0,,,
W1NNR-1546,W1NNR,Problema,2,2,0,0,0,0,0,0,1,Nao,0.5,Sim,2025-11-11 12:34:36,2026-02-18 15:42:58,99.1308,Lara Junqueira Alvarenga,2026-02-18 15:42:58,Cancelled > Done,0,0,,,,0,,,
W1NNR-1552,W1NNR,Problema,6,6,0,0,0,0,0,0,3,Nao,0.5,Sim,2025-10-03 21:03:37,2025-10-08 13:27:34,4.6833,Lara Junqueira Alvarenga,2025-10-08 13:27:34,in analytics > In Development > Staging > QA Approved Staging > Ready for Production > Done,0,1,0.0004,0.0004,0.0004,0,,,
W1NNR-1640,W1NNR,Tarefa,2,2,0,0,0,0,0,0,1,Nao,0.5,Sim,2025-10-21 20:36:18,2025-10-21 20:37:08,0.0006,Gabriel Wiggert,2025-10-21 20:37:08,Cancelled > Done,0,0,,,,0,,,
W1NNR-168,W1NNR,Problema,2,2,0,0,0,0,0,0,1,Nao,0.5,Sim,2024-08-20 17:50:50,2024-08-22 01:16:41,1.3096,Lorraine Caribe,2024-08-22 01:16:41,In Validation > Done,0,0,,,,0,,,
W1NNR-1693,W1NNR,Problema,6,6,0,0,0,0,0,0,3,Nao,0.5,Sim,2025-10-23 13:11:54,2025-11-03 15:12:27,11.0837,Lara Junqueira Alvarenga,2025-11-03 15:12:27,in analytics > In Development > Staging > QA Approved Staging > Ready for Production > Done,0,1,0.0001,0.0001,0.0001,0,,,
W1NNR-1717,W1NNR,Tarefa,2,2,0,0,0,0,0,0,1,Nao,0.5,Sim,2025-11-18 13:26:04,2026-02-18 15:42:53,92.095,Lara Junqueira Alvarenga,2026-02-18 15:42:53,Cancelled > Done,0,0,,,,0,,,
W1NNR-1722,W1NNR,Tarefa,2,2,0,0,0,0,0,0,1,Nao,0.5,Sim,2025-11-18 17:56:46,2026-02-18 15:42:53,91.907,Lara Junqueira Alvarenga,2026-02-18 15:42:53,Cancelled > Done,0,0,,,,0,,,
W1NNR-1745,W1NNR,Problema,6,6,0,0,0,0,0,0,3,Nao,0.5,Sim,2025-11-03 17:02:15,2025-11-05 18:16:19,2.0514,Lara Junqueira Alvarenga,2025-11-05 18:16:19,in analytics > In Development > Staging > QA Approved Staging > Ready for Production > Done,0,1,0.0069,0.0069,0.0069,0,,,
W1NNR-1764,W1NNR,Problema,6,6,0,0,0,0,0,0,3,Nao,0.5,Sim,2025-11-05 19:20:21,2025-11-06 13:02:05,0.7373,Luciano Ilha Carbonell,2025-11-06 13:02:05,in analytics > In Development > Staging > QA Approved Staging > Ready for Production > Done,0,1,0.7369,0.7369,0.7369,0,,,
W1NNR-1768,W1NNR,Tarefa,2,2,0,0,0,0,0,0,1,Nao,0.5,Sim,2025-11-05 20:21:47,2026-02-18 15:42:53,104.8063,Lara Junqueira Alvarenga,2026-02-18 15:42:53,Cancelled > Done,0,0,,,,0,,,
W1NNR-1777,W1NNR,Problema,6,6,0,0,0,0,0,0,3,Nao,0.5,Sim,2025-11-10 17:12:13,2025-11-13 21:20:08,3.1722,Danilo Monreal,2025-11-13 21:20:08,in analytics > In Development > Staging > QA Approved Staging > Ready for Production > Done,0,1,1.1818,1.1818,1.1818,0,,,
W1NNR-1787,W1NNR,Problema,6,6,0,0,0,0,0,0,3,Nao,0.5,Sim,2025-11-18 12:31:39,2025-12-08 14:14:30,20.0714,Thaís Cabral,2025-12-08 14:14:30,in analytics > In Development > Staging > QA Approved Staging > Ready for Production > Done,0,1,8.2305,8.2305,8.2305,0,,,
W1NNR-1797,W1NNR,Tarefa,2,2,0,0,0,0,0,0,1,Nao,0.5,Sim,2026-02-11 17:53:01,2026-02-18 15:42:53,6.9096,Lara Junqueira Alvarenga,2026-02-18 15:42:53,Cancelled > Done,0,0,,,,0,,,
W1NNR-1803,W1NNR,Tarefa,2,2,0,0,0,0,0,0,1,Nao,0.5,Sim,2026-02-11 17:54:01,2026-02-18 15:42:53,6.9089,Lara Junqueira Alvarenga,2026-02-18 15:42:53,Cancelled > Done,0,0,,,,0,,,
W1NNR-1819,W1NNR,Problema,6,6,0,0,0,0,0,0,3,Nao,0.5,Sim,2025-11-21 18:41:08,2025-12-08 14:14:31,16.8148,Thaís Cabral,2025-12-08 14:14:31,in analytics > In Development > Staging > QA Approved Staging > Ready for Production > Done,0,1,6.7952,6.7952,6.7952,0,,,
W1NNR-1855,W1NNR,Tarefa,2,2,0,0,0,0,0,0,1,Nao,0.5,Sim,2025-12-19 12:54:11,2026-02-18 15:42:53,61.1172,Lara Junqueira Alvarenga,2026-02-18 15:42:53,Cancelled > Done,0,0,,,,0,,,
W1NNR-1880,W1NNR,Problema,6,6,0,0,0,0,0,0,3,Nao,0.5,Sim,2025-12-10 18:36:49,2025-12-12 19:23:42,2.0326,Thaís Cabral,2025-12-12 19:23:42,in analytics > In Development > Staging > QA Approved Staging > Ready for Production > Done,0,1,0.0928,0.0928,0.0928,0,,,
W1NNR-1901,W1NNR,Tarefa,8,8,0,0,0,0,0,0,4,Nao,0.5,Sim,2026-01-05 21:39:19,2026-01-09 18:52:50,3.8844,Barbara Rossi,2026-01-09 18:52:50,In Progress > Ready to Homolog > Homolog > QA Approved Hml > Ready To Staging > Staging > Cancelled > Done,0,1,0.6813,0.6813,0.6813,0,,,
W1NNR-1936,W1NNR,Tarefa,6,6,0,0,0,0,0,0,3,Nao,0.5,Sim,2025-12-29 17:37:33,2026-03-09 14:10:07,69.856,Lara Junqueira Alvarenga,2026-03-09 14:10:07,In Progress > Ready to Homolog > Homolog > Staging > Ready for Production > Done,0,1,41.8416,41.8416,41.8416,0,,,
W1NNR-1990,W1NNR,Tarefa,2,2,0,0,0,0,0,0,1,Nao,0.5,Sim,2026-01-09 13:05:04,2026-02-18 15:42:53,40.1096,Lara Junqueira Alvarenga,2026-02-18 15:42:53,Cancelled > Done,0,0,,,,0,,,
W1NNR-2036,W1NNR,Tarefa,8,8,0,0,0,0,0,0,4,Nao,0.5,Sim,2026-01-30 12:05:15,2026-03-12 20:50:46,41.3649,Peterson Bem,2026-03-12 20:50:46,In Progress > Ready to Homolog > READY FOR TESTING/QA > Testing / QA > Ready To Staging > Staging > Ready for Production > Done,0,1,12.2305,12.2305,12.2305,0,,,
W1NNR-2037,W1NNR,Tarefa,8,8,0,0,0,0,0,0,4,Nao,0.5,Sim,2026-01-26 22:04:50,2026-03-12 20:50:44,44.9485,Peterson Bem,2026-03-12 20:50:44,In Progress > Ready to Homolog > READY FOR TESTING/QA > Testing / QA > Ready To Staging > Staging > Ready for Production > Done,0,1,1.8105,1.8105,1.8105,0,,,
W1NNR-2039,W1NNR,Tarefa,8,8,0,0,0,0,0,0,4,Nao,0.5,Sim,2026-01-26 20:20:30,2026-03-12 20:50:41,45.021,Peterson Bem,2026-03-12 20:50:41,In Progress > Ready to Homolog > READY FOR TESTING/QA > Testing / QA > Ready To Staging > Staging > Ready for Production > Done,0,1,13.9328,13.9328,13.9328,0,,,
W1NNR-2120,W1NNR,Tarefa,2,2,0,0,0,0,0,0,1,Nao,0.5,Sim,2026-02-10 18:03:39,2026-02-18 15:42:53,7.9022,Lara Junqueira Alvarenga,2026-02-18 15:42:53,Cancelled > Done,0,0,,,,0,,,
W1NNR-23,W1NNR,Problema,6,6,0,0,0,0,0,0,3,Nao,0.5,Sim,2024-05-03 22:08:56,2024-05-08 13:15:02,4.6292,Eder Afonso,2024-05-08 13:15:02,In Progress > Ready for Staging > Staging > Ready for Production > Production > Done,0,1,4.6292,4.6292,4.6292,0,,,
W1NNR-252,W1NNR,Problema,5,5,0,0,0,1,0,0,2,Nao,0.5,Sim,2024-09-11 22:31:16,2024-09-24 11:37:28,12.546,Lara Junqueira Alvarenga,2024-09-24 11:37:28,In Development > In Validation > In Staging > Ready for Production > Done,0,1,0.5869,0.5869,0.5869,0,,,
W1NNR-253,W1NNR,Problema,5,5,0,0,0,1,0,0,2,Nao,0.5,Sim,2024-09-17 12:45:48,2024-10-10 12:40:59,22.9967,Lara Junqueira Alvarenga,2024-10-10 12:40:59,in analytics > In Development > In Staging > Ready for Production > Done,0,1,5.9559,5.9559,5.9559,0,,,
W1NNR-26,W1NNR,Problema,6,6,0,0,0,0,0,0,3,Nao,0.5,Sim,2024-05-16 14:03:15,2024-05-28 13:44:58,11.9873,Eder Afonso,2024-05-28 13:44:58,In Progress > Ready for Staging > Staging > Ready for Production > Production > Done,0,1,0.3213,0.3213,0.3213,0,,,
W1NNR-27,W1NNR,Tarefa,6,6,0,0,0,0,0,0,3,Nao,0.5,Sim,2024-05-16 21:44:33,2024-05-28 13:45:00,11.667,Eder Afonso,2024-05-28 13:45:00,In Progress > Ready for Staging > Staging > Ready for Production > Production > Done,0,1,0.001,0.001,0.001,0,,,
W1NNR-305,W1NNR,Problema,2,2,0,0,0,0,0,0,1,Nao,0.5,Sim,2024-10-10 14:30:56,2026-02-18 15:42:58,496.05,Lara Junqueira Alvarenga,2026-02-18 15:42:58,Cancelled > Done,0,0,,,,0,,,
W1NNR-318,W1NNR,Problema,5,5,0,0,0,1,0,0,2,Nao,0.5,Sim,2024-10-10 14:53:24,2024-10-22 03:01:20,11.5055,Lara Junqueira Alvarenga,2024-10-22 03:01:20,in analytics > In Development > In Staging > Ready for Production > Done,0,1,3.9649,3.9649,3.9649,0,,,
W1NNR-331,W1NNR,Problema,5,5,0,0,0,1,0,0,2,Nao,0.5,Sim,2024-10-28 22:06:04,2024-11-06 12:54:17,8.6168,Lara Junqueira Alvarenga,2024-11-06 12:54:17,in analytics > In Development > In Staging > Ready for Production > Done,0,1,0.0014,0.0014,0.0014,0,,,
W1NNR-36,W1NNR,Tarefa,6,6,0,0,0,0,0,0,3,Nao,0.5,Sim,2024-06-04 17:14:56,2024-07-24 20:13:35,50.1241,Lorraine Caribe,2024-07-24 20:13:35,In Progress > Ready for Staging > Staging > Ready for Production > Production > Done,0,1,0.0487,0.0487,0.0487,0,,,
W1NNR-361,W1NNR,Problema,5,5,0,0,0,1,0,0,2,Nao,0.5,Sim,2024-11-19 14:22:25,2024-12-23 23:38:04,34.3859,Lorraine Caribe,2024-12-23 23:38:04,in analytics > In Development > In Staging > Ready for Production > Done,0,1,2.1388,2.1388,2.1388,0,,,
W1NNR-37,W1NNR,Tarefa,6,6,0,0,0,0,0,0,3,Nao,0.5,Sim,2024-05-22 16:36:52,2024-07-24 20:13:35,63.1505,Lorraine Caribe,2024-07-24 20:13:35,In Progress > Ready for Staging > Staging > Ready for Production > Production > Done,0,1,1.0343,1.0343,1.0343,0,,,
W1NNR-374,W1NNR,Problema,5,5,0,0,0,1,0,0,2,Nao,0.5,Sim,2024-11-18 14:04:06,2024-11-18 14:04:19,0.0001,Barbara Rossi,2024-11-18 14:04:19,in analytics > In Development > In Staging > Ready for Production > Done,0,1,0.0001,0.0001,0.0001,0,,,
W1NNR-378,W1NNR,Problema,5,5,0,0,0,1,0,0,2,Nao,0.5,Sim,2024-11-19 20:28:45,2024-11-27 22:13:05,8.0725,Lorraine Caribe,2024-11-27 22:13:05,in analytics > In Development > In Staging > Ready for Production > Done,0,1,0.0359,0.0359,0.0359,0,,,
W1NNR-379,W1NNR,Problema,5,5,0,0,0,1,0,0,2,Nao,0.5,Sim,2024-11-19 18:09:40,2024-11-27 22:15:44,8.1709,Lorraine Caribe,2024-11-27 22:15:44,in analytics > In Development > In Staging > Ready for Production > Done,0,1,0.1325,0.1325,0.1325,0,,,
W1NNR-389,W1NNR,Tarefa,2,2,0,0,0,0,0,0,1,Nao,0.5,Sim,2024-11-29 19:33:50,2026-02-18 15:42:53,445.8396,Lara Junqueira Alvarenga,2026-02-18 15:42:53,Cancelled > Done,0,0,,,,0,,,
W1NNR-39,W1NNR,Tarefa,6,6,0,0,0,0,0,0,3,Nao,0.5,Sim,2024-05-27 18:58:01,2024-05-28 13:45:04,0.7827,Eder Afonso,2024-05-28 13:45:04,In Progress > Ready for Staging > Staging > Ready for Production > Production > Done,0,1,0.0,0.0,0.0,0,,,
W1NNR-391,W1NNR,Tarefa,2,2,0,0,0,0,0,0,1,Nao,0.5,Sim,2025-01-20 13:57:59,2026-02-18 15:42:53,394.0728,Lara Junqueira Alvarenga,2026-02-18 15:42:53,Cancelled > Done,0,0,,,,0,,,
W1NNR-392,W1NNR,Tarefa,2,2,0,0,0,0,0,0,1,Nao,0.5,Sim,2025-01-20 13:58:16,2026-02-18 15:42:53,394.0726,Lara Junqueira Alvarenga,2026-02-18 15:42:53,Cancelled > Done,0,0,,,,0,,,
W1NNR-393,W1NNR,Tarefa,2,2,0,0,0,0,0,0,1,Nao,0.5,Sim,2025-01-20 13:58:19,2026-02-18 15:42:53,394.0726,Lara Junqueira Alvarenga,2026-02-18 15:42:53,Cancelled > Done,0,0,,,,0,,,
W1NNR-40,W1NNR,Tarefa,4,4,0,0,0,0,0,0,2,Nao,0.5,Sim,2024-06-03 17:27:10,2024-06-04 13:07:24,0.8196,Barbara Rossi,2024-06-04 13:07:24,In Progress > Staging > Production > Done,0,1,0.096,0.096,0.096,0,,,
W1NNR-42,W1NNR,Tarefa,6,6,0,0,0,0,0,0,3,Nao,0.5,Sim,2024-06-04 18:34:52,2024-07-24 20:13:35,50.0685,Lorraine Caribe,2024-07-24 20:13:35,In Progress > Ready for Staging > Staging > Ready for Production > Production > Done,0,1,0.0055,0.0055,0.0055,0,,,
W1NNR-450,W1NNR,Problema,5,5,0,0,0,1,0,0,2,Nao,0.5,Sim,2024-12-05 13:28:24,2024-12-23 23:38:47,18.4239,Lorraine Caribe,2024-12-23 23:38:47,in analytics > In Development > In Staging > Ready for Production > Done,0,1,13.6175,13.6175,13.6175,0,,,
W1NNR-486,W1NNR,Tarefa,5,5,0,0,0,1,0,0,2,Nao,0.5,Sim,2025-01-15 14:57:22,2025-02-19 20:00:36,35.2106,Lorraine Caribe,2025-02-19 20:00:36,In Progress > Ready To Staging > Staging > QA Approved > Done,0,1,0.1684,0.1684,0.1684,0,,,
W1NNR-487,W1NNR,Tarefa,5,5,0,0,0,1,0,0,2,Nao,0.5,Sim,2025-01-15 19:00:24,2025-02-19 20:00:34,35.0418,Lorraine Caribe,2025-02-19 20:00:34,In Progress > Ready To Staging > Staging > QA Approved > Done,0,1,0.0612,0.0612,0.0612,0,,,
W1NNR-488,W1NNR,Tarefa,2,2,0,0,0,0,0,0,1,Nao,0.5,Sim,2025-01-16 19:31:10,2026-02-18 15:42:53,397.8415,Lara Junqueira Alvarenga,2026-02-18 15:42:53,Cancelled > Done,0,0,,,,0,,,
W1NNR-489,W1NNR,Tarefa,2,2,0,0,0,0,0,0,1,Nao,0.5,Sim,2025-01-27 13:13:39,2026-02-18 15:42:53,387.1036,Lara Junqueira Alvarenga,2026-02-18 15:42:53,Cancelled > Done,0,0,,,,0,,,
W1NNR-490,W1NNR,Tarefa,2,2,0,0,0,0,0,0,1,Nao,0.5,Sim,2025-01-16 19:31:26,2026-02-18 15:42:53,397.8413,Lara Junqueira Alvarenga,2026-02-18 15:42:53,Cancelled > Done,0,0,,,,0,,,
W1NNR-491,W1NNR,Tarefa,2,2,0,0,0,0,0,0,1,Nao,0.5,Sim,2025-01-16 19:31:38,2026-02-18 15:42:53,397.8411,Lara Junqueira Alvarenga,2026-02-18 15:42:53,Cancelled > Done,0,0,,,,0,,,
W1NNR-492,W1NNR,Tarefa,5,5,0,0,0,1,0,0,2,Nao,0.5,Sim,2025-01-15 20:29:02,2025-02-19 20:00:35,34.9802,Lorraine Caribe,2025-02-19 20:00:35,In Progress > Ready To Staging > Staging > QA Approved > Done,0,1,16.7415,16.7415,16.7415,0,,,
W1NNR-493,W1NNR,Tarefa,5,5,0,0,0,1,0,0,2,Nao,0.5,Sim,2025-01-20 20:26:37,2025-02-19 20:00:35,29.9819,Lorraine Caribe,2025-02-19 20:00:35,In Progress > Ready To Staging > Staging > QA Approved > Done,0,1,8.9045,8.9045,8.9045,0,,,
W1NNR-494,W1NNR,Tarefa,2,2,0,0,0,0,0,0,1,Nao,0.5,Sim,2025-01-16 19:31:47,2026-02-18 15:42:53,397.841,Lara Junqueira Alvarenga,2026-02-18 15:42:53,Cancelled > Done,0,0,,,,0,,,
W1NNR-495,W1NNR,Tarefa,5,5,0,0,0,1,0,0,2,Nao,0.5,Sim,2025-01-27 20:48:33,2025-02-19 20:00:35,22.9667,Lorraine Caribe,2025-02-19 20:00:35,In Progress > Ready To Staging > Staging > QA Approved > Done,0,1,4.728,4.728,4.728,0,,,
W1NNR-496,W1NNR,Tarefa,4,4,0,0,0,0,0,0,2,Nao,0.5,Sim,2025-02-17 18:24:55,2025-02-19 20:00:35,2.0664,Lorraine Caribe,2025-02-19 20:00:35,In Progress > Staging > QA Approved > Done,0,1,0.0725,0.0725,0.0725,0,,,
W1NNR-500,W1NNR,Problema,5,5,0,0,0,1,0,0,2,Nao,0.5,Sim,2025-01-17 22:58:25,2025-01-27 19:49:46,9.869,Lorraine Caribe,2025-01-27 19:49:46,in analytics > In Development > In Staging > Ready for Production > Done,0,1,0.0418,0.0418,0.0418,0,,,
W1NNR-502,W1NNR,Problema,5,5,0,0,0,1,0,0,2,Nao,0.5,Sim,2025-01-17 18:57:59,2025-01-27 21:45:10,10.1161,Lorraine Caribe,2025-01-27 21:45:10,in analytics > In Development > In Staging > Ready for Production > Done,0,1,0.0048,0.0048,0.0048,0,,,
W1NNR-503,W1NNR,Problema,5,5,0,0,0,1,0,0,2,Nao,0.5,Sim,2025-01-17 14:50:07,2025-01-27 21:45:13,10.2883,Lorraine Caribe,2025-01-27 21:45:13,in analytics > In Development > In Staging > Ready for Production > Done,0,1,0.0324,0.0324,0.0324,0,,,
W1NNR-505,W1NNR,Problema,5,5,0,0,0,1,0,0,2,Nao,0.5,Sim,2025-01-18 22:57:29,2025-01-27 21:44:49,8.9495,Lorraine Caribe,2025-01-27 21:44:49,in analytics > In Development > In Staging > Ready for Production > Done,0,1,1.0993,1.0993,1.0993,0,,,
W1NNR-51,W1NNR,Problema,4,4,0,0,0,0,0,0,2,Nao,0.5,Sim,2024-06-19 14:15:13,2024-06-25 13:38:02,5.9742,Igor Rezende,2024-06-25 13:38:02,In Progress > Ready for Staging > Production > Done,0,1,0.0117,0.0117,0.0117,0,,,
W1NNR-511,W1NNR,Problema,5,5,0,0,0,1,0,0,2,Nao,0.5,Sim,2025-01-20 16:43:16,2025-01-27 21:45:21,7.2098,Lorraine Caribe,2025-01-27 21:45:21,in analytics > In Development > In Staging > Ready for Production > Done,0,1,0.1398,0.1398,0.1398,0,,,
W1NNR-513,W1NNR,Problema,5,5,0,0,0,1,0,0,2,Nao,0.5,Sim,2025-01-20 23:16:19,2025-01-27 21:45:30,6.9369,Lorraine Caribe,2025-01-27 21:45:30,in analytics > In Development > In Staging > Ready for Production > Done,0,1,0.5442,0.5442,0.5442,0,,,
W1NNR-515,W1NNR,Problema,5,5,0,0,0,1,0,0,2,Nao,0.5,Sim,2025-01-21 18:22:53,2025-01-27 21:45:32,6.1407,Lorraine Caribe,2025-01-27 21:45:32,in analytics > In Development > In Staging > Ready for Production > Done,0,1,0.011,0.011,0.011,0,,,
W1NNR-523,W1NNR,Problema,2,2,0,0,0,0,0,0,1,Nao,0.5,Sim,2025-02-04 18:32:14,2025-02-07 11:49:32,2.7204,Eder Afonso,2025-02-07 11:49:32,in analytics > Done,0,0,,,,0,,,
W1NNR-525,W1NNR,Tarefa,5,5,0,0,0,1,0,0,2,Nao,0.5,Sim,2025-01-30 14:44:17,2025-02-19 20:00:35,20.2197,Lorraine Caribe,2025-02-19 20:00:35,In Progress > Ready To Staging > Staging > QA Approved > Done,0,1,1.9809,1.9809,1.9809,0,,,
W1NNR-54,W1NNR,Tarefa,4,4,0,0,0,0,0,0,2,Nao,0.5,Sim,2024-06-13 19:19:36,2024-06-25 13:38:01,11.7628,Igor Rezende,2024-06-25 13:38:01,Staging > Ready for Production > Production > Done,0,0,,,,0,,,
W1NNR-55,W1NNR,Tarefa,4,4,0,0,0,0,0,0,2,Nao,0.5,Sim,2024-06-13 19:55:23,2024-06-25 13:38:01,11.7379,Igor Rezende,2024-06-25 13:38:01,Staging > Ready for Production > Production > Done,0,0,,,,0,,,
W1NNR-576,W1NNR,Tarefa,7,7,0,0,0,1,0,0,3,Nao,0.5,Sim,2025-02-23 22:43:22,2025-04-02 13:00:07,37.595,Lorraine Caribe,2025-04-02 13:00:07,Backlog > In Progress > Ready To Staging > Staging > QA Approved > Ready for Production > Done,0,1,1.0918,1.0918,1.0918,0,,,
W1NNR-577,W1NNR,Tarefa,7,7,0,0,0,1,0,0,3,Nao,0.5,Sim,2025-02-23 22:44:24,2025-04-02 13:00:27,37.5945,Lorraine Caribe,2025-04-02 13:00:27,Backlog > In Progress > Ready To Staging > Staging > QA Approved > Ready for Production > Done,0,1,1.0913,1.0913,1.0913,0,,,
W1NNR-578,W1NNR,Tarefa,7,7,0,0,0,1,0,0,3,Nao,0.5,Sim,2025-02-23 22:45:33,2025-04-02 13:00:27,37.5937,Lorraine Caribe,2025-04-02 13:00:27,Backlog > In Progress > Ready To Staging > Staging > QA Approved > Ready for Production > Done,0,1,13.7726,13.7726,13.7726,0,,,
W1NNR-579,W1NNR,Tarefa,7,7,0,0,0,1,0,0,3,Nao,0.5,Sim,2025-02-23 22:46:18,2025-04-02 13:00:27,37.5932,Lorraine Caribe,2025-04-02 13:00:27,Backlog > In Progress > Ready To Staging > Staging > QA Approved > Ready for Production > Done,0,1,3.6412,3.6412,3.6412,0,,,
W1NNR-580,W1NNR,Tarefa,7,7,0,0,0,1,0,0,3,Nao,0.5,Sim,2025-02-23 22:47:52,2025-04-02 13:00:28,37.5921,Lorraine Caribe,2025-04-02 13:00:28,Backlog > In Progress > Ready To Staging > Staging > QA Approved > Ready for Production > Done,0,1,1.8005,1.8005,1.8005,0,,,
W1NNR-581,W1NNR,Tarefa,7,7,0,0,0,1,0,0,3,Nao,0.5,Sim,2025-02-23 22:49:03,2025-04-02 13:00:28,37.5913,Lorraine Caribe,2025-04-02 13:00:28,Backlog > In Progress > Ready To Staging > Staging > QA Approved > Ready for Production > Done,0,1,0.8422,0.8422,0.8422,0,,,
W1NNR-582,W1NNR,Tarefa,7,7,0,0,0,1,0,0,3,Nao,0.5,Sim,2025-02-23 22:49:37,2025-04-02 13:00:28,37.5909,Lorraine Caribe,2025-04-02 13:00:28,Backlog > In Progress > Ready To Staging > Staging > QA Approved > Ready for Production > Done,0,1,1.8397,1.8397,1.8397,0,,,
W1NNR-583,W1NNR,Tarefa,7,7,0,0,0,1,0,0,3,Nao,0.5,Sim,2025-02-23 22:50:22,2025-04-02 13:00:28,37.5904,Lorraine Caribe,2025-04-02 13:00:28,Backlog > In Progress > Ready To Staging > Staging > QA Approved > Ready for Production > Done,0,1,0.8421,0.8421,0.8421,0,,,
W1NNR-584,W1NNR,Tarefa,7,7,0,0,0,1,0,0,3,Nao,0.5,Sim,2025-02-23 22:50:54,2025-04-02 13:01:44,37.5909,Lorraine Caribe,2025-04-02 13:01:44,Backlog > In Progress > Ready To Staging > Staging > QA Approved > Ready for Production > Done,0,1,0.969,0.969,0.969,0,,,
W1NNR-585,W1NNR,Tarefa,7,7,0,0,0,1,0,0,3,Nao,0.5,Sim,2025-02-23 22:52:18,2025-04-02 13:01:19,37.5896,Lorraine Caribe,2025-04-02 13:01:19,Backlog > In Progress > Ready To Staging > Staging > QA Approved > Ready for Production > Done,0,1,14.9771,14.9771,14.9771,0,,,
W1NNR-586,W1NNR,Tarefa,7,7,0,0,0,1,0,0,3,Nao,0.5,Sim,2025-02-23 22:52:57,2025-04-02 13:01:13,37.5891,Lorraine Caribe,2025-04-02 13:01:13,Backlog > In Progress > Ready To Staging > Staging > QA Approved > Ready for Production > Done,0,1,12.881,12.881,12.881,0,,,
W1NNR-587,W1NNR,Tarefa,7,7,0,0,0,1,0,0,3,Nao,0.5,Sim,2025-02-23 22:53:34,2025-04-02 13:01:42,37.589,Lorraine Caribe,2025-04-02 13:01:42,Backlog > In Progress > Ready To Staging > Staging > QA Approved > Ready for Production > Done,0,1,1.1298,1.1298,1.1298,0,,,
W1NNR-588,W1NNR,Tarefa,7,7,0,0,0,1,0,0,3,Nao,0.5,Sim,2025-02-23 22:54:22,2025-04-02 13:01:09,37.588,Lorraine Caribe,2025-04-02 13:01:09,Backlog > In Progress > Ready To Staging > Staging > QA Approved > Ready for Production > Done,0,1,14.1119,14.1119,14.1119,0,,,
W1NNR-589,W1NNR,Tarefa,7,7,0,0,0,1,0,0,3,Nao,0.5,Sim,2025-02-23 22:54:54,2025-04-02 13:00:45,37.5874,Lorraine Caribe,2025-04-02 13:00:45,Backlog > In Progress > Ready To Staging > Staging > QA Approved > Ready for Production > Done,0,1,16.1282,16.1282,16.1282,0,,,
W1NNR-590,W1NNR,Tarefa,7,7,0,0,0,1,0,0,3,Nao,0.5,Sim,2025-02-23 22:55:40,2025-04-02 13:00:45,37.5869,Lorraine Caribe,2025-04-02 13:00:45,Backlog > In Progress > Ready To Staging > Staging > QA Approved > Ready for Production > Done,0,1,12.6824,12.6824,12.6824,0,,,
W1NNR-591,W1NNR,Tarefa,7,7,0,0,0,1,0,0,3,Nao,0.5,Sim,2025-02-23 22:56:26,2025-04-02 13:00:46,37.5863,Lorraine Caribe,2025-04-02 13:00:46,Backlog > In Progress > Ready To Staging > Staging > QA Approved > Ready for Production > Done,0,1,10.71,10.71,10.71,0,,,
W1NNR-592,W1NNR,Tarefa,7,7,0,0,0,1,0,0,3,Nao,0.5,Sim,2025-02-23 22:56:54,2025-04-02 13:00:46,37.586,Lorraine Caribe,2025-04-02 13:00:46,Backlog > In Progress > Ready To Staging > Staging > QA Approved > Ready for Production > Done,0,1,11.6708,11.6708,11.6708,0,,,
W1NNR-593,W1NNR,Tarefa,7,7,0,0,0,1,0,0,3,Nao,0.5,Sim,2025-02-23 22:57:33,2025-04-02 13:00:46,37.5856,Lorraine Caribe,2025-04-02 13:00:46,Backlog > In Progress > Ready To Staging > Staging > QA Approved > Ready for Production > Done,0,1,4.7142,4.7142,4.7142,0,,,
W1NNR-594,W1NNR,Tarefa,7,7,0,0,0,1,0,0,3,Nao,0.5,Sim,2025-02-23 23:19:23,2025-04-02 13:00:46,37.5704,Lorraine Caribe,2025-04-02 13:00:46,Backlog > In Progress > Ready To Staging > Staging > QA Approved > Ready for Production > Done,0,1,13.9053,13.9053,13.9053,0,,,
W1NNR-634,W1NNR,Tarefa,2,2,0,0,0,0,0,0,1,Nao,0.5,Sim,2025-06-27 19:38:34,2026-02-18 15:42:53,235.8363,Lara Junqueira Alvarenga,2026-02-18 15:42:53,Cancelled > Done,0,0,,,,0,,,
W1NNR-636,W1NNR,Tarefa,2,2,0,0,0,0,0,0,1,Nao,0.5,Sim,2025-06-27 19:38:40,2026-02-18 15:42:53,235.8363,Lara Junqueira Alvarenga,2026-02-18 15:42:53,Cancelled > Done,0,0,,,,0,,,
W1NNR-713,W1NNR,Tarefa,7,7,0,0,0,1,0,0,3,Nao,0.5,Sim,2025-03-19 13:32:30,2025-04-02 13:01:23,13.9784,Lorraine Caribe,2025-04-02 13:01:23,Backlog > In Progress > Ready To Staging > Staging > QA Approved > Ready for Production > Done,0,1,0.0723,0.0723,0.0723,0,,,
W1NNR-716,W1NNR,Tarefa,7,7,0,0,0,1,0,0,3,Nao,0.5,Sim,2025-03-19 13:34:55,2025-04-02 13:01:27,13.9768,Lorraine Caribe,2025-04-02 13:01:27,Backlog > In Progress > Ready To Staging > Staging > QA Approved > Ready for Production > Done,0,1,0.0568,0.0568,0.0568,0,,,
W1NNR-717,W1NNR,Tarefa,7,7,0,0,0,1,0,0,3,Nao,0.5,Sim,2025-03-19 13:40:17,2025-04-02 13:01:29,13.9731,Lorraine Caribe,2025-04-02 13:01:29,Backlog > In Progress > Ready To Staging > Staging > QA Approved > Ready for Production > Done,0,1,0.0015,0.0015,0.0015,0,,,
W1NNR-720,W1NNR,Problema,4,4,0,0,0,0,0,0,2,Nao,0.5,Sim,2025-03-19 13:37:28,2025-03-25 15:24:33,6.0744,Thaís Cabral,2025-03-25 15:24:33,in analytics > In Development > Ready for Production > Done,0,1,0.2235,0.2235,0.2235,0,,,
W1NNR-827,W1NNR,Problema,4,4,0,0,0,0,0,0,2,Nao,0.5,Sim,2025-04-09 20:19:32,2025-04-25 22:10:05,16.0768,Thaís Cabral,2025-04-25 22:10:05,in analytics > In Development > Ready for Production > Done,0,1,4.3149,4.3149,4.3149,0,,,
W1NNR-842,W1NNR,Problema,6,6,0,0,0,0,0,0,3,Nao,0.5,Sim,2025-04-16 14:05:41,2025-06-02 19:18:52,47.2175,Thaís Cabral,2025-06-02 19:18:52,in analytics > In Development > Staging > QA Approved Staging > Ready for Production > Done,0,1,0.0048,0.0048,0.0048,0,,,
W1NNR-887,W1NNR,Problema,2,2,0,0,0,0,0,0,1,Nao,0.5,Sim,2025-05-12 12:58:54,2026-02-18 15:42:58,282.1139,Lara Junqueira Alvarenga,2026-02-18 15:42:58,Cancelled > Done,0,0,,,,0,,,
W1NNR-895,W1NNR,Problema,6,6,0,0,0,0,0,0,3,Nao,0.5,Sim,2025-05-06 14:02:50,2025-05-15 19:23:51,9.2229,Thaís Cabral,2025-05-15 19:23:51,in analytics > In Development > Staging > QA Approved Staging > Ready for Production > Done,0,1,0.1366,0.1366,0.1366,0,,,
W1NNR-906,W1NNR,Tarefa,2,2,0,0,0,0,0,0,1,Nao,0.5,Sim,2025-05-30 14:25:23,2026-02-18 15:42:53,264.0538,Lara Junqueira Alvarenga,2026-02-18 15:42:53,Cancelled > Done,0,0,,,,0,,,
W1NNR-922,W1NNR,Tarefa,4,4,0,0,0,0,0,0,2,Nao,0.5,Sim,2025-05-14 12:59:26,2026-02-11 17:55:45,273.2058,Lara Junqueira Alvarenga,2026-02-11 17:55:45,In Progress > Ready to Homolog > Homolog > Done,0,1,0.3024,0.3024,0.3024,0,,,
W1NNR-956,W1NNR,Tarefa,2,2,0,0,0,0,0,0,1,Nao,0.5,Sim,2025-08-21 12:52:39,2026-02-18 15:42:53,181.1182,Lara Junqueira Alvarenga,2026-02-18 15:42:53,Cancelled > Done,0,0,,,,0,,,
W1NNR-991,W1NNR,Problema,6,6,0,0,0,0,0,0,3,Nao,0.5,Sim,2025-05-27 14:14:31,2025-06-02 19:21:07,6.2129,Lara Junqueira Alvarenga,2025-06-02 19:21:07,in analytics > In Development > In Validation > QA Approved Staging > Ready for Production > Done,0,1,0.9162,0.9162,0.9162,0,,,
W1NNR-1102,W1NNR,Tarefa,11,11,0,0,0,0,0,0,5,Nao,0.5455,Sim,2025-06-24 21:41:47,2025-07-11 03:09:07,16.2273,Lorraine Caribe,2025-07-11 03:09:07,in analytics > In Development > In Progress > Ready to Homolog > Homolog > QA Approved Hml > Ready To Staging > Staging > QA Approved Staging > Ready for Production > Done,0,1,5.8749,2.9375,2.9375,0,,,
W1NNR-921,W1NNR,Tarefa,11,11,0,0,0,0,0,0,5,Nao,0.5455,Sim,2025-05-15 18:11:31,2025-06-22 23:33:04,38.2233,Lorraine Caribe,2025-06-22 23:33:04,in analytics > Backlog > In Progress > Ready to Homolog > Homolog > QA Approved Hml > Ready To Staging > Staging > QA Approved Staging > Ready for Production > Done,0,1,8.5592,8.5592,8.5592,0,,,
W1NNR-1516,W1NNR,Tarefa,8,8,0,0,0,1,0,0,3,Nao,0.5625,Sim,2025-10-01 20:57:22,2025-10-17 12:44:38,15.6578,Lorraine Caribe,2025-10-17 12:44:38,In Progress > Ready to Homolog > Homolog > QA Approved Hml > Ready To Staging > Staging > QA Approved Staging > Done,0,1,0.8531,0.8531,0.8531,0,,,
W1NNR-1518,W1NNR,Tarefa,8,8,0,0,0,1,0,0,3,Nao,0.5625,Sim,2025-09-29 17:08:56,2025-10-16 19:19:38,17.0908,Lara Junqueira Alvarenga,2025-10-16 19:19:38,In Progress > Ready to Homolog > Homolog > QA Approved Hml > Ready To Staging > Staging > QA Approved Staging > Done,0,1,8.0979,8.0979,8.0979,0,,,
W1NNR-1550,W1NNR,Tarefa,8,8,0,0,0,1,0,0,3,Nao,0.5625,Sim,2025-10-03 19:11:46,2025-10-16 19:19:38,13.0055,Lara Junqueira Alvarenga,2025-10-16 19:19:38,In Progress > Ready to Homolog > Homolog > QA Approved Hml > Ready To Staging > Staging > QA Approved Staging > Done,0,1,4.0126,4.0126,4.0126,0,,,
W1NNR-1630,W1NNR,Tarefa,8,8,0,0,0,1,0,0,3,Nao,0.5625,Sim,2025-10-09 18:32:21,2025-10-16 19:19:38,7.0328,Lara Junqueira Alvarenga,2025-10-16 19:19:38,In Progress > Ready to Homolog > Homolog > QA Approved Hml > Ready To Staging > Staging > QA Approved Staging > Done,0,1,0.7584,0.7584,0.7584,0,,,
W1NNR-1633,W1NNR,Tarefa,8,8,0,0,0,1,0,0,3,Nao,0.5625,Sim,2025-10-14 12:35:04,2025-10-16 19:19:38,2.281,Lara Junqueira Alvarenga,2025-10-16 19:19:38,In Progress > Ready to Homolog > Homolog > QA Approved Hml > Ready To Staging > Staging > QA Approved Staging > Done,0,1,0.0,0.0,0.0,0,,,
W1NNR-1634,W1NNR,Tarefa,8,8,0,0,0,1,0,0,3,Nao,0.5625,Sim,2025-10-10 22:22:22,2025-10-16 19:19:39,5.8731,Lara Junqueira Alvarenga,2025-10-16 19:19:39,In Progress > Ready to Homolog > Homolog > QA Approved Hml > Ready To Staging > Staging > QA Approved Staging > Done,0,1,0.004,0.004,0.004,0,,,
W1NNR-1639,W1NNR,Tarefa,8,8,0,0,0,1,0,0,3,Nao,0.5625,Sim,2025-10-14 15:55:10,2025-10-16 19:19:39,2.142,Lara Junqueira Alvarenga,2025-10-16 19:19:39,In Progress > Ready to Homolog > Homolog > QA Approved Hml > Ready To Staging > Staging > QA Approved Staging > Done,0,1,0.0,0.0,0.0,0,,,
W1NNR-1641,W1NNR,Tarefa,8,8,0,0,0,1,0,0,3,Nao,0.5625,Sim,2025-10-21 19:00:35,2025-11-05 18:26:50,14.9766,Lorraine Caribe,2025-11-05 18:26:50,In Progress > Ready to Homolog > Homolog > QA Approved Hml > Ready To Staging > Staging > QA Approved Staging > Done,0,1,2.0802,2.0802,2.0802,0,,,
W1NNR-1653,W1NNR,Tarefa,8,8,0,0,0,1,0,0,3,Nao,0.5625,Sim,2025-10-23 19:09:20,2025-11-05 18:26:49,12.9705,Lorraine Caribe,2025-11-05 18:26:49,In Progress > Ready to Homolog > Homolog > QA Approved Hml > Ready To Staging > Staging > QA Approved Staging > Done,0,1,0.9492,0.9492,0.9492,0,,,
W1NNR-1654,W1NNR,Tarefa,8,8,0,0,0,1,0,0,3,Nao,0.5625,Sim,2025-10-23 21:06:31,2025-11-05 18:26:53,12.8891,Lorraine Caribe,2025-11-05 18:26:53,In Progress > Ready to Homolog > Homolog > QA Approved Hml > Ready To Staging > Staging > QA Approved Staging > Done,0,1,0.0001,0.0001,0.0001,0,,,
W1NNR-1655,W1NNR,Tarefa,8,8,0,0,0,1,0,0,3,Nao,0.5625,Sim,2025-10-21 19:01:11,2025-11-05 18:26:56,14.9762,Lorraine Caribe,2025-11-05 18:26:56,In Progress > Ready to Homolog > Homolog > QA Approved Hml > Ready To Staging > Staging > QA Approved Staging > Done,0,1,2.0806,2.0806,2.0806,0,,,
W1NNR-1656,W1NNR,Tarefa,8,8,0,0,0,1,0,0,3,Nao,0.5625,Sim,2025-10-23 21:07:11,2025-11-05 18:26:57,12.8887,Lorraine Caribe,2025-11-05 18:26:57,In Progress > Ready to Homolog > Homolog > QA Approved Hml > Ready To Staging > Staging > QA Approved Staging > Done,0,1,0.0,0.0,0.0,0,,,
W1NNR-1657,W1NNR,Tarefa,8,8,0,0,0,1,0,0,3,Nao,0.5625,Sim,2025-10-21 18:10:34,2025-11-05 18:26:58,15.0114,Lorraine Caribe,2025-11-05 18:26:58,In Progress > Ready to Homolog > Homolog > QA Approved Hml > Ready To Staging > Staging > QA Approved Staging > Done,0,1,1.7729,1.7729,1.7729,0,,,
W1NNR-1658,W1NNR,Tarefa,8,8,0,0,0,1,0,0,3,Nao,0.5625,Sim,2025-10-23 18:00:50,2025-11-05 18:26:52,13.0181,Lorraine Caribe,2025-11-05 18:26:52,In Progress > Ready to Homolog > Homolog > QA Approved Hml > Ready To Staging > Staging > QA Approved Staging > Done,0,1,0.0474,0.0474,0.0474,0,,,
W1NNR-1659,W1NNR,Tarefa,8,8,0,0,0,1,0,0,3,Nao,0.5625,Sim,2025-10-22 20:15:45,2025-11-05 18:26:59,13.9245,Lorraine Caribe,2025-11-05 18:26:59,In Progress > Ready to Homolog > Homolog > QA Approved Hml > Ready To Staging > Staging > QA Approved Staging > Done,0,1,0.8987,0.8987,0.8987,0,,,
W1NNR-1660,W1NNR,Tarefa,8,8,0,0,0,1,0,0,3,Nao,0.5625,Sim,2025-10-24 17:56:16,2025-11-05 18:26:51,12.0212,Lorraine Caribe,2025-11-05 18:26:51,In Progress > Ready to Homolog > Homolog > QA Approved Hml > Ready To Staging > Staging > QA Approved Staging > Done,0,1,3.0014,3.0014,3.0014,0,,,
W1NNR-1661,W1NNR,Tarefa,8,8,0,0,0,1,0,0,3,Nao,0.5625,Sim,2025-10-27 18:36:26,2025-11-05 18:27:00,8.9934,Lorraine Caribe,2025-11-05 18:27:00,In Progress > Ready to Homolog > Homolog > QA Approved Hml > Ready To Staging > Staging > QA Approved Staging > Done,0,1,2.0546,2.0546,2.0546,0,,,
W1NNR-1662,W1NNR,Tarefa,8,8,0,0,0,1,0,0,3,Nao,0.5625,Sim,2025-10-23 18:01:01,2025-11-05 18:27:01,13.0181,Lorraine Caribe,2025-11-05 18:27:01,In Progress > Ready to Homolog > Homolog > QA Approved Hml > Ready To Staging > Staging > QA Approved Staging > Done,0,1,6.0368,6.0368,6.0368,0,,,
W1NNR-1663,W1NNR,Tarefa,8,8,0,0,0,1,0,0,3,Nao,0.5625,Sim,2025-10-23 21:06:49,2025-11-05 18:26:54,12.8889,Lorraine Caribe,2025-11-05 18:26:54,In Progress > Ready to Homolog > Homolog > QA Approved Hml > Ready To Staging > Staging > QA Approved Staging > Done,0,1,0.0,0.0,0.0,0,,,
W1NNR-1675,W1NNR,Tarefa,8,8,0,0,0,1,0,0,3,Nao,0.5625,Sim,2025-10-14 21:08:34,2025-10-16 19:19:39,1.9244,Lara Junqueira Alvarenga,2025-10-16 19:19:39,In Progress > Ready to Homolog > Homolog > QA Approved Hml > Ready To Staging > Staging > QA Approved Staging > Done,0,1,0.0,0.0,0.0,0,,,
W1NNR-1676,W1NNR,Tarefa,8,8,0,0,0,1,0,0,3,Nao,0.5625,Sim,2025-10-14 21:17:24,2025-10-16 19:19:39,1.9182,Lara Junqueira Alvarenga,2025-10-16 19:19:39,In Progress > Ready to Homolog > Homolog > QA Approved Hml > Ready To Staging > Staging > QA Approved Staging > Done,0,1,0.0,0.0,0.0,0,,,
W1NNR-1707,W1NNR,Tarefa,8,8,0,0,0,1,0,0,3,Nao,0.5625,Sim,2025-10-27 18:36:56,2025-11-05 18:27:02,8.9931,Lorraine Caribe,2025-11-05 18:27:02,In Progress > Ready to Homolog > Homolog > QA Approved Hml > Ready To Staging > Staging > QA Approved Staging > Done,0,1,0.9308,0.9308,0.9308,0,,,
W1NNR-1738,W1NNR,Tarefa,8,8,0,0,0,1,0,0,3,Nao,0.5625,Sim,2025-10-30 14:32:06,2025-11-05 18:27:04,6.1632,Lorraine Caribe,2025-11-05 18:27:04,In Progress > Ready to Homolog > Homolog > QA Approved Hml > Ready To Staging > Staging > QA Approved Staging > Done,0,1,0.2357,0.2357,0.2357,0,,,
W1NNR-1740,W1NNR,Tarefa,8,8,0,0,0,1,0,0,3,Nao,0.5625,Sim,2025-10-30 19:40:06,2025-11-05 18:27:05,5.9493,Lorraine Caribe,2025-11-05 18:27:05,In Progress > Ready to Homolog > Homolog > QA Approved Hml > Ready To Staging > Staging > QA Approved Staging > Done,0,1,0.0578,0.0578,0.0578,0,,,
W1NNR-1743,W1NNR,Tarefa,8,8,0,0,0,1,0,0,3,Nao,0.5625,Sim,2025-11-03 19:02:36,2025-11-05 18:27:07,1.9754,Lorraine Caribe,2025-11-05 18:27:07,In Progress > Ready to Homolog > Homolog > QA Approved Hml > Ready To Staging > Staging > QA Approved Staging > Done,0,1,0.0001,0.0001,0.0001,0,,,
W1NNR-1761,W1NNR,Tarefa,8,8,0,0,0,1,0,0,3,Nao,0.5625,Sim,2025-11-05 13:40:20,2025-11-05 18:27:08,0.1992,Lorraine Caribe,2025-11-05 18:27:08,In Progress > Ready to Homolog > Homolog > QA Approved Hml > Ready To Staging > Staging > QA Approved Staging > Done,0,1,0.0034,0.0034,0.0034,0,,,
W1NNR-1082,W1NNR,Tarefa,7,7,0,0,0,0,0,0,3,Nao,0.5714,Sim,2025-06-21 00:19:37,2025-06-22 23:35:52,1.9696,Lorraine Caribe,2025-06-22 23:35:52,In Progress > Ready to Homolog > Homolog > QA Approved Hml > Ready To Staging > Staging > Done,0,1,0.038,0.038,0.038,0,,,
W1NNR-1924,W1NNR,Tarefa,6,6,0,0,0,1,0,0,2,Nao,0.5833,Sim,2025-12-19 18:17:54,2026-01-06 12:56:02,17.7765,Lorraine Caribe,2026-01-06 12:56:02,In Progress > Ready to Homolog > Homolog > QA Approved Hml > Ready To Staging > Done,0,1,6.9821,6.9821,6.9821,0,,,
W1NNR-1925,W1NNR,Tarefa,6,6,0,0,0,1,0,0,2,Nao,0.5833,Sim,2025-12-19 19:10:24,2026-01-06 12:56:04,17.7401,Lorraine Caribe,2026-01-06 12:56:04,In Progress > Ready to Homolog > Homolog > QA Approved Hml > Ready To Staging > Done,0,1,6.9456,6.9456,6.9456,0,,,
W1NNR-1926,W1NNR,Tarefa,6,6,0,0,0,1,0,0,2,Nao,0.5833,Sim,2025-12-22 14:49:21,2026-01-06 12:56:05,14.9214,Lorraine Caribe,2026-01-06 12:56:05,In Progress > Ready to Homolog > Homolog > QA Approved Hml > Ready To Staging > Done,0,1,4.283,4.283,4.283,0,,,
W1NNR-1927,W1NNR,Tarefa,6,6,0,0,0,1,0,0,2,Nao,0.5833,Sim,2025-12-23 19:14:29,2026-01-06 12:56:07,13.7372,Lorraine Caribe,2026-01-06 12:56:07,In Progress > Ready to Homolog > Homolog > QA Approved Hml > Ready To Staging > Done,0,1,2.9428,2.9428,2.9428,0,,,
W1NNR-242,W1NNR,Tarefa,6,6,0,0,0,1,0,0,2,Nao,0.5833,Sim,2025-01-20 14:05:04,2025-03-11 12:42:48,49.9429,Lorraine Caribe,2025-03-11 12:42:48,In Progress > Ready To Staging > Staging > QA Approved > Ready for Production > Done,0,1,14.1469,14.1469,14.1469,0,,,
W1NNR-243,W1NNR,Tarefa,6,6,0,0,0,1,0,0,2,Nao,0.5833,Sim,2025-01-28 22:11:07,2025-03-11 12:42:47,41.6053,Lorraine Caribe,2025-03-11 12:42:47,In Progress > Ready To Staging > Staging > QA Approved > Ready for Production > Done,0,1,5.8094,5.8094,5.8094,0,,,
W1NNR-244,W1NNR,Tarefa,6,6,0,0,0,1,0,0,2,Nao,0.5833,Sim,2025-01-28 22:11:10,2025-03-11 12:42:46,41.6053,Lorraine Caribe,2025-03-11 12:42:46,In Progress > Ready To Staging > Staging > QA Approved > Ready for Production > Done,0,1,5.8093,5.8093,5.8093,0,,,
W1NNR-41,W1NNR,Tarefa,6,6,0,0,0,1,0,0,2,Nao,0.5833,Sim,2024-07-04 19:04:36,2024-08-01 14:12:53,27.7974,Lorraine Caribe,2024-08-01 14:12:53,In Progress > Ready for Staging > Staging > In Staging > Ready for Production > Done,0,1,11.7543,11.7543,11.7543,0,,,
W1NNR-443,W1NNR,Tarefa,6,6,0,0,0,1,0,0,2,Nao,0.5833,Sim,2024-12-17 13:20:21,2025-03-11 12:42:44,83.9739,Lorraine Caribe,2025-03-11 12:42:44,In Progress > Ready To Staging > Staging > QA Approved > Ready for Production > Done,0,1,48.178,48.178,48.178,0,,,
W1NNR-444,W1NNR,Tarefa,6,6,0,0,0,1,0,0,2,Nao,0.5833,Sim,2024-12-13 13:27:17,2025-03-11 12:42:42,87.969,Lorraine Caribe,2025-03-11 12:42:42,In Progress > Ready To Staging > Staging > QA Approved > Ready for Production > Done,0,1,52.1732,52.1732,52.1732,0,,,
W1NNR-445,W1NNR,Tarefa,6,6,0,0,0,1,0,0,2,Nao,0.5833,Sim,2024-12-17 13:20:23,2025-03-11 12:42:40,83.9738,Lorraine Caribe,2025-03-11 12:42:40,In Progress > Ready To Staging > Staging > QA Approved > Ready for Production > Done,0,1,48.178,48.178,48.178,0,,,
W1NNR-446,W1NNR,Tarefa,6,6,0,0,0,1,0,0,2,Nao,0.5833,Sim,2024-12-05 13:09:09,2025-03-11 12:42:39,95.9816,Lorraine Caribe,2025-03-11 12:42:39,In Progress > Ready To Staging > Staging > QA Approved > Ready for Production > Done,0,1,60.1858,60.1858,60.1858,0,,,
W1NNR-48,W1NNR,Tarefa,6,6,0,0,0,1,0,0,2,Nao,0.5833,Sim,2024-06-25 13:41:39,2024-08-01 14:12:53,37.0217,Lorraine Caribe,2024-08-01 14:12:53,In Progress > Ready for Staging > Staging > In Staging > Ready for Production > Done,0,1,20.9786,20.9786,20.9786,0,,,
W1NNR-49,W1NNR,Tarefa,6,6,0,0,0,1,0,0,2,Nao,0.5833,Sim,2024-07-16 13:11:04,2024-08-01 14:12:51,16.0429,Lorraine Caribe,2024-08-01 14:12:51,In Progress > Ready for Staging > Staging > In Staging > Ready for Production > Done,0,1,0.2971,0.2971,0.2971,0,,,
W1NNR-50,W1NNR,Tarefa,6,6,0,0,0,1,0,0,2,Nao,0.5833,Sim,2024-06-25 13:41:23,2024-08-01 14:12:52,37.0219,Lorraine Caribe,2024-08-01 14:12:52,In Progress > Ready for Staging > Staging > In Staging > Ready for Production > Done,0,1,20.9787,20.9787,20.9787,0,,,
W1NNR-568,W1NNR,Tarefa,6,6,0,0,0,1,0,0,2,Nao,0.5833,Sim,2025-01-30 13:55:29,2025-04-02 12:59:48,61.9613,Lorraine Caribe,2025-04-02 12:59:48,In Progress > Ready To Staging > Staging > QA Approved > Ready for Production > Done,0,1,14.1965,14.1965,14.1965,0,,,
W1NNR-569,W1NNR,Tarefa,6,6,0,0,0,1,0,0,2,Nao,0.5833,Sim,2025-02-03 20:29:35,2025-04-02 12:59:42,57.6876,Lorraine Caribe,2025-04-02 12:59:42,In Progress > Ready To Staging > Staging > QA Approved > Ready for Production > Done,0,1,4.0242,4.0242,4.0242,0,,,
W1NNR-570,W1NNR,Tarefa,6,6,0,0,0,1,0,0,2,Nao,0.5833,Sim,2025-02-07 21:06:11,2025-04-02 12:59:44,53.6622,Lorraine Caribe,2025-04-02 12:59:44,In Progress > Ready To Staging > Staging > QA Approved > Ready for Production > Done,0,1,5.7228,5.7228,5.7228,0,,,
W1NNR-571,W1NNR,Tarefa,6,6,0,0,0,1,0,0,2,Nao,0.5833,Sim,2025-01-27 17:16:33,2025-04-02 12:59:46,64.8217,Lorraine Caribe,2025-04-02 12:59:46,In Progress > Ready To Staging > Staging > QA Approved > Ready for Production > Done,0,1,2.8603,2.8603,2.8603,0,,,
W1NNR-572,W1NNR,Tarefa,6,6,0,0,0,1,0,0,2,Nao,0.5833,Sim,2025-02-17 20:53:21,2025-04-02 13:00:28,43.6716,Lorraine Caribe,2025-04-02 13:00:28,In Progress > Ready To Staging > Staging > QA Approved > Ready for Production > Done,0,1,0.9745,0.9745,0.9745,0,,,
W1NNR-573,W1NNR,Tarefa,6,6,0,0,0,1,0,0,2,Nao,0.5833,Sim,2025-02-06 22:03:10,2025-04-02 13:01:45,54.624,Lorraine Caribe,2025-04-02 13:01:45,In Progress > Ready To Staging > Staging > QA Approved > Ready for Production > Done,0,1,6.8795,6.8795,6.8795,0,,,
W1NNR-58,W1NNR,Tarefa,6,6,0,0,0,1,0,0,2,Nao,0.5833,Sim,2024-07-19 13:23:55,2024-08-01 14:12:25,13.0337,Lorraine Caribe,2024-08-01 14:12:25,In Progress > Ready for Staging > Staging > In Staging > Ready for Production > Done,0,1,0.0,0.0,0.0,0,,,
W1NNR-59,W1NNR,Tarefa,6,6,0,0,0,1,0,0,2,Nao,0.5833,Sim,2024-07-02 17:54:06,2024-08-01 14:12:52,29.8464,Lorraine Caribe,2024-08-01 14:12:52,In Progress > Ready for Staging > Staging > In Staging > Ready for Production > Done,0,1,13.8033,13.8033,13.8033,0,,,
W1NNR-595,W1NNR,Tarefa,6,6,0,0,0,1,0,0,2,Nao,0.5833,Sim,2025-02-13 18:38:53,2025-04-02 12:59:50,47.7645,Lorraine Caribe,2025-04-02 12:59:50,In Progress > Ready To Staging > Staging > QA Approved > Ready for Production > Done,0,1,12.0095,12.0095,12.0095,0,,,
W1NNR-597,W1NNR,Tarefa,6,6,0,0,0,1,0,0,2,Nao,0.5833,Sim,2025-02-21 20:25:54,2025-04-02 13:00:05,39.6904,Lorraine Caribe,2025-04-02 13:00:05,In Progress > Ready To Staging > Staging > QA Approved > Ready for Production > Done,0,1,5.7738,5.7738,5.7738,0,,,
W1NNR-598,W1NNR,Tarefa,6,6,0,0,0,1,0,0,2,Nao,0.5833,Sim,2025-02-21 20:28:27,2025-04-02 13:00:06,39.6886,Lorraine Caribe,2025-04-02 13:00:06,In Progress > Ready To Staging > Staging > QA Approved > Ready for Production > Done,0,1,5.7614,5.7614,5.7614,0,,,
W1NNR-600,W1NNR,Tarefa,6,6,0,0,0,1,0,0,2,Nao,0.5833,Sim,2025-02-21 20:27:46,2025-04-02 13:00:06,39.6891,Lorraine Caribe,2025-04-02 13:00:06,In Progress > Ready To Staging > Staging > QA Approved > Ready for Production > Done,0,1,5.7724,5.7724,5.7724,0,,,
W1NNR-601,W1NNR,Tarefa,6,6,0,0,0,1,0,0,2,Nao,0.5833,Sim,2025-02-21 20:33:40,2025-04-02 13:01:38,39.6861,Lorraine Caribe,2025-04-02 13:01:38,In Progress > Ready To Staging > Staging > QA Approved > Ready for Production > Done,0,1,5.7683,5.7683,5.7683,0,,,
W1NNR-602,W1NNR,Tarefa,6,6,0,0,0,1,0,0,2,Nao,0.5833,Sim,2025-02-21 20:42:02,2025-04-02 13:01:39,39.6803,Lorraine Caribe,2025-04-02 13:01:39,In Progress > Ready To Staging > Staging > QA Approved > Ready for Production > Done,0,1,5.7624,5.7624,5.7624,0,,,
W1NNR-603,W1NNR,Tarefa,6,6,0,0,0,1,0,0,2,Nao,0.5833,Sim,2025-02-21 20:42:09,2025-04-02 13:01:41,39.6802,Lorraine Caribe,2025-04-02 13:01:41,In Progress > Ready To Staging > Staging > QA Approved > Ready for Production > Done,0,1,5.7623,5.7623,5.7623,0,,,
W1NNR-604,W1NNR,Tarefa,6,6,0,0,0,1,0,0,2,Nao,0.5833,Sim,2025-02-21 20:42:11,2025-04-02 13:00:26,39.6793,Lorraine Caribe,2025-04-02 13:00:26,In Progress > Ready To Staging > Staging > QA Approved > Ready for Production > Done,0,1,7.0478,7.0478,7.0478,0,,,
W1NNR-606,W1NNR,Tarefa,6,6,0,0,0,1,0,0,2,Nao,0.5833,Sim,2025-02-13 19:10:09,2025-04-02 13:01:46,47.7442,Lorraine Caribe,2025-04-02 13:01:46,In Progress > Ready To Staging > Staging > QA Approved > Ready for Production > Done,0,1,25.7616,25.7616,25.7616,0,,,
W1NNR-611,W1NNR,Tarefa,6,6,0,0,0,1,0,0,2,Nao,0.5833,Sim,2025-02-25 20:43:25,2025-04-02 13:00:47,35.6787,Lorraine Caribe,2025-04-02 13:00:47,In Progress > Ready To Staging > Staging > QA Approved > Ready for Production > Done,0,1,0.9125,0.9125,0.9125,0,,,
W1NNR-612,W1NNR,Tarefa,6,6,0,0,0,1,0,0,2,Nao,0.5833,Sim,2025-02-26 14:31:54,2025-03-11 12:42:34,12.9241,Lorraine Caribe,2025-03-11 12:42:34,In Progress > Ready To Staging > Staging > QA Approved > Ready for Production > Done,0,1,1.0279,1.0279,1.0279,0,,,
W1NNR-621,W1NNR,Tarefa,6,6,0,0,0,1,0,0,2,Nao,0.5833,Sim,2025-03-14 18:56:47,2025-04-14 13:30:03,30.7731,Thaís Cabral,2025-04-14 13:30:03,In Progress > Ready To Staging > Staging > QA Approved > Ready for Production > Done,0,1,5.9514,5.9514,5.9514,0,,,
W1NNR-622,W1NNR,Tarefa,6,6,0,0,0,1,0,0,2,Nao,0.5833,Sim,2025-03-17 19:32:00,2025-04-14 13:33:52,27.7513,Thaís Cabral,2025-04-14 13:33:52,In Progress > Ready To Staging > Staging > QA Approved > Ready for Production > Done,0,1,2.9269,2.9269,2.9269,0,,,
W1NNR-623,W1NNR,Tarefa,6,6,0,0,0,1,0,0,2,Nao,0.5833,Sim,2025-03-19 13:45:03,2025-04-14 13:34:14,25.9925,Thaís Cabral,2025-04-14 13:34:14,In Progress > Ready To Staging > Staging > QA Approved > Ready for Production > Done,0,1,1.1678,1.1678,1.1678,0,,,
W1NNR-626,W1NNR,Tarefa,6,6,0,0,0,1,0,0,2,Nao,0.5833,Sim,2025-03-21 20:50:51,2025-04-14 13:38:35,23.6998,Thaís Cabral,2025-04-14 13:38:35,In Progress > Ready To Staging > Staging > QA Approved > Ready for Production > Done,0,1,0.0,0.0,0.0,0,,,
W1NNR-63,W1NNR,Tarefa,6,6,0,0,0,1,0,0,2,Nao,0.5833,Sim,2024-07-09 17:26:33,2024-08-01 14:12:52,22.8655,Lorraine Caribe,2024-08-01 14:12:52,In Progress > Ready for Staging > Staging > In Staging > Ready for Production > Done,0,1,6.8225,6.8225,6.8225,0,,,
W1NNR-631,W1NNR,Tarefa,6,6,0,0,0,1,0,0,2,Nao,0.5833,Sim,2025-03-21 20:51:15,2025-04-14 13:38:44,23.6996,Thaís Cabral,2025-04-14 13:38:44,In Progress > Ready To Staging > Staging > QA Approved > Ready for Production > Done,0,1,0.0,0.0,0.0,0,,,
W1NNR-632,W1NNR,Tarefa,6,6,0,0,0,1,0,0,2,Nao,0.5833,Sim,2025-03-21 20:51:20,2025-04-10 13:03:40,19.6752,Thaís Cabral,2025-04-10 13:03:40,In Progress > Ready To Staging > Staging > QA Approved > Ready for Production > Done,0,1,0.0001,0.0001,0.0001,0,,,
W1NNR-633,W1NNR,Tarefa,6,6,0,0,0,1,0,0,2,Nao,0.5833,Sim,2025-03-21 20:51:30,2025-04-14 13:40:10,23.7005,Thaís Cabral,2025-04-14 13:40:10,In Progress > Ready To Staging > Staging > QA Approved > Ready for Production > Done,0,1,0.0001,0.0001,0.0001,0,,,
W1NNR-66,W1NNR,Tarefa,6,6,0,0,0,1,0,0,2,Nao,0.5833,Sim,2024-07-16 13:22:11,2024-08-01 14:12:30,16.0349,Lorraine Caribe,2024-08-01 14:12:30,In Progress > Ready for Staging > Staging > In Staging > Ready for Production > Done,0,1,0.2894,0.2894,0.2894,0,,,
W1NNR-672,W1NNR,Tarefa,6,6,0,0,0,1,0,0,2,Nao,0.5833,Sim,2025-03-11 18:55:05,2025-04-02 13:00:47,21.754,Lorraine Caribe,2025-04-02 13:00:47,In Progress > Ready To Staging > Staging > QA Approved > Ready for Production > Done,0,1,0.8114,0.8114,0.8114,0,,,
W1NNR-686,W1NNR,Tarefa,6,6,0,0,0,1,0,0,2,Nao,0.5833,Sim,2025-03-13 13:40:16,2025-04-02 13:00:47,19.9726,Lorraine Caribe,2025-04-02 13:00:47,In Progress > Ready To Staging > Staging > QA Approved > Ready for Production > Done,0,1,0.0016,0.0016,0.0016,0,,,
W1NNR-687,W1NNR,Tarefa,6,6,0,0,0,1,0,0,2,Nao,0.5833,Sim,2025-03-13 13:41:49,2025-04-02 13:00:47,19.9715,Lorraine Caribe,2025-04-02 13:00:47,In Progress > Ready To Staging > Staging > QA Approved > Ready for Production > Done,0,1,0.0174,0.0174,0.0174,0,,,
W1NNR-699,W1NNR,Tarefa,6,6,0,0,0,1,0,0,2,Nao,0.5833,Sim,2025-03-14 13:56:52,2025-04-02 13:01:07,18.9613,Lorraine Caribe,2025-04-02 13:01:07,In Progress > Ready To Staging > Staging > QA Approved > Ready for Production > Done,0,1,0.1908,0.1908,0.1908,0,,,
W1NNR-702,W1NNR,Tarefa,6,6,0,0,0,1,0,0,2,Nao,0.5833,Sim,2025-03-17 20:48:17,2025-04-02 13:01:11,15.6756,Lorraine Caribe,2025-04-02 13:01:11,In Progress > Ready To Staging > Staging > QA Approved > Ready for Production > Done,0,1,0.0009,0.0009,0.0009,0,,,
W1NNR-704,W1NNR,Tarefa,6,6,0,0,0,1,0,0,2,Nao,0.5833,Sim,2025-03-17 21:08:02,2025-04-02 13:01:14,15.662,Lorraine Caribe,2025-04-02 13:01:14,In Progress > Ready To Staging > Staging > QA Approved > Ready for Production > Done,0,1,0.6526,0.6526,0.6526,0,,,
W1NNR-747,W1NNR,Tarefa,6,6,0,0,0,1,0,0,2,Nao,0.5833,Sim,2025-03-25 13:57:40,2025-04-10 13:04:14,15.9629,Thaís Cabral,2025-04-10 13:04:14,In Progress > Ready To Staging > Staging > QA Approved > Ready for Production > Done,0,1,0.9403,0.9403,0.9403,0,,,
W1NNR-802,W1NNR,Tarefa,6,6,0,0,0,1,0,0,2,Nao,0.5833,Sim,2025-04-02 15:15:20,2025-04-14 13:50:50,11.9413,Thaís Cabral,2025-04-14 13:50:50,In Progress > Ready To Staging > Staging > QA Approved > Ready for Production > Done,0,1,0.0528,0.0528,0.0528,0,,,
W1NNR-1040,W1NNR,Tarefa,10,10,0,0,0,0,0,0,4,Nao,0.6,Sim,2025-06-08 23:25:26,2025-06-22 23:35:09,14.0067,Lorraine Caribe,2025-06-22 23:35:09,Backlog > In Progress > Ready to Homolog > Homolog > QA Approved Hml > Ready To Staging > Staging > QA Approved Staging > Ready for Production > Done,0,1,0.0219,0.0219,0.0219,0,,,
W1NNR-1041,W1NNR,Tarefa,10,10,0,0,0,0,0,0,4,Nao,0.6,Sim,2025-06-08 23:26:25,2025-06-22 23:35:10,14.0061,Lorraine Caribe,2025-06-22 23:35:10,Backlog > In Progress > Ready to Homolog > Homolog > QA Approved Hml > Ready To Staging > Staging > QA Approved Staging > Ready for Production > Done,0,1,0.0248,0.0248,0.0248,0,,,
W1NNR-1071,W1NNR,Tarefa,10,10,0,0,0,0,0,0,4,Nao,0.6,Sim,2025-06-20 12:51:02,2025-06-22 23:35:04,2.4472,Lorraine Caribe,2025-06-22 23:35:04,Backlog > In Progress > Ready to Homolog > Homolog > QA Approved Hml > Ready To Staging > Staging > QA Approved Staging > Ready for Production > Done,0,1,0.0001,0.0001,0.0001,0,,,
W1NNR-1072,W1NNR,Tarefa,10,10,0,0,0,0,0,0,4,Nao,0.6,Sim,2025-06-20 12:51:43,2025-06-22 23:34:57,2.4467,Lorraine Caribe,2025-06-22 23:34:57,Backlog > In Progress > Ready to Homolog > Homolog > QA Approved Hml > Ready To Staging > Staging > QA Approved Staging > Ready for Production > Done,0,1,0.0007,0.0007,0.0007,0,,,
W1NNR-1074,W1NNR,Tarefa,10,10,0,0,0,0,0,0,4,Nao,0.6,Sim,2025-06-20 12:52:25,2025-06-22 23:34:55,2.4462,Lorraine Caribe,2025-06-22 23:34:55,Backlog > In Progress > Ready to Homolog > Homolog > QA Approved Hml > Ready To Staging > Staging > QA Approved Staging > Ready for Production > Done,0,1,0.0264,0.0264,0.0264,0,,,
W1NNR-1111,W1NNR,Tarefa,10,10,0,0,0,0,0,0,4,Nao,0.6,Sim,2025-06-26 22:28:41,2025-09-03 14:26:20,68.665,Lara Junqueira Alvarenga,2025-09-03 14:26:20,Backlog > In Progress > Ready to Homolog > Homolog > QA Approved Hml > Ready To Staging > Staging > QA Approved Staging > Ready for Production > Done,0,1,0.949,0.949,0.949,0,,,
W1NNR-1191,W1NNR,Tarefa,10,10,0,0,0,0,0,0,4,Nao,0.6,Sim,2025-07-14 13:56:14,2025-07-21 14:50:49,7.0379,Lara Junqueira Alvarenga,2025-07-21 14:50:49,Backlog > In Progress > Ready to Homolog > Homolog > QA Approved Hml > Ready To Staging > Staging > QA Approved Staging > Ready for Production > Done,0,1,0.0001,0.0001,0.0001,0,,,
W1NNR-1406,W1NNR,Problema,5,5,0,0,0,0,0,0,2,Nao,0.6,Sim,2025-09-02 17:55:22,2025-09-03 14:31:46,0.8586,Lara Junqueira Alvarenga,2025-09-03 14:31:46,In Development > Staging > QA Approved Staging > Ready for Production > Done,0,1,0.1098,0.1098,0.1098,0,,,
W1NNR-45,W1NNR,Tarefa,5,5,0,0,0,0,0,0,2,Nao,0.6,Sim,2024-06-12 17:00:58,2024-06-25 13:38:01,12.8591,Igor Rezende,2024-06-25 13:38:01,In Progress > Staging > Ready for Production > Production > Done,0,1,0.004,0.004,0.004,0,,,
W1NNR-649,W1NNR,Tarefa,5,5,0,0,0,0,0,0,2,Nao,0.6,Sim,2025-03-05 18:07:52,2025-03-10 18:23:43,5.011,Thaís Cabral,2025-03-10 18:23:43,In Progress > Staging > QA Approved > Ready for Production > Done,0,1,0.0537,0.0537,0.0537,0,,,
W1NNR-711,W1NNR,Tarefa,5,5,0,0,0,2,0,0,1,Nao,0.6,Sim,2025-03-19 13:27:55,2025-04-02 13:01:17,13.9815,Lorraine Caribe,2025-04-02 13:01:17,Backlog > In Progress > Ready To Staging > Ready for Production > Done,0,1,0.0243,0.0243,0.0243,0,,,
W1NNR-712,W1NNR,Tarefa,5,5,0,0,0,2,0,0,1,Nao,0.6,Sim,2025-03-19 13:31:45,2025-04-02 13:01:21,13.9789,Lorraine Caribe,2025-04-02 13:01:21,Backlog > In Progress > Ready To Staging > Ready for Production > Done,0,1,0.154,0.154,0.154,0,,,
W1NNR-714,W1NNR,Tarefa,5,5,0,0,0,2,0,0,1,Nao,0.6,Sim,2025-03-19 13:33:11,2025-04-02 13:01:24,13.9779,Lorraine Caribe,2025-04-02 13:01:24,Backlog > In Progress > Ready To Staging > Ready for Production > Done,0,1,0.1003,0.1003,0.1003,0,,,
W1NNR-749,W1NNR,Tarefa,5,5,0,0,0,0,0,0,2,Nao,0.6,Sim,2025-03-25 14:37:11,2025-04-14 14:51:04,20.0096,Thaís Cabral,2025-04-14 14:51:04,Ready To Staging > Staging > QA Approved > Ready for Production > Done,0,0,,,,0,,,
W1NNR-867,W1NNR,Tarefa,10,10,0,0,0,0,0,0,4,Nao,0.6,Sim,2025-05-16 18:13:06,2025-06-22 23:33:07,37.2222,Lorraine Caribe,2025-06-22 23:33:07,Backlog > In Progress > Ready to Homolog > Homolog > QA Approved Hml > Ready To Staging > Staging > QA Approved Staging > Ready for Production > Done,0,1,8.5591,8.5591,8.5591,0,,,
W1NNR-869,W1NNR,Tarefa,10,10,0,0,0,0,0,0,4,Nao,0.6,Sim,2025-05-16 18:11:48,2025-06-22 23:35:19,37.2247,Lorraine Caribe,2025-06-22 23:35:19,Backlog > In Progress > Ready to Homolog > Homolog > QA Approved Hml > Ready To Staging > Staging > QA Approved Staging > Ready for Production > Done,0,1,8.5591,8.5591,8.5591,0,,,
W1NNR-255,W1NNR,Problema,4,4,0,0,0,1,0,0,1,Nao,0.625,Sim,2024-09-16 22:29:23,2024-09-24 11:37:38,7.5474,Lara Junqueira Alvarenga,2024-09-24 11:37:38,In Validation > In Staging > Ready for Production > Done,0,0,,,,0,,,
W1NNR-1003,W1NNR,Tarefa,9,9,0,0,0,0,0,0,3,Nao,0.6667,Sim,2025-06-03 20:22:35,2025-06-04 00:58:00,0.1913,Lorraine Caribe,2025-06-04 00:58:00,In Progress > Ready to Homolog > Homolog > QA Approved Hml > Ready To Staging > Staging > QA Approved Staging > Ready for Production > Done,0,1,0.0,0.0,0.0,0,,,
W1NNR-1007,W1NNR,Problema,3,3,0,0,0,0,0,0,1,Nao,0.6667,Sim,2025-06-04 13:46:27,2025-06-06 15:00:45,2.0516,Thaís Cabral,2025-06-06 15:00:45,in analytics > Ready for Production > Done,0,0,,,,0,,,
W1NNR-1014,W1NNR,Tarefa,9,9,0,0,0,0,0,0,3,Nao,0.6667,Sim,2025-06-04 23:27:36,2025-06-22 23:35:16,18.0053,Lorraine Caribe,2025-06-22 23:35:16,In Progress > Ready to Homolog > Homolog > QA Approved Hml > Ready To Staging > Staging > QA Approved Staging > Ready for Production > Done,0,1,0.0,0.0,0.0,0,,,
W1NNR-1015,W1NNR,Tarefa,9,9,0,0,0,0,0,0,3,Nao,0.6667,Sim,2025-06-04 23:39:47,2025-06-22 23:35:07,17.9968,Lorraine Caribe,2025-06-22 23:35:07,In Progress > Ready to Homolog > Homolog > QA Approved Hml > Ready To Staging > Staging > QA Approved Staging > Ready for Production > Done,0,1,0.0,0.0,0.0,0,,,
W1NNR-1018,W1NNR,Tarefa,9,9,0,0,0,0,0,0,3,Nao,0.6667,Sim,2025-06-09 17:51:45,2025-07-11 03:09:05,31.387,Lorraine Caribe,2025-07-11 03:09:05,In Progress > Ready to Homolog > Homolog > QA Approved Hml > Ready To Staging > Staging > QA Approved Staging > Ready for Production > Done,0,1,2.0319,2.0319,2.0319,0,,,
W1NNR-1019,W1NNR,Tarefa,9,9,0,0,0,0,0,0,3,Nao,0.6667,Sim,2025-06-11 12:39:00,2025-07-11 03:09:05,29.6042,Lorraine Caribe,2025-07-11 03:09:05,In Progress > Ready to Homolog > Homolog > QA Approved Hml > Ready To Staging > Staging > QA Approved Staging > Ready for Production > Done,0,1,9.2408,9.2408,9.2408,0,,,
W1NNR-1020,W1NNR,Tarefa,9,9,0,0,0,0,0,0,3,Nao,0.6667,Sim,2025-06-30 19:31:25,2025-08-07 12:38:27,37.7132,Thaís Cabral,2025-08-07 12:38:27,In Progress > Ready to Homolog > Homolog > QA Approved Hml > Ready To Staging > Staging > QA Approved Staging > Ready for Production > Done,0,1,4.1279,4.1279,4.1279,0,,,
W1NNR-1021,W1NNR,Tarefa,9,9,0,0,0,0,0,0,3,Nao,0.6667,Sim,2025-06-30 19:34:03,2025-08-07 12:38:28,37.7114,Thaís Cabral,2025-08-07 12:38:28,In Progress > Ready to Homolog > Homolog > QA Approved Hml > Ready To Staging > Staging > QA Approved Staging > Ready for Production > Done,0,1,17.7441,17.7441,17.7441,0,,,
W1NNR-1022,W1NNR,Tarefa,9,9,0,0,0,0,0,0,3,Nao,0.6667,Sim,2025-06-09 18:12:54,2025-07-11 03:09:05,31.3723,Lorraine Caribe,2025-07-11 03:09:05,In Progress > Ready to Homolog > Homolog > QA Approved Hml > Ready To Staging > Staging > QA Approved Staging > Ready for Production > Done,0,1,11.0086,11.0086,11.0086,0,,,
W1NNR-1023,W1NNR,Tarefa,9,9,0,0,0,0,0,0,3,Nao,0.6667,Sim,2025-07-01 21:27:28,2025-08-07 12:38:24,36.6326,Thaís Cabral,2025-08-07 12:38:24,In Progress > Ready to Homolog > Homolog > QA Approved Hml > Ready To Staging > Staging > QA Approved Staging > Ready for Production > Done,0,1,8.6368,8.6368,8.6368,0,,,
W1NNR-1024,W1NNR,Tarefa,9,9,0,0,0,0,0,0,3,Nao,0.6667,Sim,2025-07-07 19:19:05,2025-08-07 12:38:20,30.7217,Thaís Cabral,2025-08-07 12:38:20,In Progress > Ready to Homolog > Homolog > QA Approved Hml > Ready To Staging > Staging > QA Approved Staging > Ready for Production > Done,0,1,10.7546,10.7546,10.7546,0,,,
W1NNR-1025,W1NNR,Tarefa,9,9,0,0,0,0,0,0,3,Nao,0.6667,Sim,2025-06-26 18:55:00,2025-08-07 12:38:22,41.7385,Thaís Cabral,2025-08-07 12:38:22,In Progress > Ready to Homolog > Homolog > QA Approved Hml > Ready To Staging > Staging > QA Approved Staging > Ready for Production > Done,0,1,4.0267,4.0267,4.0267,0,,,
W1NNR-1026,W1NNR,Tarefa,9,9,0,0,0,0,0,0,3,Nao,0.6667,Sim,2025-06-13 14:20:57,2025-07-11 03:09:05,27.5334,Lorraine Caribe,2025-07-11 03:09:05,In Progress > Ready to Homolog > Homolog > QA Approved Hml > Ready To Staging > Staging > QA Approved Staging > Ready for Production > Done,0,1,7.1698,7.1698,7.1698,0,,,
W1NNR-1027,W1NNR,Tarefa,9,9,0,0,0,0,0,0,3,Nao,0.6667,Sim,2025-06-13 19:24:32,2025-07-11 03:09:06,27.3226,Lorraine Caribe,2025-07-11 03:09:06,In Progress > Ready to Homolog > Homolog > QA Approved Hml > Ready To Staging > Staging > QA Approved Staging > Ready for Production > Done,0,1,7.0549,7.0549,7.0549,0,,,
W1NNR-1028,W1NNR,Tarefa,9,9,0,0,0,0,0,0,3,Nao,0.6667,Sim,2025-07-02 20:07:13,2025-08-07 12:38:14,35.6882,Thaís Cabral,2025-08-07 12:38:14,In Progress > Ready to Homolog > Homolog > QA Approved Hml > Ready To Staging > Staging > QA Approved Staging > Ready for Production > Done,0,1,7.6926,7.6926,7.6926,0,,,
W1NNR-1029,W1NNR,Tarefa,9,9,0,0,0,0,0,0,3,Nao,0.6667,Sim,2025-06-26 21:05:40,2025-08-07 12:38:17,41.6476,Thaís Cabral,2025-08-07 12:38:17,In Progress > Ready to Homolog > Homolog > QA Approved Hml > Ready To Staging > Staging > QA Approved Staging > Ready for Production > Done,0,1,8.0625,8.0625,8.0625,0,,,
W1NNR-1030,W1NNR,Tarefa,9,9,0,0,0,0,0,0,3,Nao,0.6667,Sim,2025-06-23 20:37:47,2025-07-11 03:09:06,17.2717,Lorraine Caribe,2025-07-11 03:09:06,In Progress > Ready to Homolog > Homolog > QA Approved Hml > Ready To Staging > Staging > QA Approved Staging > Ready for Production > Done,0,1,6.9553,6.9553,6.9553,0,,,
W1NNR-1032,W1NNR,Tarefa,9,9,0,0,0,0,0,0,3,Nao,0.6667,Sim,2025-06-16 19:55:22,2025-07-11 03:09:06,24.3012,Lorraine Caribe,2025-07-11 03:09:06,In Progress > Ready to Homolog > Homolog > QA Approved Hml > Ready To Staging > Staging > QA Approved Staging > Ready for Production > Done,0,1,8.1099,8.1099,8.1099,0,,,
W1NNR-1033,W1NNR,Tarefa,9,9,0,0,0,0,0,0,3,Nao,0.6667,Sim,2025-06-20 18:25:51,2025-07-11 03:09:06,20.3634,Lorraine Caribe,2025-07-11 03:09:06,In Progress > Ready to Homolog > Homolog > QA Approved Hml > Ready To Staging > Staging > QA Approved Staging > Ready for Production > Done,0,1,5.0042,5.0042,5.0042,0,,,
W1NNR-1036,W1NNR,Tarefa,9,9,0,0,0,0,0,0,3,Nao,0.6667,Sim,2025-06-06 14:04:24,2025-07-04 23:16:45,28.3836,Lorraine Caribe,2025-07-04 23:16:45,In Progress > Ready to Homolog > Homolog > QA Approved Hml > Ready To Staging > Staging > QA Approved Staging > Ready for Production > Done,0,1,4.0168,4.0168,4.0168,0,,,
W1NNR-1055,W1NNR,Tarefa,9,9,0,0,0,0,0,0,3,Nao,0.6667,Sim,2025-06-20 13:53:22,2025-07-04 23:16:46,14.3912,Lorraine Caribe,2025-07-04 23:16:46,In Progress > Ready to Homolog > Homolog > QA Approved Hml > Ready To Staging > Staging > QA Approved Staging > Ready for Production > Done,0,1,0.4469,0.4469,0.4469,0,,,
W1NNR-1058,W1NNR,Tarefa,9,9,0,0,0,0,0,0,3,Nao,0.6667,Sim,2025-06-18 12:30:54,2025-07-04 23:16:47,16.4485,Lorraine Caribe,2025-07-04 23:16:47,In Progress > Ready to Homolog > Homolog > QA Approved Hml > Ready To Staging > Staging > QA Approved Staging > Ready for Production > Done,0,1,2.5042,2.5042,2.5042,0,,,
W1NNR-106,W1NNR,Tarefa,3,3,0,0,0,0,0,0,1,Nao,0.6667,Sim,2024-08-09 13:04:18,2026-02-18 15:42:53,558.1101,Lara Junqueira Alvarenga,2026-02-18 15:42:53,In Progress > Cancelled > Done,0,1,13.2579,13.2579,13.2579,0,,,
W1NNR-1061,W1NNR,Tarefa,9,9,0,0,0,0,0,0,3,Nao,0.6667,Sim,2025-06-18 15:45:00,2025-06-22 23:35:12,4.3265,Lorraine Caribe,2025-06-22 23:35:12,In Progress > Ready to Homolog > Homolog > QA Approved Hml > Ready To Staging > Staging > QA Approved Staging > Ready for Production > Done,0,1,0.0,0.0,0.0,0,,,
W1NNR-1062,W1NNR,Tarefa,9,9,0,0,0,0,0,0,3,Nao,0.6667,Sim,2025-06-18 15:45:01,2025-06-22 23:35:01,4.3264,Lorraine Caribe,2025-06-22 23:35:01,In Progress > Ready to Homolog > Homolog > QA Approved Hml > Ready To Staging > Staging > QA Approved Staging > Ready for Production > Done,0,1,0.0,0.0,0.0,0,,,
W1NNR-1065,W1NNR,Tarefa,9,9,0,0,0,0,0,0,3,Nao,0.6667,Sim,2025-06-23 17:43:03,2025-08-12 12:53:55,49.7992,Thaís Cabral,2025-08-12 12:53:55,In Progress > Ready to Homolog > Homolog > QA Approved Hml > Ready To Staging > Staging > QA Approved Staging > Ready for Production > Done,0,1,6.7928,6.7928,6.7928,0,,,
W1NNR-1066,W1NNR,Tarefa,9,9,0,0,0,0,0,0,3,Nao,0.6667,Sim,2025-06-25 18:23:31,2025-08-12 12:53:56,47.7711,Thaís Cabral,2025-08-12 12:53:56,In Progress > Ready to Homolog > Homolog > QA Approved Hml > Ready To Staging > Staging > QA Approved Staging > Ready for Production > Done,0,1,4.7648,4.7648,4.7648,0,,,
W1NNR-1067,W1NNR,Tarefa,9,9,0,0,0,0,0,0,3,Nao,0.6667,Sim,2025-06-25 18:47:27,2025-08-12 12:55:33,47.7556,Thaís Cabral,2025-08-12 12:55:33,In Progress > Ready to Homolog > Homolog > QA Approved Hml > Ready To Staging > Staging > QA Approved Staging > Ready for Production > Done,0,1,4.7483,4.7483,4.7483,0,,,
W1NNR-1068,W1NNR,Tarefa,3,3,0,0,0,0,0,0,1,Nao,0.6667,Sim,2025-06-25 18:21:11,2026-02-18 15:42:53,237.8901,Lara Junqueira Alvarenga,2026-02-18 15:42:53,In Progress > Cancelled > Done,0,1,0.0173,0.0173,0.0173,0,,,
W1NNR-1069,W1NNR,Tarefa,9,9,0,0,0,0,0,0,3,Nao,0.6667,Sim,2025-06-27 19:20:07,2025-08-12 12:55:50,45.7331,Thaís Cabral,2025-08-12 12:55:50,In Progress > Ready to Homolog > Homolog > QA Approved Hml > Ready To Staging > Staging > QA Approved Staging > Ready for Production > Done,0,1,14.0551,14.0551,14.0551,0,,,
W1NNR-1070,W1NNR,Tarefa,9,9,0,0,0,0,0,0,3,Nao,0.6667,Sim,2025-06-27 19:20:28,2025-08-12 13:01:35,45.7369,Thaís Cabral,2025-08-12 13:01:35,In Progress > Ready to Homolog > Homolog > QA Approved Hml > Ready To Staging > Staging > QA Approved Staging > Ready for Production > Done,0,1,4.9266,4.9266,4.9266,0,,,
W1NNR-1076,W1NNR,Tarefa,9,9,0,0,0,0,0,0,3,Nao,0.6667,Sim,2025-06-20 17:36:20,2025-06-22 23:34:50,2.2489,Lorraine Caribe,2025-06-22 23:34:50,In Progress > Ready to Homolog > Homolog > QA Approved Hml > Ready To Staging > Staging > QA Approved Staging > Ready for Production > Done,0,1,0.0016,0.0016,0.0016,0,,,
W1NNR-1077,W1NNR,Tarefa,9,9,0,0,0,0,0,0,3,Nao,0.6667,Sim,2025-06-20 17:44:33,2025-06-22 23:34:53,2.2433,Lorraine Caribe,2025-06-22 23:34:53,In Progress > Ready to Homolog > Homolog > QA Approved Hml > Ready To Staging > Staging > QA Approved Staging > Ready for Production > Done,0,1,0.0,0.0,0.0,0,,,
W1NNR-1079,W1NNR,Tarefa,9,9,0,0,0,0,0,0,3,Nao,0.6667,Sim,2025-06-20 17:48:13,2025-06-22 23:34:52,2.2407,Lorraine Caribe,2025-06-22 23:34:52,In Progress > Ready to Homolog > Homolog > QA Approved Hml > Ready To Staging > Staging > QA Approved Staging > Ready for Production > Done,0,1,0.0005,0.0005,0.0005,0,,,
W1NNR-1080,W1NNR,Tarefa,9,9,0,0,0,0,0,0,3,Nao,0.6667,Sim,2025-06-20 18:12:16,2025-06-22 23:34:58,2.2241,Lorraine Caribe,2025-06-22 23:34:58,In Progress > Ready to Homolog > Homolog > QA Approved Hml > Ready To Staging > Staging > QA Approved Staging > Ready for Production > Done,0,1,0.0,0.0,0.0,0,,,
W1NNR-1085,W1NNR,Tarefa,9,9,0,0,0,0,0,0,3,Nao,0.6667,Sim,2025-07-01 17:08:42,2025-09-03 14:27:16,63.8879,Lara Junqueira Alvarenga,2025-09-03 14:27:16,In Progress > Ready to Homolog > Homolog > QA Approved Hml > Ready To Staging > Staging > QA Approved Staging > Ready for Production > Done,0,1,38.028,38.028,38.028,0,,,
W1NNR-1093,W1NNR,Tarefa,9,9,0,0,0,0,0,0,3,Nao,0.6667,Sim,2025-06-24 18:28:43,2025-09-03 14:27:35,70.8325,Lara Junqueira Alvarenga,2025-09-03 14:27:35,In Progress > Ready to Homolog > Homolog > QA Approved Hml > Ready To Staging > Staging > QA Approved Staging > Ready for Production > Done,0,1,1.9537,1.9537,1.9537,0,,,
W1NNR-1110,W1NNR,Tarefa,9,9,0,0,0,0,0,0,3,Nao,0.6667,Sim,2025-06-26 21:16:50,2025-09-03 14:26:23,68.715,Lara Junqueira Alvarenga,2025-09-03 14:26:23,In Progress > Ready to Homolog > Homolog > QA Approved Hml > Ready To Staging > Staging > QA Approved Staging > Ready for Production > Done,0,1,0.8856,0.8856,0.8856,0,,,
W1NNR-1117,W1NNR,Tarefa,9,9,0,0,0,0,0,0,3,Nao,0.6667,Sim,2025-06-27 14:23:10,2025-09-03 14:27:16,68.0029,Lara Junqueira Alvarenga,2025-09-03 14:27:16,In Progress > Ready to Homolog > Homolog > QA Approved Hml > Ready To Staging > Staging > QA Approved Staging > Ready for Production > Done,0,1,5.9316,5.9316,5.9316,0,,,
W1NNR-1118,W1NNR,Tarefa,9,9,0,0,0,0,0,0,3,Nao,0.6667,Sim,2025-08-02 14:45:36,2025-08-25 13:56:54,22.9662,Lara Junqueira Alvarenga,2025-08-25 13:56:54,In Progress > Ready to Homolog > Homolog > QA Approved Hml > Ready To Staging > Staging > QA Approved Staging > Ready for Production > Done,0,1,3.2934,3.2934,3.2934,0,,,
W1NNR-1119,W1NNR,Tarefa,9,9,0,0,0,0,0,0,3,Nao,0.6667,Sim,2025-08-02 15:32:30,2025-09-01 14:43:52,29.9662,Lara Junqueira Alvarenga,2025-09-01 14:43:52,In Progress > Ready to Homolog > Homolog > QA Approved Hml > Ready To Staging > Staging > QA Approved Staging > Ready for Production > Done,0,1,16.7574,16.7574,16.7574,0,,,
W1NNR-1120,W1NNR,Tarefa,9,9,0,0,0,0,0,0,3,Nao,0.6667,Sim,2025-06-27 18:38:27,2025-09-03 14:27:17,67.8256,Lara Junqueira Alvarenga,2025-09-03 14:27:17,In Progress > Ready to Homolog > Homolog > QA Approved Hml > Ready To Staging > Staging > QA Approved Staging > Ready for Production > Done,0,1,2.8133,2.8133,2.8133,0,,,
W1NNR-1121,W1NNR,Tarefa,9,9,0,0,0,0,0,0,3,Nao,0.6667,Sim,2025-06-27 18:38:28,2025-09-03 14:27:17,67.8256,Lara Junqueira Alvarenga,2025-09-03 14:27:17,In Progress > Ready to Homolog > Homolog > QA Approved Hml > Ready To Staging > Staging > QA Approved Staging > Ready for Production > Done,0,1,0.0351,0.0351,0.0351,0,,,
W1NNR-1122,W1NNR,Tarefa,9,9,0,0,0,0,0,0,3,Nao,0.6667,Sim,2025-07-28 16:11:00,2025-08-25 13:57:01,27.907,Lara Junqueira Alvarenga,2025-08-25 13:57:01,In Progress > Ready to Homolog > Homolog > QA Approved Hml > Ready To Staging > Staging > QA Approved Staging > Ready for Production > Done,0,1,8.2339,8.2339,8.2339,0,,,
W1NNR-1123,W1NNR,Tarefa,9,9,0,0,0,0,0,0,3,Nao,0.6667,Sim,2025-08-04 17:18:09,2025-09-01 14:43:57,27.8929,Lara Junqueira Alvarenga,2025-09-01 14:43:57,In Progress > Ready to Homolog > Homolog > QA Approved Hml > Ready To Staging > Staging > QA Approved Staging > Ready for Production > Done,0,1,14.6841,14.6841,14.6841,0,,,
W1NNR-1124,W1NNR,Tarefa,9,9,0,0,0,0,0,0,3,Nao,0.6667,Sim,2025-08-04 16:49:35,2025-09-01 14:43:55,27.9127,Lara Junqueira Alvarenga,2025-09-01 14:43:55,In Progress > Ready to Homolog > Homolog > QA Approved Hml > Ready To Staging > Staging > QA Approved Staging > Ready for Production > Done,0,1,14.7039,14.7039,14.7039,0,,,
W1NNR-1125,W1NNR,Tarefa,9,9,0,0,0,0,0,0,3,Nao,0.6667,Sim,2025-08-04 01:30:43,2025-08-25 13:56:59,21.5182,Lara Junqueira Alvarenga,2025-08-25 13:56:59,In Progress > Ready to Homolog > Homolog > QA Approved Hml > Ready To Staging > Staging > QA Approved Staging > Ready for Production > Done,0,1,15.342,15.342,15.342,0,,,
W1NNR-1126,W1NNR,Tarefa,9,9,0,0,0,0,0,0,3,Nao,0.6667,Sim,2025-08-04 00:11:27,2025-08-25 13:56:56,21.5733,Lara Junqueira Alvarenga,2025-08-25 13:56:56,In Progress > Ready to Homolog > Homolog > QA Approved Hml > Ready To Staging > Staging > QA Approved Staging > Ready for Production > Done,0,1,15.3971,15.3971,15.3971,0,,,
W1NNR-1127,W1NNR,Tarefa,9,9,0,0,0,0,0,0,3,Nao,0.6667,Sim,2025-08-04 21:30:57,2025-09-08 12:47:29,34.6365,Thaís Cabral,2025-09-08 12:47:29,In Progress > Ready to Homolog > Homolog > QA Approved Hml > Ready To Staging > Staging > QA Approved Staging > Ready for Production > Done,0,1,14.5086,14.5086,14.5086,0,,,
W1NNR-1128,W1NNR,Tarefa,9,9,0,0,0,0,0,0,3,Nao,0.6667,Sim,2025-07-29 21:29:14,2025-08-25 13:57:12,26.6861,Lara Junqueira Alvarenga,2025-08-25 13:57:12,In Progress > Ready to Homolog > Homolog > QA Approved Hml > Ready To Staging > Staging > QA Approved Staging > Ready for Production > Done,0,1,7.0048,7.0048,7.0048,0,,,
W1NNR-1129,W1NNR,Tarefa,9,9,0,0,0,0,0,0,3,Nao,0.6667,Sim,2025-07-28 22:48:53,2025-08-25 13:57:03,27.6307,Lara Junqueira Alvarenga,2025-08-25 13:57:03,In Progress > Ready to Homolog > Homolog > QA Approved Hml > Ready To Staging > Staging > QA Approved Staging > Ready for Production > Done,0,1,7.9479,7.9479,7.9479,0,,,
W1NNR-1133,W1NNR,Tarefa,9,9,0,0,0,0,0,0,3,Nao,0.6667,Sim,2025-06-30 19:41:20,2025-09-03 14:26:22,64.7813,Lara Junqueira Alvarenga,2025-09-03 14:26:22,In Progress > Ready to Homolog > Homolog > QA Approved Hml > Ready To Staging > Staging > QA Approved Staging > Ready for Production > Done,0,1,0.7376,0.7376,0.7376,0,,,
W1NNR-1134,W1NNR,Tarefa,9,9,0,0,0,0,0,0,3,Nao,0.6667,Sim,2025-07-03 12:41:19,2025-09-03 14:27:16,62.0736,Lara Junqueira Alvarenga,2025-09-03 14:27:16,In Progress > Ready to Homolog > Homolog > QA Approved Hml > Ready To Staging > Staging > QA Approved Staging > Ready for Production > Done,0,1,7.2954,7.2954,7.2954,0,,,
W1NNR-1149,W1NNR,Tarefa,9,9,0,0,0,0,0,0,3,Nao,0.6667,Sim,2025-07-03 18:00:42,2025-09-03 14:27:17,61.8518,Lara Junqueira Alvarenga,2025-09-03 14:27:17,In Progress > Ready to Homolog > Homolog > QA Approved Hml > Ready To Staging > Staging > QA Approved Staging > Ready for Production > Done,0,1,7.0736,7.0736,7.0736,0,,,
W1NNR-1150,W1NNR,Tarefa,9,9,0,0,0,0,0,0,3,Nao,0.6667,Sim,2025-07-09 17:52:34,2025-09-03 14:27:19,55.8575,Lara Junqueira Alvarenga,2025-09-03 14:27:19,In Progress > Ready to Homolog > Homolog > QA Approved Hml > Ready To Staging > Staging > QA Approved Staging > Ready for Production > Done,0,1,1.0791,1.0791,1.0791,0,,,
W1NNR-1151,W1NNR,Tarefa,9,9,0,0,0,0,0,0,3,Nao,0.6667,Sim,2025-07-14 18:38:12,2025-09-03 14:27:17,50.8258,Lara Junqueira Alvarenga,2025-09-03 14:27:17,In Progress > Ready to Homolog > Homolog > QA Approved Hml > Ready To Staging > Staging > QA Approved Staging > Ready for Production > Done,0,1,0.0999,0.0999,0.0999,0,,,
W1NNR-1156,W1NNR,Tarefa,9,9,0,0,0,0,0,0,3,Nao,0.6667,Sim,2025-07-03 20:12:46,2025-07-11 23:53:15,8.1531,Lorraine Caribe,2025-07-11 23:53:15,In Progress > Ready to Homolog > Homolog > QA Approved Hml > Ready To Staging > Staging > QA Approved Staging > Ready for Production > Done,0,1,0.0514,0.0514,0.0514,0,,,
W1NNR-1157,W1NNR,Tarefa,9,9,0,0,0,0,0,0,3,Nao,0.6667,Sim,2025-07-11 19:51:54,2025-07-21 14:50:28,9.7907,Lara Junqueira Alvarenga,2025-07-21 14:50:28,In Progress > Ready to Homolog > Homolog > QA Approved Hml > Ready To Staging > Staging > QA Approved Staging > Ready for Production > Done,0,1,0.1052,0.1052,0.1052,0,,,
W1NNR-1162,W1NNR,Tarefa,9,9,0,0,0,0,0,0,3,Nao,0.6667,Sim,2025-07-15 12:41:05,2025-07-30 02:55:14,14.5932,Thaís Cabral,2025-07-30 02:55:14,In Progress > Ready to Homolog > Homolog > QA Approved Hml > Ready To Staging > Staging > QA Approved Staging > Ready for Production > Done,0,1,1.4091,1.4091,1.4091,0,,,
W1NNR-1163,W1NNR,Tarefa,9,9,0,0,0,0,0,0,3,Nao,0.6667,Sim,2025-07-07 12:45:32,2025-07-14 16:03:05,7.1372,Eder Afonso,2025-07-14 16:03:05,In Progress > Ready to Homolog > Homolog > QA Approved Hml > Ready To Staging > Staging > QA Approved Staging > Ready for Production > Done,0,1,4.0532,4.0532,4.0532,0,,,
W1NNR-1166,W1NNR,Tarefa,9,9,0,0,0,0,0,0,3,Nao,0.6667,Sim,2025-07-11 20:10:17,2025-09-03 14:27:47,53.7622,Lara Junqueira Alvarenga,2025-09-03 14:27:47,In Progress > Ready to Homolog > Homolog > QA Approved Hml > Ready To Staging > Staging > QA Approved Staging > Ready for Production > Done,0,1,13.8825,13.8825,13.8825,0,,,
W1NNR-1167,W1NNR,Tarefa,9,9,0,0,0,0,0,0,3,Nao,0.6667,Sim,2025-07-07 18:55:40,2025-08-12 13:01:36,35.7541,Thaís Cabral,2025-08-12 13:01:36,In Progress > Ready to Homolog > Homolog > QA Approved Hml > Ready To Staging > Staging > QA Approved Staging > Ready for Production > Done,0,1,0.9902,0.9902,0.9902,0,,,
W1NNR-1169,W1NNR,Tarefa,9,9,0,0,0,0,0,0,3,Nao,0.6667,Sim,2025-07-07 18:45:26,2025-08-12 13:01:37,35.7612,Thaís Cabral,2025-08-12 13:01:37,In Progress > Ready to Homolog > Homolog > QA Approved Hml > Ready To Staging > Staging > QA Approved Staging > Ready for Production > Done,0,1,3.7819,3.7819,3.7819,0,,,
W1NNR-1170,W1NNR,Tarefa,9,9,0,0,0,0,0,0,3,Nao,0.6667,Sim,2025-07-07 19:33:10,2025-08-12 13:01:38,35.7281,Thaís Cabral,2025-08-12 13:01:38,In Progress > Ready to Homolog > Homolog > QA Approved Hml > Ready To Staging > Staging > QA Approved Staging > Ready for Production > Done,0,1,3.7407,3.7407,3.7407,0,,,
W1NNR-1171,W1NNR,Tarefa,9,9,0,0,0,0,0,0,3,Nao,0.6667,Sim,2025-07-08 20:19:05,2025-08-12 13:01:39,34.6962,Thaís Cabral,2025-08-12 13:01:39,In Progress > Ready to Homolog > Homolog > QA Approved Hml > Ready To Staging > Staging > QA Approved Staging > Ready for Production > Done,0,1,2.8786,2.8786,2.8786,0,,,
W1NNR-1188,W1NNR,Tarefa,9,9,0,0,0,0,0,0,3,Nao,0.6667,Sim,2025-07-11 17:44:33,2025-09-03 14:27:35,53.8632,Lara Junqueira Alvarenga,2025-09-03 14:27:35,In Progress > Ready to Homolog > Homolog > QA Approved Hml > Ready To Staging > Staging > QA Approved Staging > Ready for Production > Done,0,1,3.0015,3.0015,3.0015,0,,,
W1NNR-1189,W1NNR,Tarefa,9,9,0,0,0,0,0,0,3,Nao,0.6667,Sim,2025-07-11 20:00:44,2025-09-03 14:27:35,53.7686,Lara Junqueira Alvarenga,2025-09-03 14:27:35,In Progress > Ready to Homolog > Homolog > QA Approved Hml > Ready To Staging > Staging > QA Approved Staging > Ready for Production > Done,0,1,3.0426,3.0426,3.0426,0,,,
W1NNR-1192,W1NNR,Tarefa,9,9,0,0,0,0,0,0,3,Nao,0.6667,Sim,2025-07-14 18:07:08,2025-09-03 14:27:35,50.8475,Lara Junqueira Alvarenga,2025-09-03 14:27:35,In Progress > Ready to Homolog > Homolog > QA Approved Hml > Ready To Staging > Staging > QA Approved Staging > Ready for Production > Done,0,1,0.084,0.084,0.084,0,,,
W1NNR-1193,W1NNR,Tarefa,9,9,0,0,0,0,0,0,3,Nao,0.6667,Sim,2025-07-15 19:05:29,2025-08-07 12:37:39,22.7307,Thaís Cabral,2025-08-07 12:37:39,In Progress > Ready to Homolog > Homolog > QA Approved Hml > Ready To Staging > Staging > QA Approved Staging > Ready for Production > Done,0,1,7.9501,7.9501,7.9501,0,,,
W1NNR-1194,W1NNR,Tarefa,9,9,0,0,0,0,0,0,3,Nao,0.6667,Sim,2025-07-15 17:59:22,2025-09-03 14:27:35,49.8529,Lara Junqueira Alvarenga,2025-09-03 14:27:35,In Progress > Ready to Homolog > Homolog > QA Approved Hml > Ready To Staging > Staging > QA Approved Staging > Ready for Production > Done,0,1,7.7736,7.7736,7.7736,0,,,
W1NNR-1195,W1NNR,Tarefa,9,9,0,0,0,0,0,0,3,Nao,0.6667,Sim,2025-07-15 18:33:12,2025-09-03 14:27:36,49.8294,Lara Junqueira Alvarenga,2025-09-03 14:27:36,In Progress > Ready to Homolog > Homolog > QA Approved Hml > Ready To Staging > Staging > QA Approved Staging > Ready for Production > Done,0,1,8.0709,8.0709,8.0709,0,,,
W1NNR-1199,W1NNR,Tarefa,9,9,0,0,0,0,0,0,3,Nao,0.6667,Sim,2025-07-16 19:42:30,2025-09-03 14:27:36,48.7813,Lara Junqueira Alvarenga,2025-09-03 14:27:36,In Progress > Ready to Homolog > Homolog > QA Approved Hml > Ready To Staging > Staging > QA Approved Staging > Ready for Production > Done,0,1,6.702,6.702,6.702,0,,,
W1NNR-1202,W1NNR,Tarefa,9,9,0,0,0,0,0,0,3,Nao,0.6667,Sim,2025-07-17 19:42:24,2025-09-03 14:27:36,47.7814,Lara Junqueira Alvarenga,2025-09-03 14:27:36,In Progress > Ready to Homolog > Homolog > QA Approved Hml > Ready To Staging > Staging > QA Approved Staging > Ready for Production > Done,0,1,5.7021,5.7021,5.7021,0,,,
W1NNR-1209,W1NNR,Tarefa,9,9,0,0,0,0,0,0,3,Nao,0.6667,Sim,2025-07-22 14:35:19,2025-08-07 12:38:12,15.9187,Thaís Cabral,2025-08-07 12:38:12,In Progress > Ready to Homolog > Homolog > QA Approved Hml > Ready To Staging > Staging > QA Approved Staging > Ready for Production > Done,0,1,1.1378,1.1378,1.1378,0,,,
W1NNR-1214,W1NNR,Tarefa,9,9,0,0,0,0,0,0,3,Nao,0.6667,Sim,2025-07-24 04:56:57,2025-09-03 14:27:36,41.3963,Lara Junqueira Alvarenga,2025-09-03 14:27:36,In Progress > Ready to Homolog > Homolog > QA Approved Hml > Ready To Staging > Staging > QA Approved Staging > Ready for Production > Done,0,1,7.3556,7.3556,7.3556,0,,,
W1NNR-1215,W1NNR,Tarefa,9,9,0,0,0,0,0,0,3,Nao,0.6667,Sim,2025-07-24 04:57:05,2025-09-03 14:27:36,41.3962,Lara Junqueira Alvarenga,2025-09-03 14:27:36,In Progress > Ready to Homolog > Homolog > QA Approved Hml > Ready To Staging > Staging > QA Approved Staging > Ready for Production > Done,0,1,7.3556,7.3556,7.3556,0,,,
W1NNR-1231,W1NNR,Tarefa,9,9,0,0,0,0,0,0,3,Nao,0.6667,Sim,2025-08-01 23:43:17,2025-09-03 14:27:37,32.6141,Lara Junqueira Alvarenga,2025-09-03 14:27:37,In Progress > Ready to Homolog > Homolog > QA Approved Hml > Ready To Staging > Staging > QA Approved Staging > Ready for Production > Done,0,1,4.5931,4.5931,4.5931,0,,,
W1NNR-1238,W1NNR,Tarefa,9,9,0,0,0,0,0,0,3,Nao,0.6667,Sim,2025-07-31 17:35:13,2025-09-03 14:27:18,33.8695,Lara Junqueira Alvarenga,2025-09-03 14:27:18,In Progress > Ready to Homolog > Homolog > QA Approved Hml > Ready To Staging > Staging > QA Approved Staging > Ready for Production > Done,0,1,0.3952,0.3952,0.3952,0,,,
W1NNR-1239,W1NNR,Tarefa,9,9,0,0,0,0,0,0,3,Nao,0.6667,Sim,2025-08-01 18:05:06,2025-09-03 14:26:24,32.8481,Lara Junqueira Alvarenga,2025-09-03 14:26:24,In Progress > Ready to Homolog > Homolog > QA Approved Hml > Ready To Staging > Staging > QA Approved Staging > Ready for Production > Done,0,1,3.7933,3.7933,3.7933,0,,,
W1NNR-1240,W1NNR,Tarefa,9,9,0,0,0,0,0,0,3,Nao,0.6667,Sim,2025-07-31 17:12:48,2025-09-03 14:27:18,33.8851,Lara Junqueira Alvarenga,2025-09-03 14:27:18,In Progress > Ready to Homolog > Homolog > QA Approved Hml > Ready To Staging > Staging > QA Approved Staging > Ready for Production > Done,0,1,0.4108,0.4108,0.4108,0,,,
W1NNR-1242,W1NNR,Tarefa,9,9,0,0,0,0,0,0,3,Nao,0.6667,Sim,2025-08-08 20:26:13,2025-09-03 14:27:18,25.7508,Lara Junqueira Alvarenga,2025-09-03 14:27:18,In Progress > Ready to Homolog > Homolog > QA Approved Hml > Ready To Staging > Staging > QA Approved Staging > Ready for Production > Done,0,1,2.8839,2.8839,2.8839,0,,,
W1NNR-1246,W1NNR,Tarefa,9,9,0,0,0,0,0,0,3,Nao,0.6667,Sim,2025-08-01 18:33:33,2025-09-03 14:26:59,32.8288,Lara Junqueira Alvarenga,2025-09-03 14:26:59,In Progress > Ready to Homolog > Homolog > QA Approved Hml > Ready To Staging > Staging > QA Approved Staging > Ready for Production > Done,0,1,3.2547,3.2547,3.2547,0,,,
W1NNR-1248,W1NNR,Tarefa,9,9,0,0,0,0,0,0,3,Nao,0.6667,Sim,2025-08-01 20:44:57,2025-09-03 14:27:18,32.7377,Lara Junqueira Alvarenga,2025-09-03 14:27:18,In Progress > Ready to Homolog > Homolog > QA Approved Hml > Ready To Staging > Staging > QA Approved Staging > Ready for Production > Done,0,1,4.914,4.914,4.914,0,,,
W1NNR-1253,W1NNR,Tarefa,9,9,0,0,0,0,0,0,3,Nao,0.6667,Sim,2025-08-01 19:56:15,2025-09-03 14:28:28,32.7724,Lara Junqueira Alvarenga,2025-09-03 14:28:28,In Progress > Ready to Homolog > Homolog > QA Approved Hml > Ready To Staging > Staging > QA Approved Staging > Ready for Production > Done,0,1,9.7275,9.7275,9.7275,0,,,
W1NNR-1254,W1NNR,Tarefa,9,9,0,0,0,0,0,0,3,Nao,0.6667,Sim,2025-08-06 13:57:54,2025-09-03 14:26:26,28.0198,Lara Junqueira Alvarenga,2025-09-03 14:26:26,In Progress > Ready to Homolog > Homolog > QA Approved Hml > Ready To Staging > Staging > QA Approved Staging > Ready for Production > Done,0,1,9.1753,9.1753,9.1753,0,,,
W1NNR-1260,W1NNR,Tarefa,9,9,0,0,0,0,0,0,3,Nao,0.6667,Sim,2025-08-04 19:46:25,2025-09-03 14:28:28,29.7792,Lara Junqueira Alvarenga,2025-09-03 14:28:28,In Progress > Ready to Homolog > Homolog > QA Approved Hml > Ready To Staging > Staging > QA Approved Staging > Ready for Production > Done,0,1,13.7071,13.7071,13.7071,0,,,
W1NNR-1262,W1NNR,Tarefa,9,9,0,0,0,0,0,0,3,Nao,0.6667,Sim,2025-08-05 19:49:12,2025-09-03 14:26:59,28.7762,Lara Junqueira Alvarenga,2025-09-03 14:26:59,In Progress > Ready to Homolog > Homolog > QA Approved Hml > Ready To Staging > Staging > QA Approved Staging > Ready for Production > Done,0,1,0.8975,0.8975,0.8975,0,,,
W1NNR-1263,W1NNR,Tarefa,9,9,0,0,0,0,0,0,3,Nao,0.6667,Sim,2025-08-19 17:35:37,2025-09-12 18:41:06,24.0455,Lara Junqueira Alvarenga,2025-09-12 18:41:06,In Progress > Ready to Homolog > Homolog > QA Approved Hml > Ready To Staging > Staging > QA Approved Staging > Ready for Production > Done,0,1,7.816,7.816,7.816,0,,,
W1NNR-1264,W1NNR,Tarefa,9,9,0,0,0,0,0,0,3,Nao,0.6667,Sim,2025-08-19 17:35:39,2025-09-12 18:41:07,24.0455,Lara Junqueira Alvarenga,2025-09-12 18:41:07,In Progress > Ready to Homolog > Homolog > QA Approved Hml > Ready To Staging > Staging > QA Approved Staging > Ready for Production > Done,0,1,12.919,12.919,12.919,0,,,
W1NNR-1265,W1NNR,Tarefa,9,9,0,0,0,0,0,0,3,Nao,0.6667,Sim,2025-08-27 13:10:52,2025-09-12 18:41:07,16.2293,Lara Junqueira Alvarenga,2025-09-12 18:41:07,In Progress > Ready to Homolog > Homolog > QA Approved Hml > Ready To Staging > Staging > QA Approved Staging > Ready for Production > Done,0,1,5.0601,5.0601,5.0601,0,,,
W1NNR-1266,W1NNR,Tarefa,9,9,0,0,0,0,0,0,3,Nao,0.6667,Sim,2025-08-29 21:24:26,2025-09-12 18:41:07,13.8866,Lara Junqueira Alvarenga,2025-09-12 18:41:07,In Progress > Ready to Homolog > Homolog > QA Approved Hml > Ready To Staging > Staging > QA Approved Staging > Ready for Production > Done,0,1,3.0255,3.0255,3.0255,0,,,
W1NNR-1267,W1NNR,Tarefa,9,9,0,0,0,0,0,0,3,Nao,0.6667,Sim,2025-09-01 15:39:05,2025-09-12 18:41:07,11.1264,Lara Junqueira Alvarenga,2025-09-12 18:41:07,In Progress > Ready to Homolog > Homolog > QA Approved Hml > Ready To Staging > Staging > QA Approved Staging > Ready for Production > Done,0,1,0.2654,0.2654,0.2654,0,,,
W1NNR-1268,W1NNR,Tarefa,9,9,0,0,0,0,0,0,3,Nao,0.6667,Sim,2025-08-29 12:38:09,2025-09-12 18:41:07,14.2521,Lara Junqueira Alvarenga,2025-09-12 18:41:07,In Progress > Ready to Homolog > Homolog > QA Approved Hml > Ready To Staging > Staging > QA Approved Staging > Ready for Production > Done,0,1,3.3911,3.3911,3.3911,0,,,
W1NNR-1269,W1NNR,Tarefa,9,9,0,0,0,0,0,0,3,Nao,0.6667,Sim,2025-08-05 18:30:22,2025-08-18 20:16:03,13.0734,Lorraine Caribe,2025-08-18 20:16:03,In Progress > Ready to Homolog > Homolog > QA Approved Hml > Ready To Staging > Staging > QA Approved Staging > Ready for Production > Done,0,1,2.7735,2.7735,2.7735,0,,,
W1NNR-1270,W1NNR,Tarefa,9,9,0,0,0,0,0,0,3,Nao,0.6667,Sim,2025-08-06 02:29:38,2025-08-18 20:16:01,12.7405,Lorraine Caribe,2025-08-18 20:16:01,In Progress > Ready to Homolog > Homolog > QA Approved Hml > Ready To Staging > Staging > QA Approved Staging > Ready for Production > Done,0,1,6.9199,6.9199,6.9199,0,,,
W1NNR-1271,W1NNR,Tarefa,9,9,0,0,0,0,0,0,3,Nao,0.6667,Sim,2025-08-06 18:37:49,2025-08-18 20:16:05,12.0682,Lorraine Caribe,2025-08-18 20:16:05,In Progress > Ready to Homolog > Homolog > QA Approved Hml > Ready To Staging > Staging > QA Approved Staging > Ready for Production > Done,0,1,5.0122,5.0122,5.0122,0,,,
W1NNR-1272,W1NNR,Tarefa,9,9,0,0,0,0,0,0,3,Nao,0.6667,Sim,2025-08-11 18:55:58,2025-08-18 20:16:06,7.0557,Lorraine Caribe,2025-08-18 20:16:06,In Progress > Ready to Homolog > Homolog > QA Approved Hml > Ready To Staging > Staging > QA Approved Staging > Ready for Production > Done,0,1,0.0309,0.0309,0.0309,0,,,
W1NNR-1273,W1NNR,Tarefa,9,9,0,0,0,0,0,0,3,Nao,0.6667,Sim,2025-08-11 19:38:51,2025-08-18 20:16:04,7.0258,Lorraine Caribe,2025-08-18 20:16:04,In Progress > Ready to Homolog > Homolog > QA Approved Hml > Ready To Staging > Staging > QA Approved Staging > Ready for Production > Done,0,1,2.744,2.744,2.744,0,,,
W1NNR-1274,W1NNR,Tarefa,9,9,0,0,0,0,0,0,3,Nao,0.6667,Sim,2025-08-06 17:46:07,2025-09-03 14:27:18,27.8619,Lara Junqueira Alvarenga,2025-09-03 14:27:18,In Progress > Ready to Homolog > Homolog > QA Approved Hml > Ready To Staging > Staging > QA Approved Staging > Ready for Production > Done,0,1,4.9956,4.9956,4.9956,0,,,
W1NNR-1277,W1NNR,Tarefa,9,9,0,0,0,0,0,0,3,Nao,0.6667,Sim,2025-08-06 18:59:44,2025-09-03 14:26:27,27.8102,Lara Junqueira Alvarenga,2025-09-03 14:26:27,In Progress > Ready to Homolog > Homolog > QA Approved Hml > Ready To Staging > Staging > QA Approved Staging > Ready for Production > Done,0,1,0.0525,0.0525,0.0525,0,,,
W1NNR-1279,W1NNR,Tarefa,9,9,0,0,0,0,0,0,3,Nao,0.6667,Sim,2025-08-06 19:08:39,2025-09-03 14:26:28,27.804,Lara Junqueira Alvarenga,2025-09-03 14:26:28,In Progress > Ready to Homolog > Homolog > QA Approved Hml > Ready To Staging > Staging > QA Approved Staging > Ready for Production > Done,0,1,0.0463,0.0463,0.0463,0,,,
W1NNR-1284,W1NNR,Tarefa,9,9,0,0,0,0,0,0,3,Nao,0.6667,Sim,2025-08-11 17:42:21,2025-09-03 14:27:37,22.8648,Lara Junqueira Alvarenga,2025-09-03 14:27:37,In Progress > Ready to Homolog > Homolog > QA Approved Hml > Ready To Staging > Staging > QA Approved Staging > Ready for Production > Done,0,1,1.0181,1.0181,1.0181,0,,,
W1NNR-1312,W1NNR,Tarefa,9,9,0,0,0,0,0,0,3,Nao,0.6667,Sim,2025-08-15 17:53:00,2025-09-03 14:28:29,18.858,Lara Junqueira Alvarenga,2025-09-03 14:28:29,In Progress > Ready to Homolog > Homolog > QA Approved Hml > Ready To Staging > Staging > QA Approved Staging > Ready for Production > Done,0,1,3.9961,3.9961,3.9961,0,,,
W1NNR-1313,W1NNR,Tarefa,9,9,0,0,0,0,0,0,3,Nao,0.6667,Sim,2025-08-14 20:56:54,2025-09-03 14:28:29,19.7303,Lara Junqueira Alvarenga,2025-09-03 14:28:29,In Progress > Ready to Homolog > Homolog > QA Approved Hml > Ready To Staging > Staging > QA Approved Staging > Ready for Production > Done,0,1,0.888,0.888,0.888,0,,,
W1NNR-1314,W1NNR,Tarefa,9,9,0,0,0,0,0,0,3,Nao,0.6667,Sim,2025-08-14 20:35:48,2025-09-03 14:28:35,19.745,Lara Junqueira Alvarenga,2025-09-03 14:28:35,In Progress > Ready to Homolog > Homolog > QA Approved Hml > Ready To Staging > Staging > QA Approved Staging > Ready for Production > Done,0,1,0.9027,0.9027,0.9027,0,,,
W1NNR-1325,W1NNR,Tarefa,9,9,0,0,0,0,0,0,3,Nao,0.6667,Sim,2025-08-21 19:28:27,2025-09-03 14:26:59,12.7907,Lara Junqueira Alvarenga,2025-09-03 14:26:59,In Progress > Ready to Homolog > Homolog > QA Approved Hml > Ready To Staging > Staging > QA Approved Staging > Ready for Production > Done,0,1,0.0,0.0,0.0,0,,,
W1NNR-1326,W1NNR,Tarefa,9,9,0,0,0,0,0,0,3,Nao,0.6667,Sim,2025-08-19 17:34:34,2025-09-03 14:26:59,14.8697,Lara Junqueira Alvarenga,2025-09-03 14:26:59,In Progress > Ready to Homolog > Homolog > QA Approved Hml > Ready To Staging > Staging > QA Approved Staging > Ready for Production > Done,0,1,0.8473,0.8473,0.8473,0,,,
W1NNR-1327,W1NNR,Tarefa,9,9,0,0,0,0,0,0,3,Nao,0.6667,Sim,2025-08-19 13:16:53,2025-08-25 17:15:21,6.1656,Eder Afonso,2025-08-25 17:15:21,In Progress > Ready to Homolog > Homolog > QA Approved Hml > Ready To Staging > Staging > QA Approved Staging > Ready for Production > Done,0,1,1.4181,1.4181,1.4181,0,,,
W1NNR-1328,W1NNR,Tarefa,9,9,0,0,0,0,0,0,3,Nao,0.6667,Sim,2025-08-19 13:16:55,2025-09-08 12:47:29,19.9796,Thaís Cabral,2025-09-08 12:47:29,In Progress > Ready to Homolog > Homolog > QA Approved Hml > Ready To Staging > Staging > QA Approved Staging > Ready for Production > Done,0,1,5.981,5.981,5.981,0,,,
W1NNR-1329,W1NNR,Tarefa,9,9,0,0,0,0,0,0,3,Nao,0.6667,Sim,2025-08-21 17:12:20,2025-09-03 14:28:35,12.8863,Lara Junqueira Alvarenga,2025-09-03 14:28:35,In Progress > Ready to Homolog > Homolog > QA Approved Hml > Ready To Staging > Staging > QA Approved Staging > Ready for Production > Done,0,1,0.9109,0.9109,0.9109,0,,,
W1NNR-1333,W1NNR,Tarefa,9,9,0,0,0,0,0,0,3,Nao,0.6667,Sim,2025-08-19 19:05:03,2025-09-03 14:28:35,14.808,Lara Junqueira Alvarenga,2025-09-03 14:28:35,In Progress > Ready to Homolog > Homolog > QA Approved Hml > Ready To Staging > Staging > QA Approved Staging > Ready for Production > Done,0,1,1.2163,1.2163,1.2163,0,,,
W1NNR-1338,W1NNR,Tarefa,9,9,0,0,0,0,0,0,3,Nao,0.6667,Sim,2025-08-21 00:17:27,2025-09-03 14:26:29,13.5896,Lara Junqueira Alvarenga,2025-09-03 14:26:29,In Progress > Ready to Homolog > Homolog > QA Approved Hml > Ready To Staging > Staging > QA Approved Staging > Ready for Production > Done,0,1,0.0,0.0,0.0,0,,,
W1NNR-1339,W1NNR,Tarefa,9,9,0,0,0,0,0,0,3,Nao,0.6667,Sim,2025-08-20 23:20:21,2025-09-03 14:26:59,13.6296,Lara Junqueira Alvarenga,2025-09-03 14:26:59,In Progress > Ready to Homolog > Homolog > QA Approved Hml > Ready To Staging > Staging > QA Approved Staging > Ready for Production > Done,0,1,0.0391,0.0391,0.0391,0,,,
W1NNR-1340,W1NNR,Tarefa,9,9,0,0,0,0,0,0,3,Nao,0.6667,Sim,2025-08-20 18:15:57,2025-09-03 14:28:36,13.8421,Lara Junqueira Alvarenga,2025-09-03 14:28:36,In Progress > Ready to Homolog > Homolog > QA Approved Hml > Ready To Staging > Staging > QA Approved Staging > Ready for Production > Done,0,1,0.0732,0.0732,0.0732,0,,,
W1NNR-1341,W1NNR,Tarefa,9,9,0,0,0,0,0,0,3,Nao,0.6667,Sim,2025-08-20 23:28:05,2025-09-03 14:27:00,13.6242,Lara Junqueira Alvarenga,2025-09-03 14:27:00,In Progress > Ready to Homolog > Homolog > QA Approved Hml > Ready To Staging > Staging > QA Approved Staging > Ready for Production > Done,0,1,0.0337,0.0337,0.0337,0,,,
W1NNR-1345,W1NNR,Tarefa,9,9,0,0,0,0,0,0,3,Nao,0.6667,Sim,2025-08-20 23:45:27,2025-09-03 14:28:36,13.6133,Lara Junqueira Alvarenga,2025-09-03 14:28:36,In Progress > Ready to Homolog > Homolog > QA Approved Hml > Ready To Staging > Staging > QA Approved Staging > Ready for Production > Done,0,1,0.0217,0.0217,0.0217,0,,,
W1NNR-1346,W1NNR,Tarefa,9,9,0,0,0,0,0,0,3,Nao,0.6667,Sim,2025-08-21 00:23:21,2025-09-03 14:27:00,13.5859,Lara Junqueira Alvarenga,2025-09-03 14:27:00,In Progress > Ready to Homolog > Homolog > QA Approved Hml > Ready To Staging > Staging > QA Approved Staging > Ready for Production > Done,0,1,0.5426,0.5426,0.5426,0,,,
W1NNR-1347,W1NNR,Tarefa,9,9,0,0,0,0,0,0,3,Nao,0.6667,Sim,2025-08-21 13:50:18,2025-09-03 14:28:36,13.0266,Lara Junqueira Alvarenga,2025-09-03 14:28:36,In Progress > Ready to Homolog > Homolog > QA Approved Hml > Ready To Staging > Staging > QA Approved Staging > Ready for Production > Done,0,1,0.1391,0.1391,0.1391,0,,,
W1NNR-1351,W1NNR,Tarefa,9,9,0,0,0,0,0,0,3,Nao,0.6667,Sim,2025-08-21 22:16:35,2025-09-03 14:31:19,12.6769,Lara Junqueira Alvarenga,2025-09-03 14:31:19,In Progress > Ready to Homolog > Homolog > QA Approved Hml > Ready To Staging > Staging > QA Approved Staging > Ready for Production > Done,0,1,0.6995,0.6995,0.6995,0,,,
W1NNR-1352,W1NNR,Tarefa,9,9,0,0,0,0,0,0,3,Nao,0.6667,Sim,2025-08-22 13:14:36,2025-09-03 14:31:19,12.0533,Lara Junqueira Alvarenga,2025-09-03 14:31:19,In Progress > Ready to Homolog > Homolog > QA Approved Hml > Ready To Staging > Staging > QA Approved Staging > Ready for Production > Done,0,1,0.27,0.27,0.27,0,,,
W1NNR-1356,W1NNR,Tarefa,9,9,0,0,0,0,0,0,3,Nao,0.6667,Sim,2025-08-22 22:17:29,2025-09-03 14:31:19,11.6763,Lara Junqueira Alvarenga,2025-09-03 14:31:19,In Progress > Ready to Homolog > Homolog > QA Approved Hml > Ready To Staging > Staging > QA Approved Staging > Ready for Production > Done,0,1,2.6926,2.6926,2.6926,0,,,
W1NNR-1357,W1NNR,Tarefa,9,9,0,0,0,0,0,0,3,Nao,0.6667,Sim,2025-08-25 12:43:24,2025-09-03 14:31:19,9.075,Lara Junqueira Alvarenga,2025-09-03 14:31:19,In Progress > Ready to Homolog > Homolog > QA Approved Hml > Ready To Staging > Staging > QA Approved Staging > Ready for Production > Done,0,1,1.1301,1.1301,1.1301,0,,,
W1NNR-1359,W1NNR,Tarefa,9,9,0,0,0,0,0,0,3,Nao,0.6667,Sim,2025-08-25 14:03:56,2025-09-03 14:31:20,9.019,Lara Junqueira Alvarenga,2025-09-03 14:31:20,In Progress > Ready to Homolog > Homolog > QA Approved Hml > Ready To Staging > Staging > QA Approved Staging > Ready for Production > Done,0,1,0.9384,0.9384,0.9384,0,,,
W1NNR-1360,W1NNR,Tarefa,9,9,0,0,0,0,0,0,3,Nao,0.6667,Sim,2025-08-25 14:26:41,2025-09-03 14:31:20,9.0032,Lara Junqueira Alvarenga,2025-09-03 14:31:20,In Progress > Ready to Homolog > Homolog > QA Approved Hml > Ready To Staging > Staging > QA Approved Staging > Ready for Production > Done,0,1,0.1926,0.1926,0.1926,0,,,
W1NNR-1362,W1NNR,Tarefa,9,9,0,0,0,0,0,0,3,Nao,0.6667,Sim,2025-08-26 17:44:20,2025-09-03 14:27:19,7.8632,Lara Junqueira Alvarenga,2025-09-03 14:27:19,In Progress > Ready to Homolog > Homolog > QA Approved Hml > Ready To Staging > Staging > QA Approved Staging > Ready for Production > Done,0,1,0.0598,0.0598,0.0598,0,,,
W1NNR-1364,W1NNR,Tarefa,9,9,0,0,0,0,0,0,3,Nao,0.6667,Sim,2025-08-28 12:48:13,2025-09-03 14:27:19,6.0688,Lara Junqueira Alvarenga,2025-09-03 14:27:19,In Progress > Ready to Homolog > Homolog > QA Approved Hml > Ready To Staging > Staging > QA Approved Staging > Ready for Production > Done,0,1,0.0,0.0,0.0,0,,,
W1NNR-1366,W1NNR,Tarefa,9,9,0,0,0,0,0,0,3,Nao,0.6667,Sim,2025-08-26 16:01:26,2025-09-03 14:31:20,7.9374,Lara Junqueira Alvarenga,2025-09-03 14:31:20,In Progress > Ready to Homolog > Homolog > QA Approved Hml > Ready To Staging > Staging > QA Approved Staging > Ready for Production > Done,0,1,0.0,0.0,0.0,0,,,
W1NNR-1372,W1NNR,Tarefa,9,9,0,0,0,0,0,0,3,Nao,0.6667,Sim,2025-08-26 20:26:40,2025-09-03 14:31:52,7.7536,Lara Junqueira Alvarenga,2025-09-03 14:31:52,In Progress > Ready to Homolog > Homolog > QA Approved Hml > Ready To Staging > Staging > QA Approved Staging > Ready for Production > Done,0,1,0.9368,0.9368,0.9368,0,,,
W1NNR-1374,W1NNR,Tarefa,9,9,0,0,0,0,0,0,3,Nao,0.6667,Sim,2025-08-26 19:44:46,2025-09-03 14:31:50,7.7827,Lara Junqueira Alvarenga,2025-09-03 14:31:50,In Progress > Ready to Homolog > Homolog > QA Approved Hml > Ready To Staging > Staging > QA Approved Staging > Ready for Production > Done,0,1,0.0378,0.0378,0.0378,0,,,
W1NNR-1375,W1NNR,Tarefa,9,9,0,0,0,0,0,0,3,Nao,0.6667,Sim,2025-08-26 20:07:27,2025-09-03 14:31:49,7.7669,Lara Junqueira Alvarenga,2025-09-03 14:31:49,In Progress > Ready to Homolog > Homolog > QA Approved Hml > Ready To Staging > Staging > QA Approved Staging > Ready for Production > Done,0,1,0.0379,0.0379,0.0379,0,,,
W1NNR-1390,W1NNR,Tarefa,9,9,0,0,0,0,0,0,3,Nao,0.6667,Sim,2025-08-30 17:30:49,2025-09-08 12:47:30,8.8032,Thaís Cabral,2025-09-08 12:47:30,In Progress > Ready to Homolog > Homolog > QA Approved Hml > Ready To Staging > Staging > QA Approved Staging > Ready for Production > Done,0,1,0.0,0.0,0.0,0,,,
W1NNR-1391,W1NNR,Tarefa,9,9,0,0,0,0,0,0,3,Nao,0.6667,Sim,2025-08-31 10:13:43,2025-09-23 12:51:53,23.1098,Lara Junqueira Alvarenga,2025-09-23 12:51:53,In Progress > Ready to Homolog > Homolog > QA Approved Hml > Ready To Staging > Staging > QA Approved Staging > Ready for Production > Done,0,1,19.1048,19.1048,19.1048,0,,,
W1NNR-1400,W1NNR,Tarefa,9,9,0,0,0,0,0,0,3,Nao,0.6667,Sim,2025-09-02 16:11:18,2025-09-03 14:27:37,0.928,Lara Junqueira Alvarenga,2025-09-03 14:27:37,In Progress > Ready to Homolog > Homolog > QA Approved Hml > Ready To Staging > Staging > QA Approved Staging > Ready for Production > Done,0,1,0.0,0.0,0.0,0,,,
W1NNR-1401,W1NNR,Tarefa,9,9,0,0,0,0,0,0,3,Nao,0.6667,Sim,2025-09-02 16:12:14,2025-09-03 14:27:00,0.9269,Lara Junqueira Alvarenga,2025-09-03 14:27:00,In Progress > Ready to Homolog > Homolog > QA Approved Hml > Ready To Staging > Staging > QA Approved Staging > Ready for Production > Done,0,1,0.0,0.0,0.0,0,,,
W1NNR-1402,W1NNR,Tarefa,9,9,0,0,0,0,0,0,3,Nao,0.6667,Sim,2025-09-02 16:14:53,2025-09-03 14:27:48,0.9256,Lara Junqueira Alvarenga,2025-09-03 14:27:48,In Progress > Ready to Homolog > Homolog > QA Approved Hml > Ready To Staging > Staging > QA Approved Staging > Ready for Production > Done,0,1,0.0,0.0,0.0,0,,,
W1NNR-1403,W1NNR,Tarefa,9,9,0,0,0,0,0,0,3,Nao,0.6667,Sim,2025-09-02 16:15:25,2025-09-03 14:31:47,0.928,Lara Junqueira Alvarenga,2025-09-03 14:31:47,In Progress > Ready to Homolog > Homolog > QA Approved Hml > Ready To Staging > Staging > QA Approved Staging > Ready for Production > Done,0,1,0.0,0.0,0.0,0,,,
W1NNR-1404,W1NNR,Tarefa,9,9,0,0,0,0,0,0,3,Nao,0.6667,Sim,2025-09-02 18:13:09,2025-09-03 14:27:37,0.8434,Lara Junqueira Alvarenga,2025-09-03 14:27:37,In Progress > Ready to Homolog > Homolog > QA Approved Hml > Ready To Staging > Staging > QA Approved Staging > Ready for Production > Done,0,1,0.1903,0.1903,0.1903,0,,,
W1NNR-1407,W1NNR,Tarefa,9,9,0,0,0,0,0,0,3,Nao,0.6667,Sim,2025-09-02 19:04:45,2025-09-08 12:47:30,5.738,Thaís Cabral,2025-09-08 12:47:30,In Progress > Ready to Homolog > Homolog > QA Approved Hml > Ready To Staging > Staging > QA Approved Staging > Ready for Production > Done,0,1,0.0,0.0,0.0,0,,,
W1NNR-1410,W1NNR,Tarefa,9,9,0,0,0,0,0,0,3,Nao,0.6667,Sim,2025-09-02 22:00:35,2025-09-03 14:31:43,0.6883,Lara Junqueira Alvarenga,2025-09-03 14:31:43,In Progress > Ready to Homolog > Homolog > QA Approved Hml > Ready To Staging > Staging > QA Approved Staging > Ready for Production > Done,0,1,0.0323,0.0323,0.0323,0,,,
W1NNR-1412,W1NNR,Tarefa,9,9,0,0,0,0,0,0,3,Nao,0.6667,Sim,2025-09-03 08:55:04,2025-09-18 20:36:33,15.4871,Lara Junqueira Alvarenga,2025-09-18 20:36:33,In Progress > Ready to Homolog > Homolog > QA Approved Hml > Ready To Staging > Staging > QA Approved Staging > Ready for Production > Done,0,1,5.4827,5.4827,5.4827,0,,,
W1NNR-1414,W1NNR,Tarefa,9,9,0,0,0,0,0,0,3,Nao,0.6667,Sim,2025-09-03 17:50:38,2025-09-18 20:36:35,15.1152,Lara Junqueira Alvarenga,2025-09-18 20:36:35,In Progress > Ready to Homolog > Homolog > QA Approved Hml > Ready To Staging > Staging > QA Approved Staging > Ready for Production > Done,0,1,0.1357,0.1357,0.1357,0,,,
W1NNR-1415,W1NNR,Tarefa,9,9,0,0,0,0,0,0,3,Nao,0.6667,Sim,2025-09-03 18:39:16,2025-09-18 20:36:37,15.0815,Lara Junqueira Alvarenga,2025-09-18 20:36:37,In Progress > Ready to Homolog > Homolog > QA Approved Hml > Ready To Staging > Staging > QA Approved Staging > Ready for Production > Done,0,1,0.1019,0.1019,0.1019,0,,,
W1NNR-1417,W1NNR,Tarefa,9,9,0,0,0,0,0,0,3,Nao,0.6667,Sim,2025-09-08 14:49:08,2025-09-18 20:36:45,10.2414,Lara Junqueira Alvarenga,2025-09-18 20:36:45,In Progress > Ready to Homolog > Homolog > QA Approved Hml > Ready To Staging > Staging > QA Approved Staging > Ready for Production > Done,0,1,0.2373,0.2373,0.2373,0,,,
W1NNR-1424,W1NNR,Tarefa,9,9,0,0,0,0,0,0,3,Nao,0.6667,Sim,2025-09-08 17:20:08,2025-09-19 14:14:44,10.8713,Lara Junqueira Alvarenga,2025-09-19 14:14:44,In Progress > Ready to Homolog > Homolog > QA Approved Hml > Ready To Staging > Staging > QA Approved Staging > Ready for Production > Done,0,1,0.1325,0.1325,0.1325,0,,,
W1NNR-1433,W1NNR,Tarefa,9,9,0,0,0,0,0,0,3,Nao,0.6667,Sim,2025-09-08 18:06:07,2025-09-12 18:41:08,4.0243,Lara Junqueira Alvarenga,2025-09-12 18:41:08,In Progress > Ready to Homolog > Homolog > QA Approved Hml > Ready To Staging > Staging > QA Approved Staging > Ready for Production > Done,0,1,0.0957,0.0957,0.0957,0,,,
W1NNR-1434,W1NNR,Tarefa,9,9,0,0,0,0,0,0,3,Nao,0.6667,Sim,2025-09-08 18:23:24,2025-09-19 14:14:49,10.8274,Lara Junqueira Alvarenga,2025-09-19 14:14:49,In Progress > Ready to Homolog > Homolog > QA Approved Hml > Ready To Staging > Staging > QA Approved Staging > Ready for Production > Done,0,1,2.0281,2.0281,2.0281,0,,,
W1NNR-1437,W1NNR,Tarefa,9,9,0,0,0,0,0,0,3,Nao,0.6667,Sim,2025-09-08 18:48:30,2025-09-19 14:14:51,10.81,Lara Junqueira Alvarenga,2025-09-19 14:14:51,In Progress > Ready to Homolog > Homolog > QA Approved Hml > Ready To Staging > Staging > QA Approved Staging > Ready for Production > Done,0,1,0.8394,0.8394,0.8394,0,,,
W1NNR-1438,W1NNR,Tarefa,9,9,0,0,0,0,0,0,3,Nao,0.6667,Sim,2025-09-08 20:23:18,2025-09-12 18:41:08,3.9291,Lara Junqueira Alvarenga,2025-09-12 18:41:08,In Progress > Ready to Homolog > Homolog > QA Approved Hml > Ready To Staging > Staging > QA Approved Staging > Ready for Production > Done,0,1,0.0221,0.0221,0.0221,0,,,
W1NNR-1446,W1NNR,Tarefa,9,9,0,0,0,0,0,0,3,Nao,0.6667,Sim,2025-09-09 21:41:20,2025-09-12 18:41:08,2.8749,Lara Junqueira Alvarenga,2025-09-12 18:41:08,In Progress > Ready to Homolog > Homolog > QA Approved Hml > Ready To Staging > Staging > QA Approved Staging > Ready for Production > Done,0,1,0.0304,0.0304,0.0304,0,,,
W1NNR-1462,W1NNR,Tarefa,9,9,0,0,0,0,0,0,3,Nao,0.6667,Sim,2025-09-15 20:24:44,2025-09-19 14:17:13,3.7448,Lara Junqueira Alvarenga,2025-09-19 14:17:13,In Progress > Ready to Homolog > Homolog > QA Approved Hml > Ready To Staging > Staging > QA Approved Staging > Ready for Production > Done,0,1,0.7156,0.7156,0.7156,0,,,
W1NNR-1514,W1NNR,Tarefa,9,9,0,0,0,0,0,0,3,Nao,0.6667,Sim,2025-09-29 11:43:13,2025-10-16 19:19:27,17.3168,Lara Junqueira Alvarenga,2025-10-16 19:19:27,In Progress > Ready to Homolog > Homolog > QA Approved Hml > Ready To Staging > Staging > QA Approved Staging > Ready for Production > Done,0,1,3.25,3.25,3.25,0,,,
W1NNR-1515,W1NNR,Tarefa,9,9,0,0,0,0,0,0,3,Nao,0.6667,Sim,2025-10-02 17:43:12,2025-10-16 19:19:28,14.0668,Lara Junqueira Alvarenga,2025-10-16 19:19:28,In Progress > Ready to Homolog > Homolog > QA Approved Hml > Ready To Staging > Staging > QA Approved Staging > Ready for Production > Done,0,1,5.0741,5.0741,5.0741,0,,,
W1NNR-1517,W1NNR,Tarefa,9,9,0,0,0,0,0,0,3,Nao,0.6667,Sim,2025-09-30 22:40:49,2025-10-16 19:19:28,15.8602,Lara Junqueira Alvarenga,2025-10-16 19:19:28,In Progress > Ready to Homolog > Homolog > QA Approved Hml > Ready To Staging > Staging > QA Approved Staging > Ready for Production > Done,0,1,1.7813,1.7813,1.7813,0,,,
W1NNR-1555,W1NNR,Tarefa,9,9,0,0,0,0,0,0,3,Nao,0.6667,Sim,2025-10-06 19:29:45,2025-10-31 17:58:55,24.9369,Thaís Cabral,2025-10-31 17:58:55,In Progress > Ready to Homolog > Homolog > QA Approved Hml > Ready To Staging > Staging > QA Approved Staging > Ready for Production > Done,0,1,3.7526,3.7526,3.7526,0,,,
W1NNR-1556,W1NNR,Tarefa,9,9,0,0,0,0,0,0,3,Nao,0.6667,Sim,2025-10-09 12:40:19,2025-10-22 13:06:16,13.018,Lorraine Caribe,2025-10-22 13:06:16,In Progress > Ready to Homolog > Homolog > QA Approved Hml > Ready To Staging > Staging > QA Approved Staging > Ready for Production > Done,0,1,1.2663,1.2663,1.2663,0,,,
W1NNR-1557,W1NNR,Tarefa,9,9,0,0,0,0,0,0,3,Nao,0.6667,Sim,2025-10-10 19:03:58,2025-10-31 17:58:44,20.9547,Thaís Cabral,2025-10-31 17:58:44,In Progress > Ready to Homolog > Homolog > QA Approved Hml > Ready To Staging > Staging > QA Approved Staging > Ready for Production > Done,0,1,3.6438,3.6438,3.6438,0,,,
W1NNR-1558,W1NNR,Tarefa,9,9,0,0,0,0,0,0,3,Nao,0.6667,Sim,2025-10-14 13:02:34,2025-10-22 13:07:31,8.0034,Lorraine Caribe,2025-10-22 13:07:31,In Progress > Ready to Homolog > Homolog > QA Approved Hml > Ready To Staging > Staging > QA Approved Staging > Ready for Production > Done,0,1,1.0161,1.0161,1.0161,0,,,
W1NNR-1559,W1NNR,Tarefa,9,9,0,0,0,0,0,0,3,Nao,0.6667,Sim,2025-10-10 19:07:37,2025-10-22 13:07:42,11.7501,Lorraine Caribe,2025-10-22 13:07:42,In Progress > Ready to Homolog > Homolog > QA Approved Hml > Ready To Staging > Staging > QA Approved Staging > Ready for Production > Done,0,1,3.7816,3.7816,3.7816,0,,,
W1NNR-1560,W1NNR,Tarefa,9,9,0,0,0,0,0,0,3,Nao,0.6667,Sim,2025-10-13 14:21:50,2025-10-22 13:08:04,8.9488,Lorraine Caribe,2025-10-22 13:08:04,In Progress > Ready to Homolog > Homolog > QA Approved Hml > Ready To Staging > Staging > QA Approved Staging > Ready for Production > Done,0,1,1.961,1.961,1.961,0,,,
W1NNR-1561,W1NNR,Tarefa,9,9,0,0,0,0,0,0,3,Nao,0.6667,Sim,2025-10-15 13:26:36,2025-10-22 13:07:53,6.987,Lorraine Caribe,2025-10-22 13:07:53,In Progress > Ready to Homolog > Homolog > QA Approved Hml > Ready To Staging > Staging > QA Approved Staging > Ready for Production > Done,0,1,0.966,0.966,0.966,0,,,
W1NNR-1562,W1NNR,Tarefa,9,9,0,0,0,0,0,0,3,Nao,0.6667,Sim,2025-10-13 19:48:31,2025-10-22 13:08:51,8.7225,Lorraine Caribe,2025-10-22 13:08:51,In Progress > Ready to Homolog > Homolog > QA Approved Hml > Ready To Staging > Staging > QA Approved Staging > Ready for Production > Done,0,1,0.7532,0.7532,0.7532,0,,,
W1NNR-1563,W1NNR,Tarefa,9,9,0,0,0,0,0,0,3,Nao,0.6667,Sim,2025-10-14 10:30:54,2025-10-22 13:08:19,8.1093,Lorraine Caribe,2025-10-22 13:08:19,In Progress > Ready to Homolog > Homolog > QA Approved Hml > Ready To Staging > Staging > QA Approved Staging > Ready for Production > Done,0,1,0.1404,0.1404,0.1404,0,,,
W1NNR-1564,W1NNR,Tarefa,9,9,0,0,0,0,0,0,3,Nao,0.6667,Sim,2025-10-07 18:32:48,2025-10-22 13:15:58,14.78,Lorraine Caribe,2025-10-22 13:15:58,In Progress > Ready to Homolog > Homolog > QA Approved Hml > Ready To Staging > Staging > QA Approved Staging > Ready for Production > Done,0,1,12.8576,12.8576,12.8576,0,,,
W1NNR-1565,W1NNR,Tarefa,9,9,0,0,0,0,0,0,3,Nao,0.6667,Sim,2025-10-07 18:43:51,2025-10-22 13:08:28,14.7671,Lorraine Caribe,2025-10-22 13:08:28,In Progress > Ready to Homolog > Homolog > QA Approved Hml > Ready To Staging > Staging > QA Approved Staging > Ready for Production > Done,0,1,12.8499,12.8499,12.8499,0,,,
W1NNR-1566,W1NNR,Tarefa,9,9,0,0,0,0,0,0,3,Nao,0.6667,Sim,2025-10-09 18:06:12,2025-10-22 13:09:05,12.7937,Lorraine Caribe,2025-10-22 13:09:05,In Progress > Ready to Homolog > Homolog > QA Approved Hml > Ready To Staging > Staging > QA Approved Staging > Ready for Production > Done,0,1,4.0323,4.0323,4.0323,0,,,
W1NNR-1567,W1NNR,Tarefa,9,9,0,0,0,0,0,0,3,Nao,0.6667,Sim,2025-10-09 19:06:34,2025-10-22 13:14:04,12.7552,Lorraine Caribe,2025-10-22 13:14:04,In Progress > Ready to Homolog > Homolog > QA Approved Hml > Ready To Staging > Staging > QA Approved Staging > Ready for Production > Done,0,1,3.9904,3.9904,3.9904,0,,,
W1NNR-1568,W1NNR,Tarefa,9,9,0,0,0,0,0,0,3,Nao,0.6667,Sim,2025-10-10 20:31:58,2025-10-22 13:08:40,11.6922,Lorraine Caribe,2025-10-22 13:08:40,In Progress > Ready to Homolog > Homolog > QA Approved Hml > Ready To Staging > Staging > QA Approved Staging > Ready for Production > Done,0,1,9.7749,9.7749,9.7749,0,,,
W1NNR-1569,W1NNR,Tarefa,9,9,0,0,0,0,0,0,3,Nao,0.6667,Sim,2025-10-22 13:57:11,2025-11-10 13:41:37,18.9892,Lorraine Caribe,2025-11-10 13:41:37,In Progress > Ready to Homolog > Homolog > QA Approved Hml > Ready To Staging > Staging > QA Approved Staging > Ready for Production > Done,0,1,0.1575,0.1575,0.1575,0,,,
W1NNR-1570,W1NNR,Tarefa,9,9,0,0,0,0,0,0,3,Nao,0.6667,Sim,2025-10-22 14:11:53,2025-11-10 13:41:38,18.979,Lorraine Caribe,2025-11-10 13:41:38,In Progress > Ready to Homolog > Homolog > QA Approved Hml > Ready To Staging > Staging > QA Approved Staging > Ready for Production > Done,0,1,0.1473,0.1473,0.1473,0,,,
W1NNR-1571,W1NNR,Tarefa,9,9,0,0,0,0,0,0,3,Nao,0.6667,Sim,2025-10-22 19:51:36,2025-11-10 13:41:39,18.7431,Lorraine Caribe,2025-11-10 13:41:39,In Progress > Ready to Homolog > Homolog > QA Approved Hml > Ready To Staging > Staging > QA Approved Staging > Ready for Production > Done,0,1,0.7229,0.7229,0.7229,0,,,
W1NNR-1572,W1NNR,Tarefa,9,9,0,0,0,0,0,0,3,Nao,0.6667,Sim,2025-10-22 17:22:19,2025-11-10 13:41:40,18.8468,Lorraine Caribe,2025-11-10 13:41:40,In Progress > Ready to Homolog > Homolog > QA Approved Hml > Ready To Staging > Staging > QA Approved Staging > Ready for Production > Done,0,1,2.098,2.098,2.098,0,,,
W1NNR-1573,W1NNR,Tarefa,9,9,0,0,0,0,0,0,3,Nao,0.6667,Sim,2025-10-22 17:44:17,2025-11-10 13:41:41,18.8315,Lorraine Caribe,2025-11-10 13:41:41,In Progress > Ready to Homolog > Homolog > QA Approved Hml > Ready To Staging > Staging > QA Approved Staging > Ready for Production > Done,0,1,0.8113,0.8113,0.8113,0,,,
W1NNR-1574,W1NNR,Tarefa,9,9,0,0,0,0,0,0,3,Nao,0.6667,Sim,2025-10-22 17:24:30,2025-11-10 13:41:42,18.8453,Lorraine Caribe,2025-11-10 13:41:42,In Progress > Ready to Homolog > Homolog > QA Approved Hml > Ready To Staging > Staging > QA Approved Staging > Ready for Production > Done,0,1,0.0187,0.0187,0.0187,0,,,
W1NNR-1575,W1NNR,Tarefa,9,9,0,0,0,0,0,0,3,Nao,0.6667,Sim,2025-10-28 14:15:51,2025-11-10 13:41:43,12.9763,Lorraine Caribe,2025-11-10 13:41:43,In Progress > Ready to Homolog > Homolog > QA Approved Hml > Ready To Staging > Staging > QA Approved Staging > Ready for Production > Done,0,1,2.278,2.278,2.278,0,,,
W1NNR-1576,W1NNR,Tarefa,9,9,0,0,0,0,0,0,3,Nao,0.6667,Sim,2025-10-23 19:49:57,2025-11-10 13:41:44,17.7443,Lorraine Caribe,2025-11-10 13:41:44,In Progress > Ready to Homolog > Homolog > QA Approved Hml > Ready To Staging > Staging > QA Approved Staging > Ready for Production > Done,0,1,3.7501,3.7501,3.7501,0,,,
W1NNR-1577,W1NNR,Tarefa,9,9,0,0,0,0,0,0,3,Nao,0.6667,Sim,2025-10-27 20:06:17,2025-11-10 13:41:44,13.733,Lorraine Caribe,2025-11-10 13:41:44,In Progress > Ready to Homolog > Homolog > QA Approved Hml > Ready To Staging > Staging > QA Approved Staging > Ready for Production > Done,0,1,6.9006,6.9006,6.9006,0,,,
W1NNR-1578,W1NNR,Tarefa,9,9,0,0,0,0,0,0,3,Nao,0.6667,Sim,2025-10-22 13:58:49,2025-11-10 13:42:29,18.9887,Lorraine Caribe,2025-11-10 13:42:29,In Progress > Ready to Homolog > Homolog > QA Approved Hml > Ready To Staging > Staging > QA Approved Staging > Ready for Production > Done,0,1,6.0114,6.0114,6.0114,0,,,
W1NNR-1579,W1NNR,Tarefa,9,9,0,0,0,0,0,0,3,Nao,0.6667,Sim,2025-10-23 14:26:05,2025-11-10 13:41:45,17.9692,Lorraine Caribe,2025-11-10 13:41:45,In Progress > Ready to Homolog > Homolog > QA Approved Hml > Ready To Staging > Staging > QA Approved Staging > Ready for Production > Done,0,1,3.975,3.975,3.975,0,,,
W1NNR-1580,W1NNR,Tarefa,9,9,0,0,0,0,0,0,3,Nao,0.6667,Sim,2025-10-22 19:00:41,2025-11-10 13:41:46,18.7785,Lorraine Caribe,2025-11-10 13:41:46,In Progress > Ready to Homolog > Homolog > QA Approved Hml > Ready To Staging > Staging > QA Approved Staging > Ready for Production > Done,0,1,7.0917,7.0917,7.0917,0,,,
W1NNR-1581,W1NNR,Tarefa,9,9,0,0,0,0,0,0,3,Nao,0.6667,Sim,2025-10-28 18:22:30,2025-11-10 13:41:47,12.8051,Lorraine Caribe,2025-11-10 13:41:47,In Progress > Ready to Homolog > Homolog > QA Approved Hml > Ready To Staging > Staging > QA Approved Staging > Ready for Production > Done,0,1,1.0082,1.0082,1.0082,0,,,
W1NNR-1582,W1NNR,Tarefa,9,9,0,0,0,0,0,0,3,Nao,0.6667,Sim,2025-10-30 14:29:41,2025-11-10 13:41:48,10.9668,Lorraine Caribe,2025-11-10 13:41:48,In Progress > Ready to Homolog > Homolog > QA Approved Hml > Ready To Staging > Staging > QA Approved Staging > Ready for Production > Done,0,1,1.0117,1.0117,1.0117,0,,,
W1NNR-1583,W1NNR,Tarefa,9,9,0,0,0,0,0,0,3,Nao,0.6667,Sim,2025-10-28 11:25:19,2025-11-10 13:42:25,13.0952,Lorraine Caribe,2025-11-10 13:42:25,In Progress > Ready to Homolog > Homolog > QA Approved Hml > Ready To Staging > Staging > QA Approved Staging > Ready for Production > Done,0,1,2.2628,2.2628,2.2628,0,,,
W1NNR-1584,W1NNR,Tarefa,9,9,0,0,0,0,0,0,3,Nao,0.6667,Sim,2025-10-29 19:52:35,2025-11-10 13:42:26,11.743,Lorraine Caribe,2025-11-10 13:42:26,In Progress > Ready to Homolog > Homolog > QA Approved Hml > Ready To Staging > Staging > QA Approved Staging > Ready for Production > Done,0,1,4.8093,4.8093,4.8093,0,,,
W1NNR-1585,W1NNR,Tarefa,9,9,0,0,0,0,0,0,3,Nao,0.6667,Sim,2025-10-23 19:37:21,2025-11-10 13:42:27,17.7535,Lorraine Caribe,2025-11-10 13:42:27,In Progress > Ready to Homolog > Homolog > QA Approved Hml > Ready To Staging > Staging > QA Approved Staging > Ready for Production > Done,0,1,5.0615,5.0615,5.0615,0,,,
W1NNR-1586,W1NNR,Tarefa,9,9,0,0,0,0,0,0,3,Nao,0.6667,Sim,2025-10-23 12:32:09,2025-11-10 13:42:28,18.0488,Lorraine Caribe,2025-11-10 13:42:28,In Progress > Ready to Homolog > Homolog > QA Approved Hml > Ready To Staging > Staging > QA Approved Staging > Ready for Production > Done,0,1,1.3012,1.3012,1.3012,0,,,
W1NNR-1587,W1NNR,Tarefa,9,9,0,0,0,0,0,0,3,Nao,0.6667,Sim,2025-11-12 19:18:43,2025-11-24 18:27:18,11.9643,Lorraine Caribe,2025-11-24 18:27:18,In Progress > Ready to Homolog > Homolog > QA Approved Hml > Ready To Staging > Staging > QA Approved Staging > Ready for Production > Done,0,1,0.0001,0.0001,0.0001,0,,,
W1NNR-1588,W1NNR,Tarefa,9,9,0,0,0,0,0,0,3,Nao,0.6667,Sim,2025-11-10 20:13:38,2025-11-24 18:27:15,13.9261,Lorraine Caribe,2025-11-24 18:27:15,In Progress > Ready to Homolog > Homolog > QA Approved Hml > Ready To Staging > Staging > QA Approved Staging > Ready for Production > Done,0,1,2.7764,2.7764,2.7764,0,,,
W1NNR-1589,W1NNR,Tarefa,9,9,0,0,0,0,0,0,3,Nao,0.6667,Sim,2025-11-12 19:18:53,2025-11-24 18:27:16,11.9641,Lorraine Caribe,2025-11-24 18:27:16,In Progress > Ready to Homolog > Homolog > QA Approved Hml > Ready To Staging > Staging > QA Approved Staging > Ready for Production > Done,0,1,0.0001,0.0001,0.0001,0,,,
W1NNR-1590,W1NNR,Tarefa,9,9,0,0,0,0,0,0,3,Nao,0.6667,Sim,2025-11-12 19:19:03,2025-11-24 18:27:16,11.964,Lorraine Caribe,2025-11-24 18:27:16,In Progress > Ready to Homolog > Homolog > QA Approved Hml > Ready To Staging > Staging > QA Approved Staging > Ready for Production > Done,0,1,4.7098,4.7098,4.7098,0,,,
W1NNR-1591,W1NNR,Tarefa,9,9,0,0,0,0,0,0,3,Nao,0.6667,Sim,2025-11-11 12:49:15,2025-11-24 18:27:16,13.2347,Lorraine Caribe,2025-11-24 18:27:16,In Progress > Ready to Homolog > Homolog > QA Approved Hml > Ready To Staging > Staging > QA Approved Staging > Ready for Production > Done,0,1,3.0197,3.0197,3.0197,0,,,
W1NNR-1592,W1NNR,Tarefa,9,9,0,0,0,0,0,0,3,Nao,0.6667,Sim,2025-11-10 20:14:55,2025-11-24 18:27:16,13.9253,Lorraine Caribe,2025-11-24 18:27:16,In Progress > Ready to Homolog > Homolog > QA Approved Hml > Ready To Staging > Staging > QA Approved Staging > Ready for Production > Done,0,1,2.7756,2.7756,2.7756,0,,,
W1NNR-1593,W1NNR,Tarefa,9,9,0,0,0,0,0,0,3,Nao,0.6667,Sim,2025-11-11 21:10:16,2025-11-24 18:27:17,12.8868,Lorraine Caribe,2025-11-24 18:27:17,In Progress > Ready to Homolog > Homolog > QA Approved Hml > Ready To Staging > Staging > QA Approved Staging > Ready for Production > Done,0,1,1.6941,1.6941,1.6941,0,,,
W1NNR-1594,W1NNR,Tarefa,9,9,0,0,0,0,0,0,3,Nao,0.6667,Sim,2025-11-17 12:36:50,2025-11-24 18:27:17,7.2434,Lorraine Caribe,2025-11-24 18:27:17,In Progress > Ready to Homolog > Homolog > QA Approved Hml > Ready To Staging > Staging > QA Approved Staging > Ready for Production > Done,0,1,0.0313,0.0313,0.0313,0,,,
W1NNR-1595,W1NNR,Tarefa,9,9,0,0,0,0,0,0,3,Nao,0.6667,Sim,2025-11-13 12:38:33,2025-11-24 18:27:17,11.2422,Lorraine Caribe,2025-11-24 18:27:17,In Progress > Ready to Homolog > Homolog > QA Approved Hml > Ready To Staging > Staging > QA Approved Staging > Ready for Production > Done,0,1,4.0301,4.0301,4.0301,0,,,
W1NNR-1596,W1NNR,Tarefa,9,9,0,0,0,0,0,0,3,Nao,0.6667,Sim,2025-11-13 04:36:57,2025-11-24 18:27:17,11.5766,Lorraine Caribe,2025-11-24 18:27:17,In Progress > Ready to Homolog > Homolog > QA Approved Hml > Ready To Staging > Staging > QA Approved Staging > Ready for Production > Done,0,1,4.5583,4.5583,4.5583,0,,,
W1NNR-1597,W1NNR,Tarefa,9,9,0,0,0,0,0,0,3,Nao,0.6667,Sim,2025-11-10 17:29:31,2025-11-24 18:27:18,14.0401,Lorraine Caribe,2025-11-24 18:27:18,In Progress > Ready to Homolog > Homolog > QA Approved Hml > Ready To Staging > Staging > QA Approved Staging > Ready for Production > Done,0,1,2.7977,2.7977,2.7977,0,,,
W1NNR-1599,W1NNR,Tarefa,9,9,0,0,0,0,0,0,3,Nao,0.6667,Sim,2025-11-24 13:25:37,2025-12-12 19:22:21,18.2477,Thaís Cabral,2025-12-12 19:22:21,In Progress > Ready to Homolog > Homolog > QA Approved Hml > Ready To Staging > Staging > QA Approved Staging > Ready for Production > Done,0,1,2.9923,2.9923,2.9923,0,,,
W1NNR-1600,W1NNR,Tarefa,9,9,0,0,0,0,0,0,3,Nao,0.6667,Sim,2025-11-24 13:25:44,2025-12-12 19:22:23,18.2477,Thaís Cabral,2025-12-12 19:22:23,In Progress > Ready to Homolog > Homolog > QA Approved Hml > Ready To Staging > Staging > QA Approved Staging > Ready for Production > Done,0,1,0.9692,0.9692,0.9692,0,,,
W1NNR-1601,W1NNR,Tarefa,9,9,0,0,0,0,0,0,3,Nao,0.6667,Sim,2025-11-28 20:29:20,2025-12-12 19:22:24,13.9535,Thaís Cabral,2025-12-12 19:22:24,In Progress > Ready to Homolog > Homolog > QA Approved Hml > Ready To Staging > Staging > QA Approved Staging > Ready for Production > Done,0,1,4.7272,4.7272,4.7272,0,,,
W1NNR-1602,W1NNR,Tarefa,9,9,0,0,0,0,0,0,3,Nao,0.6667,Sim,2025-11-24 19:28:47,2025-12-12 19:22:26,17.9956,Thaís Cabral,2025-12-12 19:22:26,In Progress > Ready to Homolog > Homolog > QA Approved Hml > Ready To Staging > Staging > QA Approved Staging > Ready for Production > Done,0,1,3.7806,3.7806,3.7806,0,,,
W1NNR-1603,W1NNR,Tarefa,9,9,0,0,0,0,0,0,3,Nao,0.6667,Sim,2025-11-26 13:51:02,2025-12-12 19:22:27,16.2302,Thaís Cabral,2025-12-12 19:22:27,In Progress > Ready to Homolog > Homolog > QA Approved Hml > Ready To Staging > Staging > QA Approved Staging > Ready for Production > Done,0,1,5.2836,5.2836,5.2836,0,,,
W1NNR-1604,W1NNR,Tarefa,9,9,0,0,0,0,0,0,3,Nao,0.6667,Sim,2025-11-26 19:42:17,2025-12-12 19:22:28,15.9862,Thaís Cabral,2025-12-12 19:22:28,In Progress > Ready to Homolog > Homolog > QA Approved Hml > Ready To Staging > Staging > QA Approved Staging > Ready for Production > Done,0,1,4.7748,4.7748,4.7748,0,,,
W1NNR-1605,W1NNR,Tarefa,9,9,0,0,0,0,0,0,3,Nao,0.6667,Sim,2025-11-26 18:05:05,2025-12-12 19:22:29,16.0538,Thaís Cabral,2025-12-12 19:22:29,In Progress > Ready to Homolog > Homolog > QA Approved Hml > Ready To Staging > Staging > QA Approved Staging > Ready for Production > Done,0,1,1.8388,1.8388,1.8388,0,,,
W1NNR-1606,W1NNR,Tarefa,9,9,0,0,0,0,0,0,3,Nao,0.6667,Sim,2025-11-26 17:02:49,2025-12-12 19:22:31,16.097,Thaís Cabral,2025-12-12 19:22:31,In Progress > Ready to Homolog > Homolog > QA Approved Hml > Ready To Staging > Staging > QA Approved Staging > Ready for Production > Done,0,1,2.1365,2.1365,2.1365,0,,,
W1NNR-1607,W1NNR,Tarefa,9,9,0,0,0,0,0,0,3,Nao,0.6667,Sim,2025-11-26 17:03:37,2025-12-12 19:22:32,16.0965,Thaís Cabral,2025-12-12 19:22:32,In Progress > Ready to Homolog > Homolog > QA Approved Hml > Ready To Staging > Staging > QA Approved Staging > Ready for Production > Done,0,1,2.1361,2.1361,2.1361,0,,,
W1NNR-1608,W1NNR,Tarefa,9,9,0,0,0,0,0,0,3,Nao,0.6667,Sim,2025-11-28 18:27:06,2025-12-12 19:22:34,14.0385,Thaís Cabral,2025-12-12 19:22:34,In Progress > Ready to Homolog > Homolog > QA Approved Hml > Ready To Staging > Staging > QA Approved Staging > Ready for Production > Done,0,1,2.7735,2.7735,2.7735,0,,,
W1NNR-1609,W1NNR,Tarefa,9,9,0,0,0,0,0,0,3,Nao,0.6667,Sim,2025-12-01 13:49:50,2025-12-12 19:22:36,11.2311,Thaís Cabral,2025-12-12 19:22:36,In Progress > Ready to Homolog > Homolog > QA Approved Hml > Ready To Staging > Staging > QA Approved Staging > Ready for Production > Done,0,1,0.2844,0.2844,0.2844,0,,,
W1NNR-1610,W1NNR,Tarefa,9,9,0,0,0,0,0,0,3,Nao,0.6667,Sim,2025-11-27 17:12:58,2025-12-12 19:23:46,15.0908,Thaís Cabral,2025-12-12 19:23:46,In Progress > Ready to Homolog > Homolog > QA Approved Hml > Ready To Staging > Staging > QA Approved Staging > Ready for Production > Done,0,1,7.1621,7.1621,7.1621,0,,,
W1NNR-1611,W1NNR,Tarefa,9,9,0,0,0,0,0,0,3,Nao,0.6667,Sim,2025-12-02 18:33:07,2025-12-12 19:22:37,10.0344,Thaís Cabral,2025-12-12 19:22:37,In Progress > Ready to Homolog > Homolog > QA Approved Hml > Ready To Staging > Staging > QA Approved Staging > Ready for Production > Done,0,1,2.7652,2.7652,2.7652,0,,,
W1NNR-1612,W1NNR,Tarefa,9,9,0,0,0,0,0,0,3,Nao,0.6667,Sim,2025-12-01 20:47:08,2025-12-12 19:22:39,10.9413,Thaís Cabral,2025-12-12 19:22:39,In Progress > Ready to Homolog > Homolog > QA Approved Hml > Ready To Staging > Staging > QA Approved Staging > Ready for Production > Done,0,1,1.7157,1.7157,1.7157,0,,,
W1NNR-1613,W1NNR,Tarefa,9,9,0,0,0,0,0,0,3,Nao,0.6667,Sim,2025-12-03 17:17:06,2025-12-12 19:22:40,9.0872,Thaís Cabral,2025-12-12 19:22:40,In Progress > Ready to Homolog > Homolog > QA Approved Hml > Ready To Staging > Staging > QA Approved Staging > Ready for Production > Done,0,1,1.1591,1.1591,1.1591,0,,,
W1NNR-1614,W1NNR,Tarefa,9,9,0,0,0,0,0,0,3,Nao,0.6667,Sim,2025-12-01 19:16:09,2025-12-12 19:23:36,11.0052,Thaís Cabral,2025-12-12 19:23:36,In Progress > Ready to Homolog > Homolog > QA Approved Hml > Ready To Staging > Staging > QA Approved Staging > Ready for Production > Done,0,1,1.7624,1.7624,1.7624,0,,,
W1NNR-1617,W1NNR,Tarefa,9,9,0,0,0,0,0,0,3,Nao,0.6667,Sim,2025-10-06 19:59:41,2025-10-22 13:15:48,15.7195,Lorraine Caribe,2025-10-22 13:15:48,In Progress > Ready to Homolog > Homolog > QA Approved Hml > Ready To Staging > Staging > QA Approved Staging > Ready for Production > Done,0,1,2.6663,2.6663,2.6663,0,,,
W1NNR-1642,W1NNR,Tarefa,9,9,0,0,0,0,0,0,3,Nao,0.6667,Sim,2025-10-14 19:40:04,2025-10-22 01:31:39,7.2441,Thaís Cabral,2025-10-22 01:31:39,In Progress > Ready to Homolog > Homolog > QA Approved Hml > Ready To Staging > Staging > QA Approved Staging > Ready for Production > Done,0,1,0.7022,0.7022,0.7022,0,,,
W1NNR-1643,W1NNR,Tarefa,9,9,0,0,0,0,0,0,3,Nao,0.6667,Sim,2025-10-14 20:12:15,2025-10-22 01:31:37,7.2218,Thaís Cabral,2025-10-22 01:31:37,In Progress > Ready to Homolog > Homolog > QA Approved Hml > Ready To Staging > Staging > QA Approved Staging > Ready for Production > Done,0,1,0.8968,0.8968,0.8968,0,,,
W1NNR-1644,W1NNR,Tarefa,9,9,0,0,0,0,0,0,3,Nao,0.6667,Sim,2025-10-15 18:22:34,2025-10-22 01:31:36,6.2979,Thaís Cabral,2025-10-22 01:31:36,In Progress > Ready to Homolog > Homolog > QA Approved Hml > Ready To Staging > Staging > QA Approved Staging > Ready for Production > Done,0,1,1.0664,1.0664,1.0664,0,,,
W1NNR-1645,W1NNR,Tarefa,9,9,0,0,0,0,0,0,3,Nao,0.6667,Sim,2025-10-15 17:43:39,2025-10-22 01:31:35,6.3249,Thaís Cabral,2025-10-22 01:31:35,In Progress > Ready to Homolog > Homolog > QA Approved Hml > Ready To Staging > Staging > QA Approved Staging > Ready for Production > Done,0,1,1.0935,1.0935,1.0935,0,,,
W1NNR-1646,W1NNR,Tarefa,9,9,0,0,0,0,0,0,3,Nao,0.6667,Sim,2025-10-15 20:58:27,2025-10-22 01:31:33,6.1897,Thaís Cabral,2025-10-22 01:31:33,In Progress > Ready to Homolog > Homolog > QA Approved Hml > Ready To Staging > Staging > QA Approved Staging > Ready for Production > Done,0,1,0.9582,0.9582,0.9582,0,,,
W1NNR-1647,W1NNR,Tarefa,9,9,0,0,0,0,0,0,3,Nao,0.6667,Sim,2025-10-15 18:20:54,2025-10-22 01:31:32,6.2991,Thaís Cabral,2025-10-22 01:31:32,In Progress > Ready to Homolog > Homolog > QA Approved Hml > Ready To Staging > Staging > QA Approved Staging > Ready for Production > Done,0,1,1.0677,1.0677,1.0677,0,,,
W1NNR-1648,W1NNR,Tarefa,9,9,0,0,0,0,0,0,3,Nao,0.6667,Sim,2025-10-15 18:37:58,2025-10-22 01:31:43,6.2873,Thaís Cabral,2025-10-22 01:31:43,In Progress > Ready to Homolog > Homolog > QA Approved Hml > Ready To Staging > Staging > QA Approved Staging > Ready for Production > Done,0,1,1.0411,1.0411,1.0411,0,,,
W1NNR-1649,W1NNR,Tarefa,9,9,0,0,0,0,0,0,3,Nao,0.6667,Sim,2025-10-14 17:50:05,2025-10-22 01:31:42,7.3206,Thaís Cabral,2025-10-22 01:31:42,In Progress > Ready to Homolog > Homolog > QA Approved Hml > Ready To Staging > Staging > QA Approved Staging > Ready for Production > Done,0,1,1.1327,1.1327,1.1327,0,,,
W1NNR-1650,W1NNR,Tarefa,9,9,0,0,0,0,0,0,3,Nao,0.6667,Sim,2025-10-15 20:14:49,2025-10-22 01:31:44,6.2201,Thaís Cabral,2025-10-22 01:31:44,In Progress > Ready to Homolog > Homolog > QA Approved Hml > Ready To Staging > Staging > QA Approved Staging > Ready for Production > Done,0,1,0.9394,0.9394,0.9394,0,,,
W1NNR-1651,W1NNR,Tarefa,9,9,0,0,0,0,0,0,3,Nao,0.6667,Sim,2025-10-16 20:53:19,2025-10-22 01:31:45,5.1934,Thaís Cabral,2025-10-22 01:31:45,In Progress > Ready to Homolog > Homolog > QA Approved Hml > Ready To Staging > Staging > QA Approved Staging > Ready for Production > Done,0,1,0.6604,0.6604,0.6604,0,,,
W1NNR-1652,W1NNR,Tarefa,9,9,0,0,0,0,0,0,3,Nao,0.6667,Sim,2025-10-23 17:50:18,2025-11-05 18:27:03,13.0255,Lorraine Caribe,2025-11-05 18:27:03,In Progress > Ready to Homolog > Homolog > QA Approved Hml > Ready To Staging > Staging > QA Approved Staging > Ready for Production > Done,0,1,0.0066,0.0066,0.0066,0,,,
W1NNR-1664,W1NNR,Tarefa,9,9,0,0,0,0,0,0,3,Nao,0.6667,Sim,2025-11-10 13:41:46,2025-11-13 20:30:55,3.2841,Lorraine Caribe,2025-11-13 20:30:55,In Progress > Ready to Homolog > Homolog > QA Approved Hml > Ready To Staging > Staging > QA Approved Staging > Ready for Production > Done,0,1,0.27,0.27,0.27,0,,,
W1NNR-1665,W1NNR,Tarefa,9,9,0,0,0,0,0,0,3,Nao,0.6667,Sim,2025-11-10 17:58:50,2025-11-13 20:31:07,3.1058,Lorraine Caribe,2025-11-13 20:31:07,In Progress > Ready to Homolog > Homolog > QA Approved Hml > Ready To Staging > Staging > QA Approved Staging > Ready for Production > Done,0,1,0.1062,0.1062,0.1062,0,,,
W1NNR-1666,W1NNR,Tarefa,9,9,0,0,0,0,0,0,3,Nao,0.6667,Sim,2025-11-07 18:25:14,2025-11-13 20:31:06,6.0874,Lorraine Caribe,2025-11-13 20:31:06,In Progress > Ready to Homolog > Homolog > QA Approved Hml > Ready To Staging > Staging > QA Approved Staging > Ready for Production > Done,0,1,4.0972,4.0972,4.0972,0,,,
W1NNR-1667,W1NNR,Tarefa,9,9,0,0,0,0,0,0,3,Nao,0.6667,Sim,2025-11-10 19:34:22,2025-11-13 20:30:53,3.0392,Lorraine Caribe,2025-11-13 20:30:53,In Progress > Ready to Homolog > Homolog > QA Approved Hml > Ready To Staging > Staging > QA Approved Staging > Ready for Production > Done,0,1,1.7627,1.7627,1.7627,0,,,
W1NNR-1668,W1NNR,Tarefa,9,9,0,0,0,0,0,0,3,Nao,0.6667,Sim,2025-11-10 21:03:46,2025-11-13 20:31:08,2.9773,Lorraine Caribe,2025-11-13 20:31:08,In Progress > Ready to Homolog > Homolog > QA Approved Hml > Ready To Staging > Staging > QA Approved Staging > Ready for Production > Done,0,1,0.9871,0.9871,0.9871,0,,,
W1NNR-1669,W1NNR,Tarefa,9,9,0,0,0,0,0,0,3,Nao,0.6667,Sim,2025-11-10 20:09:42,2025-11-13 20:30:54,3.0147,Lorraine Caribe,2025-11-13 20:30:54,In Progress > Ready to Homolog > Homolog > QA Approved Hml > Ready To Staging > Staging > QA Approved Staging > Ready for Production > Done,0,1,1.7501,1.7501,1.7501,0,,,
W1NNR-1670,W1NNR,Tarefa,9,9,0,0,0,0,0,0,3,Nao,0.6667,Sim,2025-11-03 20:19:31,2025-11-13 20:31:13,10.0081,Lorraine Caribe,2025-11-13 20:31:13,In Progress > Ready to Homolog > Homolog > QA Approved Hml > Ready To Staging > Staging > QA Approved Staging > Ready for Production > Done,0,1,6.8855,6.8855,6.8855,0,,,
W1NNR-1671,W1NNR,Tarefa,9,9,0,0,0,0,0,0,3,Nao,0.6667,Sim,2025-11-06 19:09:34,2025-11-13 20:31:09,7.0566,Lorraine Caribe,2025-11-13 20:31:09,In Progress > Ready to Homolog > Homolog > QA Approved Hml > Ready To Staging > Staging > QA Approved Staging > Ready for Production > Done,0,1,4.0801,4.0801,4.0801,0,,,
W1NNR-1672,W1NNR,Tarefa,9,9,0,0,0,0,0,0,3,Nao,0.6667,Sim,2025-11-11 18:09:13,2025-11-13 20:31:10,2.0986,Lorraine Caribe,2025-11-13 20:31:10,In Progress > Ready to Homolog > Homolog > QA Approved Hml > Ready To Staging > Staging > QA Approved Staging > Ready for Production > Done,0,1,0.8213,0.8213,0.8213,0,,,
W1NNR-1673,W1NNR,Tarefa,9,9,0,0,0,0,0,0,3,Nao,0.6667,Sim,2025-11-11 19:08:23,2025-11-13 20:31:11,2.0575,Lorraine Caribe,2025-11-13 20:31:11,In Progress > Ready to Homolog > Homolog > QA Approved Hml > Ready To Staging > Staging > QA Approved Staging > Ready for Production > Done,0,1,0.1083,0.1083,0.1083,0,,,
W1NNR-1674,W1NNR,Tarefa,9,9,0,0,0,0,0,0,3,Nao,0.6667,Sim,2025-11-03 19:55:02,2025-11-13 20:31:04,10.025,Lorraine Caribe,2025-11-13 20:31:04,In Progress > Ready to Homolog > Homolog > QA Approved Hml > Ready To Staging > Staging > QA Approved Staging > Ready for Production > Done,0,1,6.7407,6.7407,6.7407,0,,,
W1NNR-1684,W1NNR,Tarefa,9,9,0,0,0,0,0,0,3,Nao,0.6667,Sim,2025-10-16 10:56:09,2025-10-22 13:14:58,6.0964,Lorraine Caribe,2025-10-22 13:14:58,In Progress > Ready to Homolog > Homolog > QA Approved Hml > Ready To Staging > Staging > QA Approved Staging > Ready for Production > Done,0,1,0.0705,0.0705,0.0705,0,,,
W1NNR-1685,W1NNR,Tarefa,9,9,0,0,0,0,0,0,3,Nao,0.6667,Sim,2025-12-01 18:49:41,2025-12-12 19:23:28,11.0235,Thaís Cabral,2025-12-12 19:23:28,In Progress > Ready to Homolog > Homolog > QA Approved Hml > Ready To Staging > Staging > QA Approved Staging > Ready for Production > Done,0,1,1.7973,1.7973,1.7973,0,,,
W1NNR-1703,W1NNR,Tarefa,9,9,0,0,0,0,0,0,3,Nao,0.6667,Sim,2025-10-23 13:15:38,2025-11-10 13:42:30,18.0187,Lorraine Caribe,2025-11-10 13:42:30,In Progress > Ready to Homolog > Homolog > QA Approved Hml > Ready To Staging > Staging > QA Approved Staging > Ready for Production > Done,0,1,0.0483,0.0483,0.0483,0,,,
W1NNR-1714,W1NNR,Tarefa,9,9,0,0,0,0,0,0,3,Nao,0.6667,Sim,2025-11-21 18:12:55,2025-12-19 19:14:53,28.043,Lorraine Caribe,2025-12-19 19:14:53,In Progress > Ready to Homolog > Homolog > QA Approved Hml > Ready To Staging > Staging > QA Approved Staging > Ready for Production > Done,0,1,4.0746,4.0746,4.0746,0,,,
W1NNR-1715,W1NNR,Tarefa,9,9,0,0,0,0,0,0,3,Nao,0.6667,Sim,2025-11-25 12:21:40,2025-12-19 19:14:52,24.2869,Lorraine Caribe,2025-12-19 19:14:52,In Progress > Ready to Homolog > Homolog > QA Approved Hml > Ready To Staging > Staging > QA Approved Staging > Ready for Production > Done,0,1,0.0168,0.0168,0.0168,0,,,
W1NNR-1716,W1NNR,Tarefa,3,3,0,0,0,0,0,0,1,Nao,0.6667,Sim,2025-11-18 17:28:29,2026-02-18 15:42:53,91.9267,Lara Junqueira Alvarenga,2026-02-18 15:42:53,In Progress > Cancelled > Done,0,1,0.0159,0.0159,0.0159,0,,,
W1NNR-1718,W1NNR,Tarefa,9,9,0,0,0,0,0,0,3,Nao,0.6667,Sim,2025-11-25 20:18:37,2025-12-19 19:14:55,23.9558,Lorraine Caribe,2025-12-19 19:14:55,In Progress > Ready to Homolog > Homolog > QA Approved Hml > Ready To Staging > Staging > QA Approved Staging > Ready for Production > Done,0,1,8.6805,8.6805,8.6805,0,,,
W1NNR-1719,W1NNR,Tarefa,3,3,0,0,0,0,0,0,1,Nao,0.6667,Sim,2025-11-27 18:38:18,2026-02-18 15:42:53,82.8782,Lara Junqueira Alvarenga,2026-02-18 15:42:53,In Progress > Cancelled > Done,0,1,19.7653,19.7653,19.7653,0,,,
W1NNR-1720,W1NNR,Tarefa,9,9,0,0,0,0,0,0,3,Nao,0.6667,Sim,2025-11-21 20:48:08,2025-12-19 19:14:56,27.9353,Lorraine Caribe,2025-12-19 19:14:56,In Progress > Ready to Homolog > Homolog > QA Approved Hml > Ready To Staging > Staging > QA Approved Staging > Ready for Production > Done,0,1,13.9404,13.9404,13.9404,0,,,
W1NNR-1721,W1NNR,Tarefa,9,9,0,0,0,0,0,0,3,Nao,0.6667,Sim,2025-11-18 15:31:27,2025-12-19 19:14:58,31.1552,Lorraine Caribe,2025-12-19 19:14:58,In Progress > Ready to Homolog > Homolog > QA Approved Hml > Ready To Staging > Staging > QA Approved Staging > Ready for Production > Done,0,1,0.2222,0.2222,0.2222,0,,,
W1NNR-1723,W1NNR,Tarefa,9,9,0,0,0,0,0,0,3,Nao,0.6667,Sim,2025-11-18 18:01:06,2025-12-19 19:14:59,31.0513,Lorraine Caribe,2025-12-19 19:14:59,In Progress > Ready to Homolog > Homolog > QA Approved Hml > Ready To Staging > Staging > QA Approved Staging > Ready for Production > Done,0,1,7.9971,7.9971,7.9971,0,,,
W1NNR-1724,W1NNR,Tarefa,9,9,0,0,0,0,0,0,3,Nao,0.6667,Sim,2025-11-17 18:49:36,2025-12-19 19:15:00,32.0176,Lorraine Caribe,2025-12-19 19:15:00,In Progress > Ready to Homolog > Homolog > QA Approved Hml > Ready To Staging > Staging > QA Approved Staging > Ready for Production > Done,0,1,0.9441,0.9441,0.9441,0,,,
W1NNR-1725,W1NNR,Tarefa,9,9,0,0,0,0,0,0,3,Nao,0.6667,Sim,2025-11-18 20:43:29,2025-12-19 19:15:01,30.9386,Lorraine Caribe,2025-12-19 19:15:01,In Progress > Ready to Homolog > Homolog > QA Approved Hml > Ready To Staging > Staging > QA Approved Staging > Ready for Production > Done,0,1,7.8843,7.8843,7.8843,0,,,
W1NNR-1727,W1NNR,Tarefa,9,9,0,0,0,0,0,0,3,Nao,0.6667,Sim,2025-11-18 20:51:28,2025-12-19 19:15:02,30.933,Lorraine Caribe,2025-12-19 19:15:02,In Progress > Ready to Homolog > Homolog > QA Approved Hml > Ready To Staging > Staging > QA Approved Staging > Ready for Production > Done,0,1,1.1076,1.1076,1.1076,0,,,
W1NNR-1728,W1NNR,Tarefa,9,9,0,0,0,0,0,0,3,Nao,0.6667,Sim,2025-12-03 13:12:37,2025-12-19 19:15:04,16.2517,Lorraine Caribe,2025-12-19 19:15:04,In Progress > Ready to Homolog > Homolog > QA Approved Hml > Ready To Staging > Staging > QA Approved Staging > Ready for Production > Done,0,1,2.2568,2.2568,2.2568,0,,,
W1NNR-173,W1NNR,Tarefa,3,3,0,0,0,2,0,0,0,Sim,0.6667,Sim,2024-08-22 19:48:05,2024-08-26 18:04:48,3.9283,Lara Junqueira Alvarenga,2024-08-26 18:04:48,In Progress > Ready To Staging > Done,0,1,0.016,0.016,0.016,0,,,
W1NNR-1730,W1NNR,Tarefa,9,9,0,0,0,0,0,0,3,Nao,0.6667,Sim,2025-10-29 18:59:58,2025-11-10 13:42:30,11.7795,Lorraine Caribe,2025-11-10 13:42:30,In Progress > Ready to Homolog > Homolog > QA Approved Hml > Ready To Staging > Staging > QA Approved Staging > Ready for Production > Done,0,1,0.947,0.947,0.947,0,,,
W1NNR-174,W1NNR,Tarefa,3,3,0,0,0,2,0,0,0,Sim,0.6667,Sim,2024-08-22 19:49:05,2024-08-26 18:04:38,3.9275,Lara Junqueira Alvarenga,2024-08-26 18:04:38,In Progress > Ready To Staging > Done,0,1,0.0152,0.0152,0.0152,0,,,
W1NNR-1749,W1NNR,Tarefa,9,9,0,0,0,0,0,0,3,Nao,0.6667,Sim,2025-11-03 19:58:25,2025-11-10 13:42:31,6.739,Lorraine Caribe,2025-11-10 13:42:31,In Progress > Ready to Homolog > Homolog > QA Approved Hml > Ready To Staging > Staging > QA Approved Staging > Ready for Production > Done,0,1,0.797,0.797,0.797,0,,,
W1NNR-175,W1NNR,Tarefa,3,3,0,0,0,2,0,0,0,Sim,0.6667,Sim,2024-08-22 19:56:12,2024-08-26 18:04:40,3.9225,Lara Junqueira Alvarenga,2024-08-26 18:04:40,In Progress > Ready To Staging > Done,0,1,0.0103,0.0103,0.0103,0,,,
W1NNR-1750,W1NNR,Tarefa,9,9,0,0,0,0,0,0,3,Nao,0.6667,Sim,2025-11-03 19:58:23,2025-11-10 13:42:32,6.739,Lorraine Caribe,2025-11-10 13:42:32,In Progress > Ready to Homolog > Homolog > QA Approved Hml > Ready To Staging > Staging > QA Approved Staging > Ready for Production > Done,0,1,0.9053,0.9053,0.9053,0,,,
W1NNR-1751,W1NNR,Tarefa,9,9,0,0,0,0,0,0,3,Nao,0.6667,Sim,2025-11-04 01:03:48,2025-11-10 13:42:33,6.5269,Lorraine Caribe,2025-11-10 13:42:33,In Progress > Ready to Homolog > Homolog > QA Approved Hml > Ready To Staging > Staging > QA Approved Staging > Ready for Production > Done,0,1,0.0001,0.0001,0.0001,0,,,
W1NNR-1753,W1NNR,Tarefa,9,9,0,0,0,0,0,0,3,Nao,0.6667,Sim,2025-11-04 18:53:01,2025-11-24 18:25:01,19.9806,Lorraine Caribe,2025-11-24 18:25:01,In Progress > Ready to Homolog > Homolog > QA Approved Hml > Ready To Staging > Staging > QA Approved Staging > Ready for Production > Done,0,1,6.7389,6.7389,6.7389,0,,,
W1NNR-1754,W1NNR,Tarefa,9,9,0,0,0,0,0,0,3,Nao,0.6667,Sim,2025-11-10 12:37:59,2025-11-24 18:25:02,14.241,Lorraine Caribe,2025-11-24 18:25:02,In Progress > Ready to Homolog > Homolog > QA Approved Hml > Ready To Staging > Staging > QA Approved Staging > Ready for Production > Done,0,1,0.9993,0.9993,0.9993,0,,,
W1NNR-1755,W1NNR,Tarefa,9,9,0,0,0,0,0,0,3,Nao,0.6667,Sim,2025-11-11 12:37:11,2025-11-24 18:25:02,13.2416,Lorraine Caribe,2025-11-24 18:25:02,In Progress > Ready to Homolog > Homolog > QA Approved Hml > Ready To Staging > Staging > QA Approved Staging > Ready for Production > Done,0,1,1.0792,1.0792,1.0792,0,,,
W1NNR-1756,W1NNR,Tarefa,9,9,0,0,0,0,0,0,3,Nao,0.6667,Sim,2025-11-12 19:41:29,2025-11-24 18:25:02,11.9469,Lorraine Caribe,2025-11-24 18:25:02,In Progress > Ready to Homolog > Homolog > QA Approved Hml > Ready To Staging > Staging > QA Approved Staging > Ready for Production > Done,0,1,0.7981,0.7981,0.7981,0,,,
W1NNR-1757,W1NNR,Tarefa,9,9,0,0,0,0,0,0,3,Nao,0.6667,Sim,2025-11-11 12:37:16,2025-11-24 18:25:02,13.2415,Lorraine Caribe,2025-11-24 18:25:02,In Progress > Ready to Homolog > Homolog > QA Approved Hml > Ready To Staging > Staging > QA Approved Staging > Ready for Production > Done,0,1,1.2946,1.2946,1.2946,0,,,
W1NNR-1759,W1NNR,Tarefa,9,9,0,0,0,0,0,0,3,Nao,0.6667,Sim,2025-11-04 19:29:33,2025-11-10 13:42:33,5.759,Lorraine Caribe,2025-11-10 13:42:33,In Progress > Ready to Homolog > Homolog > QA Approved Hml > Ready To Staging > Staging > QA Approved Staging > Ready for Production > Done,0,1,0.0,0.0,0.0,0,,,
W1NNR-1760,W1NNR,Tarefa,9,9,0,0,0,0,0,0,3,Nao,0.6667,Sim,2025-11-04 19:28:40,2025-11-10 13:42:34,5.7596,Lorraine Caribe,2025-11-10 13:42:34,In Progress > Ready to Homolog > Homolog > QA Approved Hml > Ready To Staging > Staging > QA Approved Staging > Ready for Production > Done,0,1,0.0,0.0,0.0,0,,,
W1NNR-1767,W1NNR,Tarefa,9,9,0,0,0,0,0,0,3,Nao,0.6667,Sim,2025-11-06 13:04:12,2025-11-10 13:42:35,4.0267,Lorraine Caribe,2025-11-10 13:42:35,In Progress > Ready to Homolog > Homolog > QA Approved Hml > Ready To Staging > Staging > QA Approved Staging > Ready for Production > Done,0,1,0.0249,0.0249,0.0249,0,,,
W1NNR-177,W1NNR,Tarefa,3,3,0,0,0,2,0,0,0,Sim,0.6667,Sim,2024-08-23 13:28:40,2024-08-26 18:04:44,3.1917,Lara Junqueira Alvarenga,2024-08-26 18:04:44,In Progress > Ready To Staging > Done,0,1,0.2874,0.2874,0.2874,0,,,
W1NNR-1771,W1NNR,Tarefa,9,9,0,0,0,0,0,0,3,Nao,0.6667,Sim,2025-11-06 16:55:20,2025-11-10 13:42:36,3.8662,Lorraine Caribe,2025-11-10 13:42:36,In Progress > Ready to Homolog > Homolog > QA Approved Hml > Ready To Staging > Staging > QA Approved Staging > Ready for Production > Done,0,1,0.0,0.0,0.0,0,,,
W1NNR-1778,W1NNR,Tarefa,9,9,0,0,0,0,0,0,3,Nao,0.6667,Sim,2025-11-24 17:13:12,2025-12-12 19:23:31,18.0905,Thaís Cabral,2025-12-12 19:23:31,In Progress > Ready to Homolog > Homolog > QA Approved Hml > Ready To Staging > Staging > QA Approved Staging > Ready for Production > Done,0,1,2.8213,2.8213,2.8213,0,,,
W1NNR-1783,W1NNR,Tarefa,9,9,0,0,0,0,0,0,3,Nao,0.6667,Sim,2025-11-12 18:06:09,2025-11-13 20:31:12,1.1007,Lorraine Caribe,2025-11-13 20:31:12,In Progress > Ready to Homolog > Homolog > QA Approved Hml > Ready To Staging > Staging > QA Approved Staging > Ready for Production > Done,0,1,0.0066,0.0066,0.0066,0,,,
W1NNR-1784,W1NNR,Tarefa,9,9,0,0,0,0,0,0,3,Nao,0.6667,Sim,2025-11-12 18:40:30,2025-11-13 20:31:12,1.0769,Lorraine Caribe,2025-11-13 20:31:12,In Progress > Ready to Homolog > Homolog > QA Approved Hml > Ready To Staging > Staging > QA Approved Staging > Ready for Production > Done,0,1,0.006,0.006,0.006,0,,,
W1NNR-1785,W1NNR,Tarefa,9,9,0,0,0,0,0,0,3,Nao,0.6667,Sim,2025-11-14 14:32:34,2025-11-24 18:27:18,10.163,Lorraine Caribe,2025-11-24 18:27:18,In Progress > Ready to Homolog > Homolog > QA Approved Hml > Ready To Staging > Staging > QA Approved Staging > Ready for Production > Done,0,1,2.9566,2.9566,2.9566,0,,,
W1NNR-1790,W1NNR,Tarefa,9,9,0,0,0,0,0,0,3,Nao,0.6667,Sim,2025-11-17 13:42:23,2025-11-24 18:27:18,7.1979,Lorraine Caribe,2025-11-24 18:27:18,In Progress > Ready to Homolog > Homolog > QA Approved Hml > Ready To Staging > Staging > QA Approved Staging > Ready for Production > Done,0,1,1.9812,1.9812,1.9812,0,,,
W1NNR-1791,W1NNR,Tarefa,9,9,0,0,0,0,0,0,3,Nao,0.6667,Sim,2025-11-18 18:05:22,2025-11-24 18:25:02,6.0137,Lorraine Caribe,2025-11-24 18:25:02,In Progress > Ready to Homolog > Homolog > QA Approved Hml > Ready To Staging > Staging > QA Approved Staging > Ready for Production > Done,0,1,0.1242,0.1242,0.1242,0,,,
W1NNR-1794,W1NNR,Tarefa,9,9,0,0,0,0,0,0,3,Nao,0.6667,Sim,2025-11-17 19:54:52,2025-11-24 18:27:19,6.9392,Lorraine Caribe,2025-11-24 18:27:19,In Progress > Ready to Homolog > Homolog > QA Approved Hml > Ready To Staging > Staging > QA Approved Staging > Ready for Production > Done,0,1,0.8927,0.8927,0.8927,0,,,
W1NNR-1796,W1NNR,Tarefa,9,9,0,0,0,0,0,0,3,Nao,0.6667,Sim,2025-11-17 21:00:47,2025-11-24 18:27:19,6.8934,Lorraine Caribe,2025-11-24 18:27:19,In Progress > Ready to Homolog > Homolog > QA Approved Hml > Ready To Staging > Staging > QA Approved Staging > Ready for Production > Done,0,1,0.8469,0.8469,0.8469,0,,,
W1NNR-1802,W1NNR,Tarefa,9,9,0,0,0,0,0,0,3,Nao,0.6667,Sim,2025-12-22 21:30:49,2026-01-12 19:42:15,20.9246,Lorraine Caribe,2026-01-12 19:42:15,In Progress > Ready to Homolog > Homolog > QA Approved Hml > Ready To Staging > Staging > QA Approved Staging > Ready for Production > Done,0,1,6.7541,6.7541,6.7541,0,,,
W1NNR-1804,W1NNR,Tarefa,3,3,0,0,0,0,0,0,1,Nao,0.6667,Sim,2025-11-28 13:55:37,2026-02-18 15:42:53,82.0745,Lara Junqueira Alvarenga,2026-02-18 15:42:53,In Progress > Cancelled > Done,0,1,7.0053,7.0053,7.0053,0,,,
W1NNR-1805,W1NNR,Tarefa,9,9,0,0,0,0,0,0,3,Nao,0.6667,Sim,2025-12-03 19:54:11,2025-12-19 19:13:50,15.972,Lorraine Caribe,2025-12-19 19:13:50,In Progress > Ready to Homolog > Homolog > QA Approved Hml > Ready To Staging > Staging > QA Approved Staging > Ready for Production > Done,0,1,1.8255,1.8255,1.8255,0,,,
W1NNR-1806,W1NNR,Tarefa,9,9,0,0,0,0,0,0,3,Nao,0.6667,Sim,2025-11-21 13:04:19,2025-12-19 19:13:52,28.2566,Lorraine Caribe,2025-12-19 19:13:52,In Progress > Ready to Homolog > Homolog > QA Approved Hml > Ready To Staging > Staging > QA Approved Staging > Ready for Production > Done,0,1,16.9744,16.9744,16.9744,0,,,
W1NNR-1807,W1NNR,Tarefa,9,9,0,0,0,0,0,0,3,Nao,0.6667,Sim,2025-12-09 12:36:25,2025-12-19 19:13:57,10.2761,Lorraine Caribe,2025-12-19 19:13:57,In Progress > Ready to Homolog > Homolog > QA Approved Hml > Ready To Staging > Staging > QA Approved Staging > Ready for Production > Done,0,1,1.0105,1.0105,1.0105,0,,,
W1NNR-1808,W1NNR,Tarefa,9,9,0,0,0,0,0,0,3,Nao,0.6667,Sim,2025-12-04 22:44:47,2025-12-19 19:13:56,14.8536,Lorraine Caribe,2025-12-19 19:13:56,In Progress > Ready to Homolog > Homolog > QA Approved Hml > Ready To Staging > Staging > QA Approved Staging > Ready for Production > Done,0,1,0.9077,0.9077,0.9077,0,,,
W1NNR-1809,W1NNR,Tarefa,9,9,0,0,0,0,0,0,3,Nao,0.6667,Sim,2025-12-08 19:35:40,2025-12-19 19:13:53,10.9849,Lorraine Caribe,2025-12-19 19:13:53,In Progress > Ready to Homolog > Homolog > QA Approved Hml > Ready To Staging > Staging > QA Approved Staging > Ready for Production > Done,0,1,2.0408,2.0408,2.0408,0,,,
W1NNR-1814,W1NNR,Tarefa,9,9,0,0,0,0,0,0,3,Nao,0.6667,Sim,2025-11-19 17:19:33,2025-11-24 18:25:03,5.0455,Lorraine Caribe,2025-11-24 18:25:03,In Progress > Ready to Homolog > Homolog > QA Approved Hml > Ready To Staging > Staging > QA Approved Staging > Ready for Production > Done,0,1,0.0,0.0,0.0,0,,,
W1NNR-1823,W1NNR,Tarefa,9,9,0,0,0,0,0,0,3,Nao,0.6667,Sim,2025-11-25 20:50:00,2025-12-12 19:23:35,16.94,Thaís Cabral,2025-12-12 19:23:35,In Progress > Ready to Homolog > Homolog > QA Approved Hml > Ready To Staging > Staging > QA Approved Staging > Ready for Production > Done,0,1,1.951,1.951,1.951,0,,,
W1NNR-1824,W1NNR,Tarefa,9,9,0,0,0,0,0,0,3,Nao,0.6667,Sim,2025-11-25 18:13:39,2025-12-12 19:23:41,17.0486,Thaís Cabral,2025-12-12 19:23:41,In Progress > Ready to Homolog > Homolog > QA Approved Hml > Ready To Staging > Staging > QA Approved Staging > Ready for Production > Done,0,1,0.9841,0.9841,0.9841,0,,,
W1NNR-1826,W1NNR,Tarefa,9,9,0,0,0,0,0,0,3,Nao,0.6667,Sim,2025-11-25 20:28:22,2025-12-12 19:23:11,16.9547,Thaís Cabral,2025-12-12 19:23:11,In Progress > Ready to Homolog > Homolog > QA Approved Hml > Ready To Staging > Staging > QA Approved Staging > Ready for Production > Done,0,1,0.0128,0.0128,0.0128,0,,,
W1NNR-1834,W1NNR,Tarefa,9,9,0,0,0,0,0,0,3,Nao,0.6667,Sim,2025-11-25 18:58:01,2025-12-12 19:23:32,17.0177,Thaís Cabral,2025-12-12 19:23:32,In Progress > Ready to Homolog > Homolog > QA Approved Hml > Ready To Staging > Staging > QA Approved Staging > Ready for Production > Done,0,1,0.9534,0.9534,0.9534,0,,,
W1NNR-1836,W1NNR,Tarefa,9,9,0,0,0,0,0,0,3,Nao,0.6667,Sim,2025-11-26 17:51:08,2025-12-12 19:23:01,16.0638,Thaís Cabral,2025-12-12 19:23:01,In Progress > Ready to Homolog > Homolog > QA Approved Hml > Ready To Staging > Staging > QA Approved Staging > Ready for Production > Done,0,1,8.1357,8.1357,8.1357,0,,,
W1NNR-1839,W1NNR,Tarefa,9,9,0,0,0,0,0,0,3,Nao,0.6667,Sim,2025-11-27 19:39:25,2025-12-12 19:23:48,14.9892,Thaís Cabral,2025-12-12 19:23:48,In Progress > Ready to Homolog > Homolog > QA Approved Hml > Ready To Staging > Staging > QA Approved Staging > Ready for Production > Done,0,1,5.9921,5.9921,5.9921,0,,,
W1NNR-1840,W1NNR,Tarefa,9,9,0,0,0,0,0,0,3,Nao,0.6667,Sim,2025-12-02 19:52:56,2025-12-12 19:23:06,9.9793,Thaís Cabral,2025-12-12 19:23:06,In Progress > Ready to Homolog > Homolog > QA Approved Hml > Ready To Staging > Staging > QA Approved Staging > Ready for Production > Done,0,1,0.7525,0.7525,0.7525,0,,,
W1NNR-1844,W1NNR,Tarefa,9,9,0,0,0,0,0,0,3,Nao,0.6667,Sim,2025-12-03 19:23:29,2025-12-12 19:23:51,9.0003,Thaís Cabral,2025-12-12 19:23:51,In Progress > Ready to Homolog > Homolog > QA Approved Hml > Ready To Staging > Staging > QA Approved Staging > Ready for Production > Done,0,1,1.0714,1.0714,1.0714,0,,,
W1NNR-1850,W1NNR,Tarefa,9,9,0,0,0,0,0,0,3,Nao,0.6667,Sim,2025-12-01 19:34:36,2025-12-12 19:23:49,10.9925,Thaís Cabral,2025-12-12 19:23:49,In Progress > Ready to Homolog > Homolog > QA Approved Hml > Ready To Staging > Staging > QA Approved Staging > Ready for Production > Done,0,1,3.9946,3.9946,3.9946,0,,,
W1NNR-1851,W1NNR,Tarefa,9,9,0,0,0,0,0,0,3,Nao,0.6667,Sim,2025-12-04 14:51:59,2025-12-12 19:23:50,8.1888,Thaís Cabral,2025-12-12 19:23:50,In Progress > Ready to Homolog > Homolog > QA Approved Hml > Ready To Staging > Staging > QA Approved Staging > Ready for Production > Done,0,1,1.1909,1.1909,1.1909,0,,,
W1NNR-1857,W1NNR,Tarefa,9,9,0,0,0,0,0,0,3,Nao,0.6667,Sim,2025-12-04 13:58:27,2025-12-12 19:23:55,8.226,Thaís Cabral,2025-12-12 19:23:55,In Progress > Ready to Homolog > Homolog > QA Approved Hml > Ready To Staging > Staging > QA Approved Staging > Ready for Production > Done,0,1,1.1782,1.1782,1.1782,0,,,
W1NNR-1860,W1NNR,Tarefa,9,9,0,0,0,0,0,0,3,Nao,0.6667,Sim,2025-12-09 13:55:13,2025-12-19 19:13:58,10.2214,Lorraine Caribe,2025-12-19 19:13:58,In Progress > Ready to Homolog > Homolog > QA Approved Hml > Ready To Staging > Staging > QA Approved Staging > Ready for Production > Done,0,1,0.3484,0.3484,0.3484,0,,,
W1NNR-1861,W1NNR,Tarefa,9,9,0,0,0,0,0,0,3,Nao,0.6667,Sim,2025-12-19 20:44:01,2026-01-12 19:42:10,23.9571,Lorraine Caribe,2026-01-12 19:42:10,In Progress > Ready to Homolog > Homolog > QA Approved Hml > Ready To Staging > Staging > QA Approved Staging > Ready for Production > Done,0,1,4.1384,4.1384,4.1384,0,,,
W1NNR-1863,W1NNR,Tarefa,9,9,0,0,0,0,0,0,3,Nao,0.6667,Sim,2025-12-08 12:38:27,2025-12-19 19:13:55,11.2746,Lorraine Caribe,2025-12-19 19:13:55,In Progress > Ready to Homolog > Homolog > QA Approved Hml > Ready To Staging > Staging > QA Approved Staging > Ready for Production > Done,0,1,2.0086,2.0086,2.0086,0,,,
W1NNR-1864,W1NNR,Tarefa,9,9,0,0,0,0,0,0,3,Nao,0.6667,Sim,2025-12-10 17:49:54,2025-12-19 19:14:00,9.0584,Lorraine Caribe,2025-12-19 19:14:00,In Progress > Ready to Homolog > Homolog > QA Approved Hml > Ready To Staging > Staging > QA Approved Staging > Ready for Production > Done,0,1,0.1279,0.1279,0.1279,0,,,
W1NNR-1865,W1NNR,Tarefa,9,9,0,0,0,0,0,0,3,Nao,0.6667,Sim,2025-12-08 14:30:34,2025-12-19 19:14:01,11.1968,Lorraine Caribe,2025-12-19 19:14:01,In Progress > Ready to Homolog > Homolog > QA Approved Hml > Ready To Staging > Staging > QA Approved Staging > Ready for Production > Done,0,1,1.11,1.11,1.11,0,,,
W1NNR-1867,W1NNR,Tarefa,9,9,0,0,0,0,0,0,3,Nao,0.6667,Sim,2025-12-05 19:42:20,2025-12-12 19:23:57,6.9872,Thaís Cabral,2025-12-12 19:23:57,In Progress > Ready to Homolog > Homolog > QA Approved Hml > Ready To Staging > Staging > QA Approved Staging > Ready for Production > Done,0,1,0.0328,0.0328,0.0328,0,,,
W1NNR-1869,W1NNR,Tarefa,9,9,0,0,0,0,0,0,3,Nao,0.6667,Sim,2025-12-08 12:36:18,2025-12-12 19:24:00,4.2831,Thaís Cabral,2025-12-12 19:24:00,In Progress > Ready to Homolog > Homolog > QA Approved Hml > Ready To Staging > Staging > QA Approved Staging > Ready for Production > Done,0,1,1.3914,1.3914,1.3914,0,,,
W1NNR-1870,W1NNR,Tarefa,9,9,0,0,0,0,0,0,3,Nao,0.6667,Sim,2025-12-08 13:08:55,2025-12-12 19:24:01,4.2605,Thaís Cabral,2025-12-12 19:24:01,In Progress > Ready to Homolog > Homolog > QA Approved Hml > Ready To Staging > Staging > QA Approved Staging > Ready for Production > Done,0,1,0.1945,0.1945,0.1945,0,,,
W1NNR-1871,W1NNR,Tarefa,9,9,0,0,0,0,0,0,3,Nao,0.6667,Sim,2025-12-08 18:02:59,2025-12-12 19:24:02,4.0563,Thaís Cabral,2025-12-12 19:24:02,In Progress > Ready to Homolog > Homolog > QA Approved Hml > Ready To Staging > Staging > QA Approved Staging > Ready for Production > Done,0,1,1.0755,1.0755,1.0755,0,,,
W1NNR-1872,W1NNR,Tarefa,9,9,0,0,0,0,0,0,3,Nao,0.6667,Sim,2025-12-10 13:47:53,2025-12-12 19:24:03,2.2334,Thaís Cabral,2025-12-12 19:24:03,In Progress > Ready to Homolog > Homolog > QA Approved Hml > Ready To Staging > Staging > QA Approved Staging > Ready for Production > Done,0,1,0.0001,0.0001,0.0001,0,,,
W1NNR-1873,W1NNR,Tarefa,9,9,0,0,0,0,0,0,3,Nao,0.6667,Sim,2025-12-09 21:03:51,2025-12-12 19:24:04,2.9307,Thaís Cabral,2025-12-12 19:24:04,In Progress > Ready to Homolog > Homolog > QA Approved Hml > Ready To Staging > Staging > QA Approved Staging > Ready for Production > Done,0,1,0.7464,0.7464,0.7464,0,,,
W1NNR-1874,W1NNR,Tarefa,9,9,0,0,0,0,0,0,3,Nao,0.6667,Sim,2025-12-10 13:52:30,2025-12-12 19:24:04,2.2303,Thaís Cabral,2025-12-12 19:24:04,In Progress > Ready to Homolog > Homolog > QA Approved Hml > Ready To Staging > Staging > QA Approved Staging > Ready for Production > Done,0,1,0.0,0.0,0.0,0,,,
W1NNR-1875,W1NNR,Tarefa,9,9,0,0,0,0,0,0,3,Nao,0.6667,Sim,2025-12-09 20:54:48,2025-12-12 19:24:06,2.937,Thaís Cabral,2025-12-12 19:24:06,In Progress > Ready to Homolog > Homolog > QA Approved Hml > Ready To Staging > Staging > QA Approved Staging > Ready for Production > Done,0,1,0.7529,0.7529,0.7529,0,,,
W1NNR-1876,W1NNR,Tarefa,9,9,0,0,0,0,0,0,3,Nao,0.6667,Sim,2025-12-09 18:23:11,2025-12-12 19:24:08,3.0423,Thaís Cabral,2025-12-12 19:24:08,In Progress > Ready to Homolog > Homolog > QA Approved Hml > Ready To Staging > Staging > QA Approved Staging > Ready for Production > Done,0,1,0.8582,0.8582,0.8582,0,,,
W1NNR-1878,W1NNR,Tarefa,9,9,0,0,0,0,0,0,3,Nao,0.6667,Sim,2025-12-09 20:59:20,2025-12-12 19:23:44,2.9336,Thaís Cabral,2025-12-12 19:23:44,In Progress > Ready to Homolog > Homolog > QA Approved Hml > Ready To Staging > Staging > QA Approved Staging > Ready for Production > Done,0,1,0.0421,0.0421,0.0421,0,,,
W1NNR-1881,W1NNR,Tarefa,9,9,0,0,0,0,0,0,3,Nao,0.6667,Sim,2025-12-11 14:20:37,2025-12-19 19:15:05,8.2045,Lorraine Caribe,2025-12-19 19:15:05,In Progress > Ready to Homolog > Homolog > QA Approved Hml > Ready To Staging > Staging > QA Approved Staging > Ready for Production > Done,0,1,0.0,0.0,0.0,0,,,
W1NNR-1882,W1NNR,Tarefa,9,9,0,0,0,0,0,0,3,Nao,0.6667,Sim,2025-12-11 17:15:00,2025-12-12 19:23:39,1.0893,Thaís Cabral,2025-12-12 19:23:39,In Progress > Ready to Homolog > Homolog > QA Approved Hml > Ready To Staging > Staging > QA Approved Staging > Ready for Production > Done,0,1,0.1138,0.1138,0.1138,0,,,
W1NNR-1885,W1NNR,Tarefa,9,9,0,0,0,0,0,0,3,Nao,0.6667,Sim,2025-12-29 14:11:00,2026-01-12 19:42:13,14.23,Lorraine Caribe,2026-01-12 19:42:13,In Progress > Ready to Homolog > Homolog > QA Approved Hml > Ready To Staging > Staging > QA Approved Staging > Ready for Production > Done,0,1,4.1116,4.1116,4.1116,0,,,
W1NNR-1886,W1NNR,Tarefa,9,9,0,0,0,0,0,0,3,Nao,0.6667,Sim,2025-12-29 19:25:26,2026-01-12 19:42:06,14.0116,Lorraine Caribe,2026-01-12 19:42:06,In Progress > Ready to Homolog > Homolog > QA Approved Hml > Ready To Staging > Staging > QA Approved Staging > Ready for Production > Done,0,1,3.8931,3.8931,3.8931,0,,,
W1NNR-1888,W1NNR,Tarefa,9,9,0,0,0,0,0,0,3,Nao,0.6667,Sim,2026-01-05 15:12:09,2026-01-12 19:42:14,7.1876,Lorraine Caribe,2026-01-12 19:42:14,In Progress > Ready to Homolog > Homolog > QA Approved Hml > Ready To Staging > Staging > QA Approved Staging > Ready for Production > Done,0,1,0.9946,0.9946,0.9946,0,,,
W1NNR-1889,W1NNR,Tarefa,9,9,0,0,0,0,0,0,3,Nao,0.6667,Sim,2025-12-31 18:04:53,2026-01-12 19:42:11,12.0676,Lorraine Caribe,2026-01-12 19:42:11,In Progress > Ready to Homolog > Homolog > QA Approved Hml > Ready To Staging > Staging > QA Approved Staging > Ready for Production > Done,0,1,4.8274,4.8274,4.8274,0,,,
W1NNR-1890,W1NNR,Tarefa,9,9,0,0,0,0,0,0,3,Nao,0.6667,Sim,2025-12-29 15:47:37,2026-01-12 19:42:03,14.1628,Lorraine Caribe,2026-01-12 19:42:03,In Progress > Ready to Homolog > Homolog > QA Approved Hml > Ready To Staging > Staging > QA Approved Staging > Ready for Production > Done,0,1,3.3884,3.3884,3.3884,0,,,
W1NNR-1891,W1NNR,Tarefa,9,9,0,0,0,0,0,0,3,Nao,0.6667,Sim,2026-01-05 11:24:04,2026-01-12 19:42:17,7.346,Lorraine Caribe,2026-01-12 19:42:17,In Progress > Ready to Homolog > Homolog > QA Approved Hml > Ready To Staging > Staging > QA Approved Staging > Ready for Production > Done,0,1,1.0577,1.0577,1.0577,0,,,
W1NNR-1892,W1NNR,Tarefa,9,9,0,0,0,0,0,0,3,Nao,0.6667,Sim,2026-01-05 11:23:22,2026-01-12 19:42:09,7.3464,Lorraine Caribe,2026-01-12 19:42:09,In Progress > Ready to Homolog > Homolog > QA Approved Hml > Ready To Staging > Staging > QA Approved Staging > Ready for Production > Done,0,1,0.0005,0.0005,0.0005,0,,,
W1NNR-1893,W1NNR,Tarefa,9,9,0,0,0,0,0,0,3,Nao,0.6667,Sim,2025-12-23 22:09:42,2026-01-12 19:42:04,19.8975,Lorraine Caribe,2026-01-12 19:42:04,In Progress > Ready to Homolog > Homolog > QA Approved Hml > Ready To Staging > Staging > QA Approved Staging > Ready for Production > Done,0,1,5.7278,5.7278,5.7278,0,,,
W1NNR-1894,W1NNR,Tarefa,9,9,0,0,0,0,0,0,3,Nao,0.6667,Sim,2025-12-18 18:32:47,2026-01-12 19:42:05,25.0481,Lorraine Caribe,2026-01-12 19:42:05,In Progress > Ready to Homolog > Homolog > QA Approved Hml > Ready To Staging > Staging > QA Approved Staging > Ready for Production > Done,0,1,4.1667,4.1667,4.1667,0,,,
W1NNR-1895,W1NNR,Tarefa,9,9,0,0,0,0,0,0,3,Nao,0.6667,Sim,2025-12-22 17:57:50,2026-01-12 19:42:06,21.0724,Lorraine Caribe,2026-01-12 19:42:06,In Progress > Ready to Homolog > Homolog > QA Approved Hml > Ready To Staging > Staging > QA Approved Staging > Ready for Production > Done,0,1,6.9026,6.9026,6.9026,0,,,
W1NNR-1896,W1NNR,Tarefa,9,9,0,0,0,0,0,0,3,Nao,0.6667,Sim,2025-12-19 12:52:47,2026-01-12 19:42:12,24.2843,Lorraine Caribe,2026-01-12 19:42:12,In Progress > Ready to Homolog > Homolog > QA Approved Hml > Ready To Staging > Staging > QA Approved Staging > Ready for Production > Done,0,1,4.3696,4.3696,4.3696,0,,,
W1NNR-1897,W1NNR,Tarefa,9,9,0,0,0,0,0,0,3,Nao,0.6667,Sim,2025-12-22 16:58:45,2026-01-12 19:42:12,21.1135,Lorraine Caribe,2026-01-12 19:42:12,In Progress > Ready to Homolog > Homolog > QA Approved Hml > Ready To Staging > Staging > QA Approved Staging > Ready for Production > Done,0,1,6.8833,6.8833,6.8833,0,,,
W1NNR-1898,W1NNR,Tarefa,9,9,0,0,0,0,0,0,3,Nao,0.6667,Sim,2025-12-19 23:10:07,2026-01-12 19:42:07,23.8556,Lorraine Caribe,2026-01-12 19:42:07,In Progress > Ready to Homolog > Homolog > QA Approved Hml > Ready To Staging > Staging > QA Approved Staging > Ready for Production > Done,0,1,2.9748,2.9748,2.9748,0,,,
W1NNR-1899,W1NNR,Tarefa,9,9,0,0,0,0,0,0,3,Nao,0.6667,Sim,2025-12-23 22:09:43,2026-01-12 19:42:16,19.8976,Lorraine Caribe,2026-01-12 19:42:16,In Progress > Ready to Homolog > Homolog > QA Approved Hml > Ready To Staging > Staging > QA Approved Staging > Ready for Production > Done,0,1,5.7278,5.7278,5.7278,0,,,
W1NNR-1900,W1NNR,Tarefa,9,9,0,0,0,0,0,0,3,Nao,0.6667,Sim,2025-12-23 22:09:44,2026-01-12 19:42:16,19.8976,Lorraine Caribe,2026-01-12 19:42:16,In Progress > Ready to Homolog > Homolog > QA Approved Hml > Ready To Staging > Staging > QA Approved Staging > Ready for Production > Done,0,1,5.7278,5.7278,5.7278,0,,,
W1NNR-1905,W1NNR,Tarefa,9,9,0,0,0,0,0,0,3,Nao,0.6667,Sim,2025-12-15 17:32:09,2025-12-19 19:14:03,4.0708,Lorraine Caribe,2025-12-19 19:14:03,In Progress > Ready to Homolog > Homolog > QA Approved Hml > Ready To Staging > Staging > QA Approved Staging > Ready for Production > Done,0,1,0.0214,0.0214,0.0214,0,,,
W1NNR-1907,W1NNR,Tarefa,9,9,0,0,0,0,0,0,3,Nao,0.6667,Sim,2025-12-17 13:17:56,2026-02-06 19:42:52,51.2673,Danilo Monreal,2026-02-06 19:42:52,In Progress > Ready to Homolog > Homolog > QA Approved Hml > Ready To Staging > Staging > QA Approved Staging > Ready for Production > Done,0,1,6.2605,6.2605,6.2605,0,,,
W1NNR-1922,W1NNR,Tarefa,9,9,0,0,0,0,0,0,3,Nao,0.6667,Sim,2025-12-23 17:40:45,2026-02-06 19:42:53,45.0848,Danilo Monreal,2026-02-06 19:42:53,In Progress > Ready to Homolog > Homolog > QA Approved Hml > Ready To Staging > Staging > QA Approved Staging > Ready for Production > Done,0,1,5.9976,5.9976,5.9976,0,,,
W1NNR-1933,W1NNR,Tarefa,9,9,0,0,0,0,0,0,3,Nao,0.6667,Sim,2026-01-21 18:44:06,2026-02-06 19:43:11,16.041,Danilo Monreal,2026-02-06 19:43:11,In Progress > Ready to Homolog > Homolog > QA Approved Hml > Ready To Staging > Staging > QA Approved Staging > Ready for Production > Done,0,1,5.7599,5.7599,5.7599,0,,,
W1NNR-1934,W1NNR,Tarefa,9,9,0,0,0,0,0,0,3,Nao,0.6667,Sim,2025-12-23 19:32:08,2026-02-06 19:42:54,45.0075,Danilo Monreal,2026-02-06 19:42:54,In Progress > Ready to Homolog > Homolog > QA Approved Hml > Ready To Staging > Staging > QA Approved Staging > Ready for Production > Done,0,1,9.8463,9.8463,9.8463,0,,,
W1NNR-1935,W1NNR,Tarefa,9,9,0,0,0,0,0,0,3,Nao,0.6667,Sim,2025-12-29 17:37:31,2026-02-06 19:42:54,39.0871,Danilo Monreal,2026-02-06 19:42:54,In Progress > Ready to Homolog > Homolog > QA Approved Hml > Ready To Staging > Staging > QA Approved Staging > Ready for Production > Done,0,1,3.9265,3.9265,3.9265,0,,,
W1NNR-1938,W1NNR,Tarefa,9,9,0,0,0,0,0,0,3,Nao,0.6667,Sim,2026-01-12 19:45:11,2026-02-06 19:42:55,24.9984,Danilo Monreal,2026-02-06 19:42:55,In Progress > Ready to Homolog > Homolog > QA Approved Hml > Ready To Staging > Staging > QA Approved Staging > Ready for Production > Done,0,1,14.7174,14.7174,14.7174,0,,,
W1NNR-1939,W1NNR,Tarefa,9,9,0,0,0,0,0,0,3,Nao,0.6667,Sim,2025-12-22 20:39:43,2026-02-06 19:42:56,45.9606,Danilo Monreal,2026-02-06 19:42:56,In Progress > Ready to Homolog > Homolog > QA Approved Hml > Ready To Staging > Staging > QA Approved Staging > Ready for Production > Done,0,1,10.8395,10.8395,10.8395,0,,,
W1NNR-1940,W1NNR,Tarefa,9,9,0,0,0,0,0,0,3,Nao,0.6667,Sim,2026-01-05 20:27:14,2026-02-06 19:42:57,31.9692,Danilo Monreal,2026-02-06 19:42:57,In Progress > Ready to Homolog > Homolog > QA Approved Hml > Ready To Staging > Staging > QA Approved Staging > Ready for Production > Done,0,1,8.667,8.667,8.667,0,,,
W1NNR-1968,W1NNR,Tarefa,9,9,0,0,0,0,0,0,3,Nao,0.6667,Sim,2026-01-02 16:05:23,2026-02-06 19:42:57,35.1511,Danilo Monreal,2026-02-06 19:42:57,In Progress > Ready to Homolog > Homolog > QA Approved Hml > Ready To Staging > Staging > QA Approved Staging > Ready for Production > Done,0,1,4.9077,4.9077,4.9077,0,,,
W1NNR-1972,W1NNR,Tarefa,9,9,0,0,0,0,0,0,3,Nao,0.6667,Sim,2026-01-06 13:37:49,2026-01-26 22:21:24,20.3636,Danilo Monreal,2026-01-26 22:21:24,In Progress > Ready to Homolog > Homolog > QA Approved Hml > Ready To Staging > Staging > QA Approved Staging > Ready for Production > Done,0,1,7.9625,7.9625,7.9625,0,,,
W1NNR-1974,W1NNR,Tarefa,9,9,0,0,0,0,0,0,3,Nao,0.6667,Sim,2026-01-07 12:53:54,2026-02-06 19:43:00,30.2841,Danilo Monreal,2026-02-06 19:43:00,In Progress > Ready to Homolog > Homolog > QA Approved Hml > Ready To Staging > Staging > QA Approved Staging > Ready for Production > Done,0,1,19.9644,19.9644,19.9644,0,,,
W1NNR-1975,W1NNR,Tarefa,9,9,0,0,0,0,0,0,3,Nao,0.6667,Sim,2026-01-16 18:33:42,2026-02-06 19:43:00,21.0481,Danilo Monreal,2026-02-06 19:43:00,In Progress > Ready to Homolog > Homolog > QA Approved Hml > Ready To Staging > Staging > QA Approved Staging > Ready for Production > Done,0,1,10.7284,10.7284,10.7284,0,,,
W1NNR-1976,W1NNR,Tarefa,9,9,0,0,0,0,0,0,3,Nao,0.6667,Sim,2026-01-15 03:41:55,2026-01-26 22:21:25,11.7774,Danilo Monreal,2026-01-26 22:21:25,In Progress > Ready to Homolog > Homolog > QA Approved Hml > Ready To Staging > Staging > QA Approved Staging > Ready for Production > Done,0,1,1.3704,1.3704,1.3704,0,,,
W1NNR-1979,W1NNR,Tarefa,9,9,0,0,0,0,0,0,3,Nao,0.6667,Sim,2026-01-07 17:01:27,2026-01-12 19:42:18,5.1117,Lorraine Caribe,2026-01-12 19:42:18,In Progress > Ready to Homolog > Homolog > QA Approved Hml > Ready To Staging > Staging > QA Approved Staging > Ready for Production > Done,0,1,0.0653,0.0653,0.0653,0,,,
W1NNR-1980,W1NNR,Tarefa,9,9,0,0,0,0,0,0,3,Nao,0.6667,Sim,2026-01-07 17:17:05,2026-01-12 19:42:19,5.1008,Lorraine Caribe,2026-01-12 19:42:19,In Progress > Ready to Homolog > Homolog > QA Approved Hml > Ready To Staging > Staging > QA Approved Staging > Ready for Production > Done,0,1,0.0545,0.0545,0.0545,0,,,
W1NNR-1981,W1NNR,Tarefa,9,9,0,0,0,0,0,0,3,Nao,0.6667,Sim,2026-01-12 14:45:01,2026-02-06 19:43:01,25.2069,Danilo Monreal,2026-02-06 19:43:01,In Progress > Ready to Homolog > Homolog > QA Approved Hml > Ready To Staging > Staging > QA Approved Staging > Ready for Production > Done,0,1,2.3566,2.3566,2.3566,0,,,
W1NNR-1982,W1NNR,Tarefa,9,9,0,0,0,0,0,0,3,Nao,0.6667,Sim,2026-01-12 18:33:56,2026-02-06 19:43:02,25.048,Danilo Monreal,2026-02-06 19:43:02,In Progress > Ready to Homolog > Homolog > QA Approved Hml > Ready To Staging > Staging > QA Approved Staging > Ready for Production > Done,0,1,2.3553,2.3553,2.3553,0,,,
W1NNR-1986,W1NNR,Tarefa,9,9,0,0,0,0,0,0,3,Nao,0.6667,Sim,2026-01-15 02:26:28,2026-02-06 19:43:03,22.7199,Danilo Monreal,2026-02-06 19:43:03,In Progress > Ready to Homolog > Homolog > QA Approved Hml > Ready To Staging > Staging > QA Approved Staging > Ready for Production > Done,0,1,0.0272,0.0272,0.0272,0,,,
W1NNR-1991,W1NNR,Tarefa,9,9,0,0,0,0,0,0,3,Nao,0.6667,Sim,2026-01-20 02:02:25,2026-02-06 19:43:05,17.7366,Danilo Monreal,2026-02-06 19:43:05,In Progress > Ready to Homolog > Homolog > QA Approved Hml > Ready To Staging > Staging > QA Approved Staging > Ready for Production > Done,0,1,7.4168,7.4168,7.4168,0,,,
W1NNR-1992,W1NNR,Tarefa,9,9,0,0,0,0,0,0,3,Nao,0.6667,Sim,2026-01-14 12:03:39,2026-01-26 22:21:25,12.429,Danilo Monreal,2026-01-26 22:21:25,In Progress > Ready to Homolog > Homolog > QA Approved Hml > Ready To Staging > Staging > QA Approved Staging > Ready for Production > Done,0,1,2.0219,2.0219,2.0219,0,,,
W1NNR-2003,W1NNR,Tarefa,9,9,0,0,0,0,0,0,3,Nao,0.6667,Sim,2026-01-09 20:15:57,2026-01-12 19:42:19,2.9766,Lorraine Caribe,2026-01-12 19:42:19,In Progress > Ready to Homolog > Homolog > QA Approved Hml > Ready To Staging > Staging > QA Approved Staging > Ready for Production > Done,0,1,0.0,0.0,0.0,0,,,
W1NNR-2005,W1NNR,Tarefa,9,9,0,0,0,0,0,0,3,Nao,0.6667,Sim,2026-01-16 12:44:45,2026-01-26 22:21:26,10.4005,Danilo Monreal,2026-01-26 22:21:26,In Progress > Ready to Homolog > Homolog > QA Approved Hml > Ready To Staging > Staging > QA Approved Staging > Ready for Production > Done,0,1,3.322,3.322,3.322,0,,,
W1NNR-2011,W1NNR,Tarefa,9,9,0,0,0,0,0,0,3,Nao,0.6667,Sim,2026-01-17 20:27:41,2026-02-06 19:43:06,19.969,Danilo Monreal,2026-02-06 19:43:06,In Progress > Ready to Homolog > Homolog > QA Approved Hml > Ready To Staging > Staging > QA Approved Staging > Ready for Production > Done,0,1,9.6493,9.6493,9.6493,0,,,
W1NNR-2030,W1NNR,Tarefa,9,9,0,0,0,0,0,0,3,Nao,0.6667,Sim,2026-01-19 17:59:34,2026-02-06 19:43:07,18.0719,Danilo Monreal,2026-02-06 19:43:07,In Progress > Ready to Homolog > Homolog > QA Approved Hml > Ready To Staging > Staging > QA Approved Staging > Ready for Production > Done,0,1,0.0329,0.0329,0.0329,0,,,
W1NNR-2033,W1NNR,Tarefa,9,9,0,0,0,0,0,0,3,Nao,0.6667,Sim,2026-01-20 14:25:07,2026-02-06 19:43:08,17.2208,Danilo Monreal,2026-02-06 19:43:08,In Progress > Ready to Homolog > Homolog > QA Approved Hml > Ready To Staging > Staging > QA Approved Staging > Ready for Production > Done,0,1,2.2481,2.2481,2.2481,0,,,
W1NNR-2079,W1NNR,Tarefa,9,9,0,0,0,0,0,0,3,Nao,0.6667,Sim,2026-01-27 13:44:13,2026-02-06 19:43:12,10.2493,Danilo Monreal,2026-02-06 19:43:12,In Progress > Ready to Homolog > Homolog > QA Approved Hml > Ready To Staging > Staging > QA Approved Staging > Ready for Production > Done,0,1,1.0405,1.0405,1.0405,0,,,
W1NNR-2082,W1NNR,Tarefa,9,9,0,0,0,0,0,0,3,Nao,0.6667,Sim,2026-01-29 19:44:24,2026-02-06 19:43:13,7.9992,Danilo Monreal,2026-02-06 19:43:13,In Progress > Ready to Homolog > Homolog > QA Approved Hml > Ready To Staging > Staging > QA Approved Staging > Ready for Production > Done,0,1,0.7994,0.7994,0.7994,0,,,
W1NNR-2083,W1NNR,Tarefa,9,9,0,0,0,0,0,0,3,Nao,0.6667,Sim,2026-01-28 14:42:47,2026-02-06 19:43:14,9.2087,Danilo Monreal,2026-02-06 19:43:14,In Progress > Ready to Homolog > Homolog > QA Approved Hml > Ready To Staging > Staging > QA Approved Staging > Ready for Production > Done,0,1,1.947,1.947,1.947,0,,,
W1NNR-2084,W1NNR,Tarefa,9,9,0,0,0,0,0,0,3,Nao,0.6667,Sim,2026-01-28 19:10:34,2026-02-06 19:43:15,9.0227,Danilo Monreal,2026-02-06 19:43:15,In Progress > Ready to Homolog > Homolog > QA Approved Hml > Ready To Staging > Staging > QA Approved Staging > Ready for Production > Done,0,1,1.008,1.008,1.008,0,,,
W1NNR-2085,W1NNR,Tarefa,9,9,0,0,0,0,0,0,3,Nao,0.6667,Sim,2026-01-28 14:48:43,2026-02-06 19:43:16,9.2045,Danilo Monreal,2026-02-06 19:43:16,In Progress > Ready to Homolog > Homolog > QA Approved Hml > Ready To Staging > Staging > QA Approved Staging > Ready for Production > Done,0,1,1.1898,1.1898,1.1898,0,,,
W1NNR-2098,W1NNR,Tarefa,9,9,0,0,0,0,0,0,3,Nao,0.6667,Sim,2026-02-02 18:15:03,2026-02-06 19:43:17,4.0613,Danilo Monreal,2026-02-06 19:43:17,In Progress > Ready to Homolog > Homolog > QA Approved Hml > Ready To Staging > Staging > QA Approved Staging > Ready for Production > Done,0,1,0.1201,0.1201,0.1201,0,,,
W1NNR-225,W1NNR,Tarefa,3,3,0,0,0,2,0,0,0,Sim,0.6667,Sim,2024-09-12 21:22:54,2024-09-24 13:19:45,11.6645,Lara Junqueira Alvarenga,2024-09-24 13:19:45,In Progress > Ready To Staging > Done,0,1,0.0,0.0,0.0,0,,,
W1NNR-226,W1NNR,Tarefa,3,3,0,0,0,2,0,0,0,Sim,0.6667,Sim,2024-09-12 21:23:06,2024-09-24 13:19:48,11.6644,Lara Junqueira Alvarenga,2024-09-24 13:19:48,In Progress > Ready To Staging > Done,0,1,0.0142,0.0142,0.0142,0,,,
W1NNR-29,W1NNR,Tarefa,3,3,0,0,0,0,0,0,1,Nao,0.6667,Sim,2024-05-22 14:36:21,2024-06-25 13:38:02,33.9595,Igor Rezende,2024-06-25 13:38:02,In Progress > Production > Done,0,1,33.9589,33.9589,33.9589,0,,,
W1NNR-30,W1NNR,Tarefa,3,3,0,0,0,0,0,0,1,Nao,0.6667,Sim,2024-06-13 20:50:13,2024-06-25 13:38:02,11.6999,Igor Rezende,2024-06-25 13:38:02,In Progress > Production > Done,0,1,11.6993,11.6993,11.6993,0,,,
W1NNR-31,W1NNR,Tarefa,3,3,0,0,0,2,0,0,0,Sim,0.6667,Sim,2024-05-22 13:39:49,2024-08-01 14:13:17,71.0232,Lorraine Caribe,2024-08-01 14:13:17,In Progress > In Staging > Done,0,1,68.1484,68.1484,68.1484,0,,,
W1NNR-33,W1NNR,Tarefa,3,3,0,0,0,0,0,0,1,Nao,0.6667,Sim,2024-06-18 14:12:04,2024-06-25 13:38:02,6.9764,Igor Rezende,2024-06-25 13:38:02,In Progress > Production > Done,0,1,6.9756,6.9756,6.9756,0,,,
W1NNR-46,W1NNR,Tarefa,3,3,0,0,0,0,0,0,1,Nao,0.6667,Sim,2024-06-13 20:50:41,2024-06-25 13:38:01,11.6995,Igor Rezende,2024-06-25 13:38:01,In Progress > Production > Done,0,1,11.6991,11.6991,11.6991,0,,,
W1NNR-47,W1NNR,Tarefa,3,3,0,0,0,0,0,0,1,Nao,0.6667,Sim,2024-06-20 13:14:41,2024-06-25 13:38:07,5.0163,Igor Rezende,2024-06-25 13:38:07,In Progress > Production > Done,0,1,5.0155,5.0155,5.0155,0,,,
W1NNR-610,W1NNR,Problema,3,3,0,0,0,0,0,0,1,Nao,0.6667,Sim,2025-02-28 18:59:55,2025-03-11 16:13:29,10.8844,Thaís Cabral,2025-03-11 16:13:29,QA Approved > Ready for Production > Done,0,0,,,,0,,,
W1NNR-635,W1NNR,Tarefa,9,9,0,0,0,0,0,0,3,Nao,0.6667,Sim,2025-08-19 09:43:27,2025-09-03 20:54:23,15.4659,Lorraine Caribe,2025-09-03 20:54:23,In Progress > Ready to Homolog > Homolog > QA Approved Hml > Ready To Staging > Staging > QA Approved Staging > Ready for Production > Done,0,1,6.1292,6.1292,6.1292,0,,,
W1NNR-847,W1NNR,Tarefa,9,9,0,0,0,0,0,0,3,Nao,0.6667,Sim,2025-04-28 04:35:59,2025-06-02 17:36:05,35.5417,Lorraine Caribe,2025-06-02 17:36:05,In Progress > Ready to Homolog > Homolog > QA Approved Hml > Ready To Staging > Staging > QA Approved Staging > Ready for Production > Done,0,1,16.4103,16.4103,16.4103,0,,,
W1NNR-848,W1NNR,Tarefa,9,9,0,0,0,0,0,0,3,Nao,0.6667,Sim,2025-04-28 04:36:15,2025-06-02 17:36:07,35.5416,Lorraine Caribe,2025-06-02 17:36:07,In Progress > Ready to Homolog > Homolog > QA Approved Hml > Ready To Staging > Staging > QA Approved Staging > Ready for Production > Done,0,1,16.4101,16.4101,16.4101,0,,,
W1NNR-850,W1NNR,Tarefa,9,9,0,0,0,0,0,0,3,Nao,0.6667,Sim,2025-05-15 19:54:25,2025-06-02 17:36:08,17.904,Lorraine Caribe,2025-06-02 17:36:08,In Progress > Ready to Homolog > Homolog > QA Approved Hml > Ready To Staging > Staging > QA Approved Staging > Ready for Production > Done,0,1,0.9814,0.9814,0.9814,0,,,
W1NNR-874,W1NNR,Tarefa,9,9,0,0,0,0,0,0,3,Nao,0.6667,Sim,2025-05-06 19:01:09,2025-06-02 17:36:35,26.9413,Lorraine Caribe,2025-06-02 17:36:35,In Progress > Ready to Homolog > Homolog > QA Approved Hml > Ready To Staging > Staging > QA Approved Staging > Ready for Production > Done,0,1,7.9461,7.9461,7.9461,0,,,
W1NNR-877,W1NNR,Tarefa,9,9,0,0,0,0,0,0,3,Nao,0.6667,Sim,2025-05-12 19:49:24,2025-06-02 17:36:39,20.9078,Lorraine Caribe,2025-06-02 17:36:39,In Progress > Ready to Homolog > Homolog > QA Approved Hml > Ready To Staging > Staging > QA Approved Staging > Ready for Production > Done,0,1,1.9127,1.9127,1.9127,0,,,
W1NNR-878,W1NNR,Tarefa,9,9,0,0,0,0,0,0,3,Nao,0.6667,Sim,2025-05-19 18:18:16,2025-06-02 17:36:37,13.9711,Lorraine Caribe,2025-06-02 17:36:37,In Progress > Ready to Homolog > Homolog > QA Approved Hml > Ready To Staging > Staging > QA Approved Staging > Ready for Production > Done,0,1,8.8487,8.8487,8.8487,0,,,
W1NNR-879,W1NNR,Tarefa,9,9,0,0,0,0,0,0,3,Nao,0.6667,Sim,2025-05-14 15:12:35,2025-06-02 17:36:36,19.1,Lorraine Caribe,2025-06-02 17:36:36,In Progress > Ready to Homolog > Homolog > QA Approved Hml > Ready To Staging > Staging > QA Approved Staging > Ready for Production > Done,0,1,1.898,1.898,1.898,0,,,
W1NNR-881,W1NNR,Tarefa,9,9,0,0,0,0,0,0,3,Nao,0.6667,Sim,2025-05-08 17:54:01,2025-06-02 17:36:38,24.9879,Lorraine Caribe,2025-06-02 17:36:38,In Progress > Ready to Homolog > Homolog > QA Approved Hml > Ready To Staging > Staging > QA Approved Staging > Ready for Production > Done,0,1,5.9928,5.9928,5.9928,0,,,
W1NNR-882,W1NNR,Tarefa,9,9,0,0,0,0,0,0,3,Nao,0.6667,Sim,2025-05-14 17:43:52,2025-06-02 17:36:40,18.995,Lorraine Caribe,2025-06-02 17:36:40,In Progress > Ready to Homolog > Homolog > QA Approved Hml > Ready To Staging > Staging > QA Approved Staging > Ready for Production > Done,0,1,5.8254,5.8254,5.8254,0,,,
W1NNR-883,W1NNR,Tarefa,9,9,0,0,0,0,0,0,3,Nao,0.6667,Sim,2025-05-07 12:48:04,2025-06-02 17:36:34,26.2003,Lorraine Caribe,2025-06-02 17:36:34,In Progress > Ready to Homolog > Homolog > QA Approved Hml > Ready To Staging > Staging > QA Approved Staging > Ready for Production > Done,0,1,6.2228,6.2228,6.2228,0,,,
W1NNR-902,W1NNR,Tarefa,9,9,0,0,0,0,0,0,3,Nao,0.6667,Sim,2025-05-30 19:59:19,2025-07-04 23:16:41,35.1371,Lorraine Caribe,2025-07-04 23:16:41,In Progress > Ready to Homolog > Homolog > QA Approved Hml > Ready To Staging > Staging > QA Approved Staging > Ready for Production > Done,0,1,0.0499,0.0499,0.0499,0,,,
W1NNR-903,W1NNR,Tarefa,9,9,0,0,0,0,0,0,3,Nao,0.6667,Sim,2025-05-30 14:37:33,2025-07-04 23:16:40,35.3605,Lorraine Caribe,2025-07-04 23:16:40,In Progress > Ready to Homolog > Homolog > QA Approved Hml > Ready To Staging > Staging > QA Approved Staging > Ready for Production > Done,0,1,3.2552,3.2552,3.2552,0,,,
W1NNR-904,W1NNR,Tarefa,9,9,0,0,0,0,0,0,3,Nao,0.6667,Sim,2025-05-12 18:01:04,2025-07-04 23:16:37,53.2191,Lorraine Caribe,2025-07-04 23:16:37,In Progress > Ready to Homolog > Homolog > QA Approved Hml > Ready To Staging > Staging > QA Approved Staging > Ready for Production > Done,0,1,2.8289,2.8289,2.8289,0,,,
W1NNR-905,W1NNR,Tarefa,9,9,0,0,0,0,0,0,3,Nao,0.6667,Sim,2025-05-15 15:51:08,2025-07-04 23:16:39,50.3094,Lorraine Caribe,2025-07-04 23:16:39,In Progress > Ready to Homolog > Homolog > QA Approved Hml > Ready To Staging > Staging > QA Approved Staging > Ready for Production > Done,0,1,1.202,1.202,1.202,0,,,
W1NNR-907,W1NNR,Tarefa,9,9,0,0,0,0,0,0,3,Nao,0.6667,Sim,2025-05-28 18:19:08,2025-07-04 23:16:40,37.2066,Lorraine Caribe,2025-07-04 23:16:40,In Progress > Ready to Homolog > Homolog > QA Approved Hml > Ready To Staging > Staging > QA Approved Staging > Ready for Production > Done,0,1,1.837,1.837,1.837,0,,,
W1NNR-908,W1NNR,Tarefa,9,9,0,0,0,0,0,0,3,Nao,0.6667,Sim,2025-05-19 14:26:04,2025-07-04 23:16:42,46.3685,Lorraine Caribe,2025-07-04 23:16:42,In Progress > Ready to Homolog > Homolog > QA Approved Hml > Ready To Staging > Staging > QA Approved Staging > Ready for Production > Done,0,1,1.2612,1.2612,1.2612,0,,,
W1NNR-909,W1NNR,Tarefa,9,9,0,0,0,0,0,0,3,Nao,0.6667,Sim,2025-05-09 19:58:56,2025-07-04 23:16:43,56.1373,Lorraine Caribe,2025-07-04 23:16:43,In Progress > Ready to Homolog > Homolog > QA Approved Hml > Ready To Staging > Staging > QA Approved Staging > Ready for Production > Done,0,1,0.0001,0.0001,0.0001,0,,,
W1NNR-910,W1NNR,Tarefa,9,9,0,0,0,0,0,0,3,Nao,0.6667,Sim,2025-05-21 19:55:29,2025-07-04 23:16:44,44.1398,Lorraine Caribe,2025-07-04 23:16:44,In Progress > Ready to Homolog > Homolog > QA Approved Hml > Ready To Staging > Staging > QA Approved Staging > Ready for Production > Done,0,1,6.9333,6.9333,6.9333,0,,,
W1NNR-911,W1NNR,Tarefa,9,9,0,0,0,0,0,0,3,Nao,0.6667,Sim,2025-06-03 18:38:11,2025-07-04 23:16:44,31.1934,Lorraine Caribe,2025-07-04 23:16:44,In Progress > Ready to Homolog > Homolog > QA Approved Hml > Ready To Staging > Staging > QA Approved Staging > Ready for Production > Done,0,1,1.0922,1.0922,1.0922,0,,,
W1NNR-912,W1NNR,Tarefa,9,9,0,0,0,0,0,0,3,Nao,0.6667,Sim,2025-05-09 22:58:47,2025-06-22 23:35:21,44.0254,Lorraine Caribe,2025-06-22 23:35:21,In Progress > Ready to Homolog > Homolog > QA Approved Hml > Ready To Staging > Staging > QA Approved Staging > Ready for Production > Done,0,1,0.0115,0.0115,0.0115,0,,,
W1NNR-913,W1NNR,Tarefa,9,9,0,0,0,0,0,0,3,Nao,0.6667,Sim,2025-05-09 23:54:56,2025-06-22 23:35:22,43.9864,Lorraine Caribe,2025-06-22 23:35:22,In Progress > Ready to Homolog > Homolog > QA Approved Hml > Ready To Staging > Staging > QA Approved Staging > Ready for Production > Done,0,1,0.0,0.0,0.0,0,,,
W1NNR-914,W1NNR,Tarefa,9,9,0,0,0,0,0,0,3,Nao,0.6667,Sim,2025-05-10 01:21:51,2025-06-22 23:35:24,43.9261,Lorraine Caribe,2025-06-22 23:35:24,In Progress > Ready to Homolog > Homolog > QA Approved Hml > Ready To Staging > Staging > QA Approved Staging > Ready for Production > Done,0,1,5.751,5.751,5.751,0,,,
W1NNR-928,W1NNR,Tarefa,9,9,0,0,0,0,0,0,3,Nao,0.6667,Sim,2025-05-19 20:39:39,2025-06-02 17:36:41,13.8729,Lorraine Caribe,2025-06-02 17:36:41,In Progress > Ready to Homolog > Homolog > QA Approved Hml > Ready To Staging > Staging > QA Approved Staging > Ready for Production > Done,0,1,1.8933,1.8933,1.8933,0,,,
W1NNR-929,W1NNR,Tarefa,9,9,0,0,0,0,0,0,3,Nao,0.6667,Sim,2025-05-21 18:06:54,2025-06-02 17:36:41,11.979,Lorraine Caribe,2025-06-02 17:36:41,In Progress > Ready to Homolog > Homolog > QA Approved Hml > Ready To Staging > Staging > QA Approved Staging > Ready for Production > Done,0,1,1.9749,1.9749,1.9749,0,,,
W1NNR-930,W1NNR,Tarefa,9,9,0,0,0,0,0,0,3,Nao,0.6667,Sim,2025-05-22 02:03:51,2025-09-03 14:26:58,104.5161,Lara Junqueira Alvarenga,2025-09-03 14:26:58,In Progress > Ready to Homolog > Homolog > QA Approved Hml > Ready To Staging > Staging > QA Approved Staging > Ready for Production > Done,0,1,4.6365,4.6365,4.6365,0,,,
W1NNR-931,W1NNR,Tarefa,9,9,0,0,0,0,0,0,3,Nao,0.6667,Sim,2025-05-22 20:40:03,2025-09-03 14:27:00,103.7409,Lara Junqueira Alvarenga,2025-09-03 14:27:00,In Progress > Ready to Homolog > Homolog > QA Approved Hml > Ready To Staging > Staging > QA Approved Staging > Ready for Production > Done,0,1,3.9953,3.9953,3.9953,0,,,
W1NNR-932,W1NNR,Tarefa,9,9,0,0,0,0,0,0,3,Nao,0.6667,Sim,2025-05-23 20:14:25,2025-09-03 14:25:53,102.758,Lara Junqueira Alvarenga,2025-09-03 14:25:53,In Progress > Ready to Homolog > Homolog > QA Approved Hml > Ready To Staging > Staging > QA Approved Staging > Ready for Production > Done,0,1,3.8941,3.8941,3.8941,0,,,
W1NNR-933,W1NNR,Tarefa,9,9,0,0,0,0,0,0,3,Nao,0.6667,Sim,2025-05-26 20:33:28,2025-09-03 14:25:51,99.7447,Lara Junqueira Alvarenga,2025-09-03 14:25:51,In Progress > Ready to Homolog > Homolog > QA Approved Hml > Ready To Staging > Staging > QA Approved Staging > Ready for Production > Done,0,1,0.9583,0.9583,0.9583,0,,,
W1NNR-934,W1NNR,Tarefa,9,9,0,0,0,0,0,0,3,Nao,0.6667,Sim,2025-06-17 17:17:42,2025-09-03 14:27:14,77.8816,Lara Junqueira Alvarenga,2025-09-03 14:27:14,In Progress > Ready to Homolog > Homolog > QA Approved Hml > Ready To Staging > Staging > QA Approved Staging > Ready for Production > Done,0,1,1.1341,1.1341,1.1341,0,,,
W1NNR-935,W1NNR,Tarefa,9,9,0,0,0,0,0,0,3,Nao,0.6667,Sim,2025-05-27 20:06:58,2025-09-03 14:25:57,98.7632,Lara Junqueira Alvarenga,2025-09-03 14:25:57,In Progress > Ready to Homolog > Homolog > QA Approved Hml > Ready To Staging > Staging > QA Approved Staging > Ready for Production > Done,0,1,2.691,2.691,2.691,0,,,
W1NNR-936,W1NNR,Tarefa,9,9,0,0,0,0,0,0,3,Nao,0.6667,Sim,2025-05-27 18:12:28,2025-09-03 14:26:47,98.8433,Lara Junqueira Alvarenga,2025-09-03 14:26:47,In Progress > Ready to Homolog > Homolog > QA Approved Hml > Ready To Staging > Staging > QA Approved Staging > Ready for Production > Done,0,1,0.8477,0.8477,0.8477,0,,,
W1NNR-937,W1NNR,Tarefa,9,9,0,0,0,0,0,0,3,Nao,0.6667,Sim,2025-05-27 18:21:55,2025-09-03 14:26:57,98.8368,Lara Junqueira Alvarenga,2025-09-03 14:26:57,In Progress > Ready to Homolog > Homolog > QA Approved Hml > Ready To Staging > Staging > QA Approved Staging > Ready for Production > Done,0,1,1.0074,1.0074,1.0074,0,,,
W1NNR-938,W1NNR,Tarefa,9,9,0,0,0,0,0,0,3,Nao,0.6667,Sim,2025-05-28 18:32:34,2025-09-03 14:26:57,97.8294,Lara Junqueira Alvarenga,2025-09-03 14:26:57,In Progress > Ready to Homolog > Homolog > QA Approved Hml > Ready To Staging > Staging > QA Approved Staging > Ready for Production > Done,0,1,14.744,14.744,14.744,0,,,
W1NNR-939,W1NNR,Tarefa,9,9,0,0,0,0,0,0,3,Nao,0.6667,Sim,2025-07-23 13:35:05,2025-09-03 14:28:20,42.037,Lara Junqueira Alvarenga,2025-09-03 14:28:20,In Progress > Ready to Homolog > Homolog > QA Approved Hml > Ready To Staging > Staging > QA Approved Staging > Ready for Production > Done,0,1,1.1889,1.1889,1.1889,0,,,
W1NNR-940,W1NNR,Tarefa,9,9,0,0,0,0,0,0,3,Nao,0.6667,Sim,2025-07-23 13:34:55,2025-09-03 14:28:20,42.0371,Lara Junqueira Alvarenga,2025-09-03 14:28:20,In Progress > Ready to Homolog > Homolog > QA Approved Hml > Ready To Staging > Staging > QA Approved Staging > Ready for Production > Done,0,1,0.0001,0.0001,0.0001,0,,,
W1NNR-941,W1NNR,Tarefa,9,9,0,0,0,0,0,0,3,Nao,0.6667,Sim,2025-07-23 13:35:14,2025-09-03 14:28:20,42.0369,Lara Junqueira Alvarenga,2025-09-03 14:28:20,In Progress > Ready to Homolog > Homolog > QA Approved Hml > Ready To Staging > Staging > QA Approved Staging > Ready for Production > Done,0,1,12.97,12.97,12.97,0,,,
W1NNR-942,W1NNR,Tarefa,9,9,0,0,0,0,0,0,3,Nao,0.6667,Sim,2025-05-29 19:46:14,2025-09-03 14:26:57,96.7783,Lara Junqueira Alvarenga,2025-09-03 14:26:57,In Progress > Ready to Homolog > Homolog > QA Approved Hml > Ready To Staging > Staging > QA Approved Staging > Ready for Production > Done,0,1,18.2553,18.2553,18.2553,0,,,
W1NNR-943,W1NNR,Tarefa,9,9,0,0,0,0,0,0,3,Nao,0.6667,Sim,2025-06-12 12:23:58,2025-09-03 14:26:58,83.0854,Lara Junqueira Alvarenga,2025-09-03 14:26:58,In Progress > Ready to Homolog > Homolog > QA Approved Hml > Ready To Staging > Staging > QA Approved Staging > Ready for Production > Done,0,1,4.5625,4.5625,4.5625,0,,,
W1NNR-944,W1NNR,Tarefa,9,9,0,0,0,0,0,0,3,Nao,0.6667,Sim,2025-06-18 20:30:38,2025-09-03 14:27:15,76.7477,Lara Junqueira Alvarenga,2025-09-03 14:27:15,In Progress > Ready to Homolog > Homolog > QA Approved Hml > Ready To Staging > Staging > QA Approved Staging > Ready for Production > Done,0,1,18.6722,18.6722,18.6722,0,,,
W1NNR-945,W1NNR,Tarefa,9,9,0,0,0,0,0,0,3,Nao,0.6667,Sim,2025-07-07 20:25:45,2025-09-03 14:27:47,57.7514,Lara Junqueira Alvarenga,2025-09-03 14:27:47,In Progress > Ready to Homolog > Homolog > QA Approved Hml > Ready To Staging > Staging > QA Approved Staging > Ready for Production > Done,0,1,35.8938,35.8938,35.8938,0,,,
W1NNR-946,W1NNR,Tarefa,9,9,0,0,0,0,0,0,3,Nao,0.6667,Sim,2025-06-26 00:10:38,2025-09-03 14:27:16,69.5949,Lara Junqueira Alvarenga,2025-09-03 14:27:16,In Progress > Ready to Homolog > Homolog > QA Approved Hml > Ready To Staging > Staging > QA Approved Staging > Ready for Production > Done,0,1,11.5195,11.5195,11.5195,0,,,
W1NNR-947,W1NNR,Tarefa,9,9,0,0,0,0,0,0,3,Nao,0.6667,Sim,2025-07-07 20:25:10,2025-09-03 14:27:47,57.7518,Lara Junqueira Alvarenga,2025-09-03 14:27:47,In Progress > Ready to Homolog > Homolog > QA Approved Hml > Ready To Staging > Staging > QA Approved Staging > Ready for Production > Done,0,1,0.0,0.0,0.0,0,,,
W1NNR-948,W1NNR,Tarefa,9,9,0,0,0,0,0,0,3,Nao,0.6667,Sim,2025-06-17 17:27:40,2025-09-03 14:27:15,77.8747,Lara Junqueira Alvarenga,2025-09-03 14:27:15,In Progress > Ready to Homolog > Homolog > QA Approved Hml > Ready To Staging > Staging > QA Approved Staging > Ready for Production > Done,0,1,1.1278,1.1278,1.1278,0,,,
W1NNR-949,W1NNR,Tarefa,9,9,0,0,0,0,0,0,3,Nao,0.6667,Sim,2025-05-22 18:20:31,2025-09-03 14:26:57,103.8378,Lara Junqueira Alvarenga,2025-09-03 14:26:57,In Progress > Ready to Homolog > Homolog > QA Approved Hml > Ready To Staging > Staging > QA Approved Staging > Ready for Production > Done,0,1,4.9723,4.9723,4.9723,0,,,
W1NNR-950,W1NNR,Tarefa,9,9,0,0,0,0,0,0,3,Nao,0.6667,Sim,2025-06-18 14:45:47,2025-09-03 14:25:55,76.9862,Lara Junqueira Alvarenga,2025-09-03 14:25:55,In Progress > Ready to Homolog > Homolog > QA Approved Hml > Ready To Staging > Staging > QA Approved Staging > Ready for Production > Done,0,1,8.1039,8.1039,8.1039,0,,,
W1NNR-951,W1NNR,Tarefa,9,9,0,0,0,0,0,0,3,Nao,0.6667,Sim,2025-06-17 20:14:35,2025-09-03 14:27:15,77.7588,Lara Junqueira Alvarenga,2025-09-03 14:27:15,In Progress > Ready to Homolog > Homolog > QA Approved Hml > Ready To Staging > Staging > QA Approved Staging > Ready for Production > Done,0,1,6.7107,6.7107,6.7107,0,,,
W1NNR-952,W1NNR,Tarefa,9,9,0,0,0,0,0,0,3,Nao,0.6667,Sim,2025-07-07 19:31:15,2025-09-03 14:27:47,57.7893,Lara Junqueira Alvarenga,2025-09-03 14:27:47,In Progress > Ready to Homolog > Homolog > QA Approved Hml > Ready To Staging > Staging > QA Approved Staging > Ready for Production > Done,0,1,0.7157,0.7157,0.7157,0,,,
W1NNR-953,W1NNR,Tarefa,9,9,0,0,0,0,0,0,3,Nao,0.6667,Sim,2025-06-26 00:10:45,2025-09-03 14:27:15,69.5948,Lara Junqueira Alvarenga,2025-09-03 14:27:15,In Progress > Ready to Homolog > Homolog > QA Approved Hml > Ready To Staging > Staging > QA Approved Staging > Ready for Production > Done,0,1,11.5194,11.5194,11.5194,0,,,
W1NNR-954,W1NNR,Tarefa,9,9,0,0,0,0,0,0,3,Nao,0.6667,Sim,2025-08-12 17:52:55,2025-09-03 14:28:21,21.8579,Lara Junqueira Alvarenga,2025-09-03 14:28:21,In Progress > Ready to Homolog > Homolog > QA Approved Hml > Ready To Staging > Staging > QA Approved Staging > Ready for Production > Done,0,1,8.2664,8.2664,8.2664,0,,,
W1NNR-955,W1NNR,Tarefa,9,9,0,0,0,0,0,0,3,Nao,0.6667,Sim,2025-07-29 19:47:10,2025-09-03 14:28:21,35.7786,Lara Junqueira Alvarenga,2025-09-03 14:28:21,In Progress > Ready to Homolog > Homolog > QA Approved Hml > Ready To Staging > Staging > QA Approved Staging > Ready for Production > Done,0,1,20.9315,20.9315,20.9315,0,,,
W1NNR-961,W1NNR,Tarefa,9,9,0,0,0,0,0,0,3,Nao,0.6667,Sim,2025-05-22 18:58:17,2025-09-03 14:26:09,103.811,Lara Junqueira Alvarenga,2025-09-03 14:26:09,In Progress > Ready to Homolog > Homolog > QA Approved Hml > Ready To Staging > Staging > QA Approved Staging > Ready for Production > Done,0,1,13.0034,13.0034,13.0034,0,,,
W1NNR-962,W1NNR,Tarefa,9,9,0,0,0,0,0,0,3,Nao,0.6667,Sim,2025-06-24 18:37:11,2025-09-03 14:27:33,70.8266,Lara Junqueira Alvarenga,2025-09-03 14:27:33,In Progress > Ready to Homolog > Homolog > QA Approved Hml > Ready To Staging > Staging > QA Approved Staging > Ready for Production > Done,0,1,8.7546,8.7546,8.7546,0,,,
W1NNR-963,W1NNR,Tarefa,9,9,0,0,0,0,0,0,3,Nao,0.6667,Sim,2025-06-12 19:20:46,2025-09-03 14:27:13,82.7961,Lara Junqueira Alvarenga,2025-09-03 14:27:13,In Progress > Ready to Homolog > Homolog > QA Approved Hml > Ready To Staging > Staging > QA Approved Staging > Ready for Production > Done,0,1,3.9064,3.9064,3.9064,0,,,
W1NNR-964,W1NNR,Tarefa,9,9,0,0,0,0,0,0,3,Nao,0.6667,Sim,2025-05-26 21:00:01,2025-09-03 14:26:11,99.7265,Lara Junqueira Alvarenga,2025-09-03 14:26:11,In Progress > Ready to Homolog > Homolog > QA Approved Hml > Ready To Staging > Staging > QA Approved Staging > Ready for Production > Done,0,1,8.9186,8.9186,8.9186,0,,,
W1NNR-965,W1NNR,Tarefa,9,9,0,0,0,0,0,0,3,Nao,0.6667,Sim,2025-05-27 19:44:00,2025-09-03 14:26:13,98.7793,Lara Junqueira Alvarenga,2025-09-03 14:26:13,In Progress > Ready to Homolog > Homolog > QA Approved Hml > Ready To Staging > Staging > QA Approved Staging > Ready for Production > Done,0,1,7.978,7.978,7.978,0,,,
W1NNR-966,W1NNR,Tarefa,9,9,0,0,0,0,0,0,3,Nao,0.6667,Sim,2025-07-03 21:20:32,2025-09-03 14:27:34,61.7132,Lara Junqueira Alvarenga,2025-09-03 14:27:34,In Progress > Ready to Homolog > Homolog > QA Approved Hml > Ready To Staging > Staging > QA Approved Staging > Ready for Production > Done,0,1,3.8618,3.8618,3.8618,0,,,
W1NNR-967,W1NNR,Tarefa,9,9,0,0,0,0,0,0,3,Nao,0.6667,Sim,2025-07-30 18:01:38,2025-09-03 14:28:21,34.8519,Lara Junqueira Alvarenga,2025-09-03 14:28:21,In Progress > Ready to Homolog > Homolog > QA Approved Hml > Ready To Staging > Staging > QA Approved Staging > Ready for Production > Done,0,1,2.0041,2.0041,2.0041,0,,,
W1NNR-968,W1NNR,Tarefa,9,9,0,0,0,0,0,0,3,Nao,0.6667,Sim,2025-06-13 18:13:28,2025-09-03 14:27:14,81.8429,Lara Junqueira Alvarenga,2025-09-03 14:27:14,In Progress > Ready to Homolog > Homolog > QA Approved Hml > Ready To Staging > Staging > QA Approved Staging > Ready for Production > Done,0,1,11.0108,11.0108,11.0108,0,,,
W1NNR-969,W1NNR,Tarefa,9,9,0,0,0,0,0,0,3,Nao,0.6667,Sim,2025-06-10 18:15:53,2025-09-03 14:26:15,84.8405,Lara Junqueira Alvarenga,2025-09-03 14:26:15,In Progress > Ready to Homolog > Homolog > QA Approved Hml > Ready To Staging > Staging > QA Approved Staging > Ready for Production > Done,0,1,1.0204,1.0204,1.0204,0,,,
W1NNR-970,W1NNR,Tarefa,9,9,0,0,0,0,0,0,3,Nao,0.6667,Sim,2025-06-03 20:16:15,2025-09-03 14:26:16,91.757,Lara Junqueira Alvarenga,2025-09-03 14:26:16,In Progress > Ready to Homolog > Homolog > QA Approved Hml > Ready To Staging > Staging > QA Approved Staging > Ready for Production > Done,0,1,8.9496,8.9496,8.9496,0,,,
W1NNR-971,W1NNR,Tarefa,9,9,0,0,0,0,0,0,3,Nao,0.6667,Sim,2025-07-01 17:59:56,2025-09-03 14:27:34,63.8525,Lara Junqueira Alvarenga,2025-09-03 14:27:34,In Progress > Ready to Homolog > Homolog > QA Approved Hml > Ready To Staging > Staging > QA Approved Staging > Ready for Production > Done,0,1,3.0273,3.0273,3.0273,0,,,
W1NNR-972,W1NNR,Tarefa,9,9,0,0,0,0,0,0,3,Nao,0.6667,Sim,2025-07-04 18:39:27,2025-09-03 14:27:34,60.8251,Lara Junqueira Alvarenga,2025-09-03 14:27:34,In Progress > Ready to Homolog > Homolog > QA Approved Hml > Ready To Staging > Staging > QA Approved Staging > Ready for Production > Done,0,1,4.0135,4.0135,4.0135,0,,,
W1NNR-973,W1NNR,Tarefa,9,9,0,0,0,0,0,0,3,Nao,0.6667,Sim,2025-07-17 18:55:44,2025-09-03 14:28:27,47.8144,Lara Junqueira Alvarenga,2025-09-03 14:28:27,In Progress > Ready to Homolog > Homolog > QA Approved Hml > Ready To Staging > Staging > QA Approved Staging > Ready for Production > Done,0,1,7.7381,7.7381,7.7381,0,,,
W1NNR-974,W1NNR,Tarefa,9,9,0,0,0,0,0,0,3,Nao,0.6667,Sim,2025-06-05 01:36:57,2025-09-03 14:26:17,90.5343,Lara Junqueira Alvarenga,2025-09-03 14:26:17,In Progress > Ready to Homolog > Homolog > QA Approved Hml > Ready To Staging > Staging > QA Approved Staging > Ready for Production > Done,0,1,6.6709,6.6709,6.6709,0,,,
W1NNR-975,W1NNR,Tarefa,9,9,0,0,0,0,0,0,3,Nao,0.6667,Sim,2025-07-23 19:42:17,2025-09-03 14:28:28,41.7821,Lara Junqueira Alvarenga,2025-09-03 14:28:28,In Progress > Ready to Homolog > Homolog > QA Approved Hml > Ready To Staging > Staging > QA Approved Staging > Ready for Production > Done,0,1,7.9207,7.9207,7.9207,0,,,
W1NNR-976,W1NNR,Tarefa,9,9,0,0,0,0,0,0,3,Nao,0.6667,Sim,2025-06-04 19:12:37,2025-09-03 14:26:18,90.8012,Lara Junqueira Alvarenga,2025-09-03 14:26:18,In Progress > Ready to Homolog > Homolog > QA Approved Hml > Ready To Staging > Staging > QA Approved Staging > Ready for Production > Done,0,1,5.8222,5.8222,5.8222,0,,,
W1NNR-977,W1NNR,Tarefa,9,9,0,0,0,0,0,0,3,Nao,0.6667,Sim,2025-06-17 12:53:29,2025-09-03 14:27:14,78.0651,Lara Junqueira Alvarenga,2025-09-03 14:27:14,In Progress > Ready to Homolog > Homolog > QA Approved Hml > Ready To Staging > Staging > QA Approved Staging > Ready for Production > Done,0,1,7.233,7.233,7.233,0,,,
W1NNR-978,W1NNR,Tarefa,9,9,0,0,0,0,0,0,3,Nao,0.6667,Sim,2025-07-07 18:01:35,2025-09-03 14:27:34,57.8514,Lara Junqueira Alvarenga,2025-09-03 14:27:34,In Progress > Ready to Homolog > Homolog > QA Approved Hml > Ready To Staging > Staging > QA Approved Staging > Ready for Production > Done,0,1,2.0279,2.0279,2.0279,0,,,
W1NNR-979,W1NNR,Tarefa,9,9,0,0,0,0,0,0,3,Nao,0.6667,Sim,2025-06-17 02:40:54,2025-09-03 14:27:14,78.4905,Lara Junqueira Alvarenga,2025-09-03 14:27:14,In Progress > Ready to Homolog > Homolog > QA Approved Hml > Ready To Staging > Staging > QA Approved Staging > Ready for Production > Done,0,1,7.6584,7.6584,7.6584,0,,,
W1NNR-980,W1NNR,Tarefa,9,9,0,0,0,0,0,0,3,Nao,0.6667,Sim,2025-07-08 22:01:59,2025-09-03 14:27:34,56.6844,Lara Junqueira Alvarenga,2025-09-03 14:27:34,In Progress > Ready to Homolog > Homolog > QA Approved Hml > Ready To Staging > Staging > QA Approved Staging > Ready for Production > Done,0,1,2.8206,2.8206,2.8206,0,,,
W1NNR-981,W1NNR,Tarefa,9,9,0,0,0,0,0,0,3,Nao,0.6667,Sim,2025-08-04 18:01:55,2025-09-03 14:28:28,29.8518,Lara Junqueira Alvarenga,2025-09-03 14:28:28,In Progress > Ready to Homolog > Homolog > QA Approved Hml > Ready To Staging > Staging > QA Approved Staging > Ready for Production > Done,0,1,17.1225,17.1225,17.1225,0,,,
W1NNR-982,W1NNR,Tarefa,9,9,0,0,0,0,0,0,3,Nao,0.6667,Sim,2025-05-21 17:53:32,2025-09-03 14:26:19,104.8561,Lara Junqueira Alvarenga,2025-09-03 14:26:19,In Progress > Ready to Homolog > Homolog > QA Approved Hml > Ready To Staging > Staging > QA Approved Staging > Ready for Production > Done,0,1,6.0542,6.0542,6.0542,0,,,
W1NNR-984,W1NNR,Tarefa,9,9,0,0,0,0,0,0,3,Nao,0.6667,Sim,2025-05-21 19:00:03,2025-09-03 14:26:58,104.8104,Lara Junqueira Alvarenga,2025-09-03 14:26:58,In Progress > Ready to Homolog > Homolog > QA Approved Hml > Ready To Staging > Staging > QA Approved Staging > Ready for Production > Done,0,1,1.0696,1.0696,1.0696,0,,,
W1NNR-988,W1NNR,Tarefa,9,9,0,0,0,0,0,0,3,Nao,0.6667,Sim,2025-05-22 18:40:04,2025-06-02 17:36:42,10.956,Lorraine Caribe,2025-06-02 17:36:42,In Progress > Ready to Homolog > Homolog > QA Approved Hml > Ready To Staging > Staging > QA Approved Staging > Ready for Production > Done,0,1,0.9519,0.9519,0.9519,0,,,
W1NNR-992,W1NNR,Tarefa,9,9,0,0,0,0,0,0,3,Nao,0.6667,Sim,2025-05-27 22:59:31,2025-06-22 23:35:14,26.0248,Lorraine Caribe,2025-06-22 23:35:14,In Progress > Ready to Homolog > Homolog > QA Approved Hml > Ready To Staging > Staging > QA Approved Staging > Ready for Production > Done,0,1,0.0,0.0,0.0,0,,,
W1NNR-993,W1NNR,Tarefa,9,9,0,0,0,0,0,0,3,Nao,0.6667,Sim,2025-05-27 22:27:05,2025-06-02 17:36:09,5.798,Lorraine Caribe,2025-06-02 17:36:09,In Progress > Ready to Homolog > Homolog > QA Approved Hml > Ready To Staging > Staging > QA Approved Staging > Ready for Production > Done,0,1,0.0,0.0,0.0,0,,,
W1NNR-996,W1NNR,Tarefa,9,9,0,0,0,0,0,0,3,Nao,0.6667,Sim,2025-05-28 18:20:21,2025-06-02 17:36:33,4.9696,Lorraine Caribe,2025-06-02 17:36:33,In Progress > Ready to Homolog > Homolog > QA Approved Hml > Ready To Staging > Staging > QA Approved Staging > Ready for Production > Done,0,1,1.9705,1.9705,1.9705,0,,,
W1NNR-998,W1NNR,Tarefa,9,9,0,0,0,0,0,0,3,Nao,0.6667,Sim,2025-05-29 17:42:11,2025-06-02 17:36:33,3.9961,Lorraine Caribe,2025-06-02 17:36:33,In Progress > Ready to Homolog > Homolog > QA Approved Hml > Ready To Staging > Staging > QA Approved Staging > Ready for Production > Done,0,1,0.982,0.982,0.982,0,,,
W1NNR-613,W1NNR,Tarefa,5,5,0,0,0,1,0,0,1,Nao,0.7,Sim,2025-02-27 20:17:21,2025-03-11 12:42:32,11.6842,Lorraine Caribe,2025-03-11 12:42:32,In Progress > Ready To Staging > Staging > Ready for Production > Done,0,1,1.0159,1.0159,1.0159,0,,,
W1NNR-614,W1NNR,Tarefa,5,5,0,0,0,1,0,0,1,Nao,0.7,Sim,2025-02-27 20:18:20,2025-03-11 12:42:30,11.6834,Lorraine Caribe,2025-03-11 12:42:30,In Progress > Ready To Staging > Staging > Ready for Production > Done,0,1,7.0045,7.0045,7.0045,0,,,
W1NNR-615,W1NNR,Tarefa,5,5,0,0,0,1,0,0,1,Nao,0.7,Sim,2025-02-27 12:40:38,2025-03-11 12:42:28,12.0013,Lorraine Caribe,2025-03-11 12:42:28,In Progress > Ready To Staging > Staging > Ready for Production > Done,0,1,0.245,0.245,0.245,0,,,
W1NNR-616,W1NNR,Tarefa,5,5,0,0,0,1,0,0,1,Nao,0.7,Sim,2025-03-07 13:02:02,2025-03-11 12:42:25,3.9864,Lorraine Caribe,2025-03-11 12:42:25,In Progress > Ready To Staging > Staging > Ready for Production > Done,0,1,0.349,0.349,0.349,0,,,
W1NNR-618,W1NNR,Tarefa,5,5,0,0,0,1,0,0,1,Nao,0.7,Sim,2025-02-28 20:40:22,2025-03-11 12:42:23,10.6681,Lorraine Caribe,2025-03-11 12:42:23,In Progress > Ready To Staging > Staging > Ready for Production > Done,0,1,0.0001,0.0001,0.0001,0,,,
W1NNR-619,W1NNR,Tarefa,5,5,0,0,0,1,0,0,1,Nao,0.7,Sim,2025-02-28 22:14:33,2025-03-11 12:42:17,10.6026,Lorraine Caribe,2025-03-11 12:42:17,In Progress > Ready To Staging > Staging > Ready for Production > Done,0,1,5.9239,5.9239,5.9239,0,,,
W1NNR-178,W1NNR,Tarefa,2,2,0,0,0,1,0,0,0,Sim,0.75,Sim,2024-08-22 15:45:22,2024-08-29 11:43:33,6.8321,Lorraine Caribe,2024-08-29 11:43:33,In Progress > Done,0,1,6.8321,6.8321,6.8321,0,,,
W1NNR-231,W1NNR,Tarefa,4,4,0,0,0,2,0,0,0,Sim,0.75,Sim,2024-10-31 13:01:21,2024-11-27 22:22:31,27.3897,Lorraine Caribe,2024-11-27 22:22:31,In Progress > In Staging > Ready for Production > Done,0,1,13.3225,13.3225,13.3225,0,,,
W1NNR-232,W1NNR,Tarefa,4,4,0,0,0,2,0,0,0,Sim,0.75,Sim,2024-10-31 13:01:16,2024-11-27 22:22:40,27.3899,Lorraine Caribe,2024-11-27 22:22:40,In Progress > In Staging > Ready for Production > Done,0,1,13.3225,13.3225,13.3225,0,,,
W1NNR-233,W1NNR,Tarefa,4,4,0,0,0,2,0,0,0,Sim,0.75,Sim,2024-11-04 21:08:36,2024-11-27 22:22:37,23.0514,Lorraine Caribe,2024-11-27 22:22:37,In Progress > In Staging > Ready for Production > Done,0,1,8.9841,8.9841,8.9841,0,,,
W1NNR-234,W1NNR,Tarefa,4,4,0,0,0,2,0,0,0,Sim,0.75,Sim,2024-11-04 21:08:18,2024-11-27 22:22:44,23.0517,Lorraine Caribe,2024-11-27 22:22:44,In Progress > In Staging > Ready for Production > Done,0,1,8.9842,8.9842,8.9842,0,,,
W1NNR-483,W1NNR,Tarefa,4,4,0,0,0,2,0,0,0,Sim,0.75,Sim,2024-11-05 17:29:12,2024-11-06 12:53:55,0.8088,Lara Junqueira Alvarenga,2024-11-06 12:53:55,In Progress > Ready To Staging > In Staging > Done,0,1,0.1236,0.1236,0.1236,0,,,
W1NNR-60,W1NNR,Tarefa,6,6,0,0,0,1,0,0,1,Nao,0.75,Sim,2024-07-03 19:53:54,2024-08-01 14:12:53,28.7632,Lorraine Caribe,2024-08-01 14:12:53,In Progress > Ready for Staging > Ready To Staging > In Staging > Ready for Production > Done,0,1,12.7202,12.7202,12.7202,0,,,
W1NNR-872,W1NNR,Tarefa,6,6,0,0,0,1,0,0,1,Nao,0.75,Sim,2025-04-23 17:49:16,2025-06-02 17:36:30,39.9911,Lorraine Caribe,2025-06-02 17:36:30,In Progress > Ready To Staging > Staging > QA Approved Staging > Ready for Production > Done,0,1,0.0476,0.0476,0.0476,0,,,
W1NNR-873,W1NNR,Tarefa,6,6,0,0,0,1,0,0,1,Nao,0.75,Sim,2025-04-23 19:54:43,2025-06-02 17:36:28,39.904,Lorraine Caribe,2025-06-02 17:36:28,In Progress > Ready To Staging > Staging > QA Approved Staging > Ready for Production > Done,0,1,1.0444,1.0444,1.0444,0,,,
W1NNR-875,W1NNR,Tarefa,6,6,0,0,0,1,0,0,1,Nao,0.75,Sim,2025-05-05 17:56:14,2025-06-02 17:36:29,27.9863,Lorraine Caribe,2025-06-02 17:36:29,In Progress > Ready To Staging > Staging > QA Approved Staging > Ready for Production > Done,0,1,1.045,1.045,1.045,0,,,
W1NNR-876,W1NNR,Tarefa,6,6,0,0,0,1,0,0,1,Nao,0.75,Sim,2025-04-23 18:58:53,2025-06-02 17:36:31,39.9428,Lorraine Caribe,2025-06-02 17:36:31,In Progress > Ready To Staging > Staging > QA Approved Staging > Ready for Production > Done,0,1,5.8061,5.8061,5.8061,0,,,
W1NNR-880,W1NNR,Tarefa,6,6,0,0,0,1,0,0,1,Nao,0.75,Sim,2025-04-29 14:19:57,2025-06-02 17:36:30,34.1365,Lorraine Caribe,2025-06-02 17:36:30,In Progress > Ready To Staging > Staging > QA Approved Staging > Ready for Production > Done,0,1,6.1501,6.1501,6.1501,0,,,
W1NNR-923,W1NNR,Tarefa,2,2,0,0,0,1,0,0,0,Sim,0.75,Sim,2025-05-14 21:43:10,2026-02-11 17:56:47,272.8428,Lara Junqueira Alvarenga,2026-02-11 17:56:47,In Progress > Done,0,1,272.8428,272.8428,272.8428,0,,,
W1NNR-105,W1NNR,Tarefa,5,5,0,0,0,2,0,0,0,Sim,0.8,Sim,2024-08-09 13:03:35,2024-08-27 12:53:35,17.9931,Eder Afonso,2024-08-27 12:53:35,In Progress > Ready To Staging > In Staging > Ready for Production > Done,0,1,13.2863,13.2863,13.2863,0,,,
W1NNR-108,W1NNR,Tarefa,5,5,0,0,0,2,0,0,0,Sim,0.8,Sim,2024-08-09 13:03:54,2024-08-27 12:53:51,17.993,Eder Afonso,2024-08-27 12:53:51,In Progress > Ready To Staging > In Staging > Ready for Production > Done,0,1,17.9929,17.9929,17.9929,0,,,
W1NNR-227,W1NNR,Tarefa,5,5,0,0,0,2,0,0,0,Sim,0.8,Sim,2024-10-09 21:05:38,2024-11-06 13:02:22,27.6644,Lara Junqueira Alvarenga,2024-11-06 13:02:22,In Progress > Ready To Staging > In Staging > Ready for Production > Done,0,1,11.6436,11.6436,11.6436,0,,,
W1NNR-236,W1NNR,Tarefa,5,5,0,0,0,2,0,0,0,Sim,0.8,Sim,2024-11-12 13:21:20,2024-12-23 23:12:03,41.4102,Lorraine Caribe,2024-12-23 23:12:03,In Progress > Ready To Staging > In Staging > Ready for Production > Done,0,1,8.0001,8.0001,8.0001,0,,,
W1NNR-237,W1NNR,Tarefa,5,5,0,0,0,2,0,0,0,Sim,0.8,Sim,2024-11-12 13:21:25,2024-12-23 23:12:04,41.4102,Lorraine Caribe,2024-12-23 23:12:04,In Progress > Ready To Staging > In Staging > Ready for Production > Done,0,1,8.0,8.0,8.0,0,,,
W1NNR-238,W1NNR,Tarefa,5,5,0,0,0,2,0,0,0,Sim,0.8,Sim,2024-11-12 13:21:31,2024-12-23 23:12:04,41.4101,Lorraine Caribe,2024-12-23 23:12:04,In Progress > Ready To Staging > In Staging > Ready for Production > Done,0,1,8.0,8.0,8.0,0,,,
W1NNR-239,W1NNR,Tarefa,5,5,0,0,0,2,0,0,0,Sim,0.8,Sim,2024-11-12 13:21:36,2024-12-23 23:12:04,41.41,Lorraine Caribe,2024-12-23 23:12:04,In Progress > Ready To Staging > In Staging > Ready for Production > Done,0,1,7.9999,7.9999,7.9999,0,,,
W1NNR-240,W1NNR,Tarefa,5,5,0,0,0,2,0,0,0,Sim,0.8,Sim,2024-11-12 13:21:42,2024-12-23 23:12:04,41.41,Lorraine Caribe,2024-12-23 23:12:04,In Progress > Ready To Staging > In Staging > Ready for Production > Done,0,1,7.9999,7.9999,7.9999,0,,,
W1NNR-385,W1NNR,Tarefa,5,5,0,0,0,2,0,0,0,Sim,0.8,Sim,2024-11-20 13:09:05,2025-01-27 19:19:41,68.2574,Lorraine Caribe,2025-01-27 19:19:41,In Progress > Ready To Staging > In Staging > Ready for Production > Done,0,1,56.9789,56.9789,56.9789,0,,,
W1NNR-386,W1NNR,Tarefa,5,5,0,0,0,2,0,0,0,Sim,0.8,Sim,2024-11-25 12:24:08,2025-01-27 19:19:42,63.2886,Lorraine Caribe,2025-01-27 19:19:42,In Progress > Ready To Staging > In Staging > Ready for Production > Done,0,1,52.0101,52.0101,52.0101,0,,,
W1NNR-73,W1NNR,Tarefa,5,5,0,0,0,2,0,0,0,Sim,0.8,Sim,2024-07-23 12:03:47,2024-08-01 14:12:53,9.0897,Lorraine Caribe,2024-08-01 14:12:53,In Progress > Ready To Staging > In Staging > Ready for Production > Done,0,1,6.3013,6.3013,6.3013,0,,,
W1NNR-76,W1NNR,Tarefa,5,5,0,0,0,2,0,0,0,Sim,0.8,Sim,2024-07-25 18:22:35,2024-08-01 14:12:53,6.8266,Lorraine Caribe,2024-08-01 14:12:53,In Progress > Ready To Staging > In Staging > Ready for Production > Done,0,1,0.2408,0.2408,0.2408,0,,,
W1NNR-80,W1NNR,Tarefa,5,5,0,0,0,2,0,0,0,Sim,0.8,Sim,2024-07-30 21:55:21,2024-08-01 14:12:51,1.6788,Lorraine Caribe,2024-08-01 14:12:51,In Progress > Ready To Staging > In Staging > Ready for Production > Done,0,1,0.002,0.002,0.002,0,,,
W1NNR-387,W1NNR,Tarefa,3,3,0,0,0,1,0,0,0,Sim,0.8333,Sim,2024-11-25 12:24:31,2025-01-27 19:19:43,63.2883,Lorraine Caribe,2025-01-27 19:19:43,In Progress > Ready for Production > Done,0,1,63.2879,63.2879,63.2879,0,,,
W1NNR-396,W1NNR,Tarefa,3,3,0,0,0,1,0,0,0,Sim,0.8333,Sim,2024-11-20 14:00:15,2025-01-27 19:19:44,68.2219,Lorraine Caribe,2025-01-27 19:19:44,In Progress > Ready for Production > Done,0,1,61.0021,61.0021,61.0021,0,,,
W1NNR-730,W1NNR,Tarefa,3,3,0,0,0,1,0,0,0,Sim,0.8333,Sim,2025-03-21 17:49:00,2025-04-02 13:01:31,11.8004,Lorraine Caribe,2025-04-02 13:01:31,In Progress > Ready for Production > Done,0,1,11.4168,11.4168,11.4168,0,,,
W1NNR-1064,W1NNR,Tarefa,1,1,0,0,0,0,0,0,0,Sim,1.0,Sim,2026-02-11 17:55:00,2026-02-11 17:55:00,0.0,Lara Junqueira Alvarenga,2026-02-11 17:55:00,Done,0,0,,,,0,,,
W1NNR-2205,W1NNR,Problema,1,1,0,0,0,0,0,0,0,Sim,1.0,Sim,2026-03-18 18:55:59,2026-03-18 18:55:59,0.0,João Pedro Gomes da Silva,2026-03-18 18:55:59,Done,0,0,,,,0,,,
W1NNR-2250,W1NNR,Problema,1,1,0,0,0,0,0,0,0,Sim,1.0,Sim,2026-03-18 17:56:44,2026-03-18 17:56:44,0.0,João Pedro Gomes da Silva,2026-03-18 17:56:44,Done,0,0,,,,0,,,
W1NNR-2251,W1NNR,Problema,1,1,0,0,0,0,0,0,0,Sim,1.0,Sim,2026-03-18 17:38:19,2026-03-18 17:38:19,0.0,João Pedro Gomes da Silva,2026-03-18 17:38:19,Done,0,0,,,,0,,,
W1NNR-2252,W1NNR,Problema,1,1,0,0,0,0,0,0,0,Sim,1.0,Sim,2026-03-18 17:01:07,2026-03-18 17:01:07,0.0,João Pedro Gomes da Silva,2026-03-18 17:01:07,Done,0,0,,,,0,,,
W1NNR-2319,W1NNR,User Story,1,1,0,0,0,0,0,0,0,Sim,1.0,Sim,2026-04-02 13:54:09,2026-04-02 13:54:09,0.0,Marielle Freire,2026-04-02 13:54:09,Done,0,0,,,,0,,,
W1NNR-2322,W1NNR,Problema,1,1,0,0,0,0,0,0,0,Sim,1.0,Sim,2026-04-01 15:29:07,2026-04-01 15:29:07,0.0,João Pedro Gomes da Silva,2026-04-01 15:29:07,Done,0,0,,,,0,,,
W1NNR-2378,W1NNR,Problema,1,1,0,0,0,0,0,0,0,Sim,1.0,Sim,2026-04-17 21:35:48,2026-04-17 21:35:48,0.0,João Pedro Gomes da Silva,2026-04-17 21:35:48,Done,0,0,,,,0,,,
W1NNR-28,W1NNR,Problema,1,1,0,0,0,0,0,0,0,Sim,1.0,Sim,2024-05-16 00:21:24,2024-05-16 00:21:24,0.0,Eder Afonso,2024-05-16 00:21:24,Done,0,0,,,,0,,,
W1NNR-307,W1NNR,Problema,1,1,0,0,0,0,0,0,0,Sim,1.0,Sim,2024-09-27 22:32:32,2024-09-27 22:32:32,0.0,Eder Afonso,2024-09-27 22:32:32,Done,0,0,,,,0,,,
W1NNR-691,W1NNR,Problema,1,1,0,0,0,0,0,0,0,Sim,1.0,Sim,2025-03-14 23:04:58,2025-03-14 23:04:58,0.0,Lorraine Caribe,2025-03-14 23:04:58,Done,0,0,,,,0,,,
